Altitude,latitude,longitude,Date,Time,MCC,MNC,PCI,EARFCN,CellID,LAC,RSRP,RSRQ,RSSI,SINR,NB1_EARFCN,NB1_PCI,NB1_RSRQ,NB1_RSRP,NB1_RSSI,NB2_EARFCN,NB2_PCI,NB2_RSRQ,NB2_RSRP,NB2_RSSI,NB3_EARFCN,NB3_PCI,NB3_RSRQ,NB3_RSRP,NB3_RSSI,NB4_EARFCN,NB4_PCI,NB4_RSRQ,NB4_RSRP,NB4_RSSI,NB5_EARFCN,NB5_PCI,NB5_RSRQ,NB5_RSRP,NB5_RSSI,NB6_EARFCN,NB6_PCI,NB6_RSRQ,NB6_RSRP,NB6_RSSI,NB7_EARFCN,NB7_PCI,NB7_RSRQ,NB7_RSRP,NB7_RSSI,NB8_EARFCN,NB8_PCI,NB8_RSRQ,NB8_RSRP,NB8_RSSI,NB9_EARFCN,NB9_PCI,NB9_RSRQ,NB9_RSRP,NB9_RSSI,NB10_EARFCN,NB10_PCI,NB10_RSRQ,NB10_RSRP,NB10_RSSI
250,38.915643116666665,-95.31776005,2025/Sep/04,15:49:32,311,480,203,2300,216253.32,55302,-101,-17,-63,10,2300,203,-17,-101,-65,2300,386,-15,-102,-78,2300,332,-18,-108,-78,2300,476,-20,-116,-78,
250,38.915643116666665,-95.31776006666666,2025/Sep/04,15:49:33,311,480,203,2300,216253.32,55302,-101,-14,-66,9,2300,203,-13,-101,-68,2300,386,-14,-103,-81,2300,332,-15,-106,-81,
250,38.915643116666665,-95.31776005,2025/Sep/04,15:49:34,311,480,203,2300,216253.32,55302,-101,-13,-67,10,2300,203,-13,-101,-66,2300,386,-14,-103,-82,2300,332,-14,-106,-82,
250,38.915643116666665,-95.31776005,2025/Sep/04,15:49:35,311,480,203,2300,216253.32,55302,-101,-16,-62,10,2300,203,-17,-101,-63,2300,386,-17,-103,-78,2300,332,-18,-106,-78,
250,38.9156431,-95.31776005,2025/Sep/04,15:49:36,311,480,203,2300,216253.32,55302,-101,-16,-64,11,2300,203,-15,-101,-69,2300,386,-14,-102,-80,2300,332,-17,-107,-80,
250,38.915643116666665,-95.31776003333333,2025/Sep/04,15:49:37,311,480,203,2300,216253.32,55302,-101,-16,-62,9,2300,203,-17,-101,-64,2300,386,-16,-102,-78,2300,332,-18,-106,-78,
250,38.91564313333333,-95.31776006666666,2025/Sep/04,15:49:38,311,480,203,2300,216253.32,55302,-101,-16,-66,10,2300,203,-15,-101,-67,2300,386,-14,-102,-81,2300,332,-16,-106,-80,
250,38.91564313333333,-95.31776006666666,2025/Sep/04,15:49:39,311,480,203,2300,216253.32,55302,-101,-14,-63,10,2300,203,-15,-101,-65,2300,386,-15,-102,-80,2300,332,-18,-107,-79,
250,38.91564313333333,-95.31776005,2025/Sep/04,15:49:40,311,480,203,2300,216253.32,55302,-102,-13,-69,10,2300,203,-13,-102,-66,2300,386,-13,-101,-79,2300,332,-16,-106,-80,2300,374,-20,-112,-80,
250,38.91564315,-95.31776003333333,2025/Sep/04,15:49:42,311,480,203,2300,216253.32,55302,-101,-14,-63,10,2300,203,-15,-102,-67,2300,386,-15,-103,-79,2300,332,-17,-105,-79,
250,38.91564315,-95.31776003333333,2025/Sep/04,15:49:43,311,480,203,2300,216253.32,55302,-101,-15,-68,10,2300,203,-14,-102,-70,2300,386,-13,-101,-79,2300,332,-16,-106,-79,
250,38.91564315,-95.31776003333333,2025/Sep/04,15:49:44,311,480,203,2300,216253.32,55302,-102,-16,-62,10,2300,203,-13,-102,-69,2300,386,-14,-103,-78,2300,332,-16,-107,-78,2300,202,-20,-112,-79,
250,38.915643116666665,-95.31776005,2025/Sep/04,15:49:47,311,480,203,2300,216253.32,55302,-102,-13,-70,10,2300,203,-15,-102,-64,2300,386,-16,-104,-79,2300,332,-19,-107,-78,2300,202,-20,-112,-79,2300,264,-20,-115,-79,2300,212,-20,-117,-79,
250,38.915643116666665,-95.31776001666667,2025/Sep/04,15:49:48,311,480,203,2300,216253.32,55302,-102,-17,-63,11,2300,203,-15,-102,-69,2300,386,-15,-104,-82,2300,332,-18,-107,-82,2300,202,-20,-111,-82,2300,212,-20,-117,-82,
250,38.9156431,-95.31776003333333,2025/Sep/04,15:49:49,311,480,203,2300,216253.32,55302,-101,-15,-69,10,2300,203,-15,-101,-67,2300,386,-14,-102,-79,2300,332,-19,-108,-79,2300,212,-20,-115,-80,
250,38.91564306666667,-95.31776005,2025/Sep/04,15:49:50,311,480,203,2300,216253.32,55302,-101,-16,-67,11,2300,203,-15,-102,-64,2300,386,-14,-101,-81,2300,332,-18,-108,-80,
250,38.915643083333336,-95.31776005,2025/Sep/04,15:49:51,311,480,203,2300,216253.32,55302,-101,-14,-66,10,2300,203,-17,-101,-63,2300,386,-15,-101,-78,2300,332,-18,-106,-78,
250,38.915643083333336,-95.31776003333333,2025/Sep/04,15:49:53,311,480,203,2300,216253.32,55302,-101,-15,-69,10,2300,203,-14,-101,-68,2300,386,-13,-102,-80,2300,332,-18,-108,-80,
250,38.91564306666667,-95.31776003333333,2025/Sep/04,15:49:54,311,480,203,2300,216253.32,55302,-102,-13,-69,10,2300,203,-13,-102,-67,2300,386,-14,-104,-81,2300,332,-17,-108,-81,2300,419,-20,-119,-80,
250,38.91564306666667,-95.31776003333333,2025/Sep/04,15:49:55,311,480,203,2300,216253.32,55302,-101,-13,-69,10,2300,203,-14,-101,-69,2300,386,-15,-103,-79,2300,332,-19,-108,-79,
250,38.91564305,-95.31776,2025/Sep/04,15:49:56,311,480,203,2300,216253.32,55302,-102,-14,-68,10,2300,203,-14,-102,-69,2300,386,-13,-102,-81,2300,332,-18,-107,-81,2300,212,-20,-119,-81,
250,38.91564306666667,-95.31775998333333,2025/Sep/04,15:49:57,311,480,203,2300,216253.32,55302,-101,-13,-68,11,2300,203,-13,-101,-68,2300,386,-13,-102,-82,2300,332,-18,-107,-82,2300,212,-20,-114,-81,
250,38.91564306666667,-95.31775998333333,2025/Sep/04,15:49:58,311,480,203,2300,216253.32,55302,-101,-13,-68,10,2300,203,-14,-101,-63,2300,386,-13,-102,-81,2300,332,-19,-108,-82,2300,212,-20,-113,-82,2300,289,-20,-118,-82,
250,38.91564306666667,-95.31775998333333,2025/Sep/04,15:49:59,311,480,203,2300,216253.32,55302,-101,-15,-69,11,2300,203,-14,-101,-68,2300,386,-14,-102,-82,2300,332,-19,-109,-82,2300,212,-20,-115,-81,
250,38.91564305,-95.31776,2025/Sep/04,15:50:00,311,480,203,2300,216253.32,55302,-101,-13,-67,10,2300,203,-12,-101,-69,2300,386,-13,-102,-81,2300,289,-20,-114,-81,2300,212,-20,-113,-81,
250,38.91564306666667,-95.31775996666667,2025/Sep/04,15:50:01,311,480,203,2300,216253.32,55302,-101,-13,-65,10,2300,203,-14,-101,-66,2300,386,-15,-103,-79,2300,202,-20,-112,-79,2300,332,-19,-108,-79,
250,38.91564306666667,-95.31775996666667,2025/Sep/04,15:50:02,311,480,203,2300,216253.32,55302,-101,-14,-63,10,2300,203,-15,-101,-63,2300,386,-15,-104,-79,2300,202,-20,-114,-79,2300,332,-18,-107,-80,
250,38.915643083333336,-95.31775991666666,2025/Sep/04,15:50:05,311,480,203,2300,216253.32,55302,-102,-15,-65,10,2300,203,-14,-102,-68,2300,386,-14,-105,-82,2300,202,-20,-113,-82,2300,332,-18,-109,-82,
250,38.915643083333336,-95.31775991666666,2025/Sep/04,15:50:06,311,480,203,2300,216253.32,55302,-101,-13,-63,10,2300,203,-13,-101,-68,2300,386,-15,-104,-79,2300,202,-20,-113,-80,
250,38.91564306666667,-95.31775988333334,2025/Sep/04,15:50:07,311,480,203,2300,216253.32,55302,-101,-15,-69,10,2300,203,-14,-101,-70,2300,386,-14,-104,-82,2300,202,-20,-112,-81,2300,379,-20,-119,-81,
250,38.91564306666667,-95.31775991666666,2025/Sep/04,15:50:08,311,480,203,2300,216253.32,55302,-101,-13,-69,9,2300,203,-13,-101,-68,2300,386,-13,-103,-81,2300,202,-20,-113,-81,
250,38.91564305,-95.31775993333333,2025/Sep/04,15:50:09,311,480,203,2300,216253.32,55302,-101,-13,-68,10,2300,203,-14,-101,-62,2300,386,-14,-102,-77,2300,202,-20,-113,-77,
250,38.91564305,-95.31775993333333,2025/Sep/04,15:50:10,311,480,203,2300,216253.32,55302,-101,-18,-63,10,2300,203,-16,-101,-69,2300,386,-15,-102,-81,2300,202,-20,-113,-81,2300,332,-19,-108,-81,
250,38.91564305,-95.31775991666666,2025/Sep/04,15:50:11,311,480,203,2300,216253.32,55302,-101,-13,-69,10,2300,203,-13,-101,-69,2300,386,-13,-102,-80,2300,202,-20,-114,-80,
250,38.91564305,-95.31775993333333,2025/Sep/04,15:50:12,311,480,203,2300,216253.32,55302,-101,-14,-69,10,2300,203,-12,-101,-69,2300,386,-12,-101,-81,2300,212,-20,-117,-81,2300,332,-17,-107,-81,
250,38.91564305,-95.31775998333333,2025/Sep/04,15:50:15,311,480,203,2300,216253.32,55302,-101,-14,-68,10,2300,203,-14,-101,-68,2300,386,-14,-102,-79,2300,212,-20,-113,-80,2300,332,-19,-107,-80,
250,38.91564306666667,-95.31775993333333,2025/Sep/04,15:50:17,311,480,203,2300,216253.32,55302,-101,-14,-65,10,2300,203,-15,-101,-64,2300,386,-15,-102,-79,2300,212,-20,-116,-79,
250,38.91564306666667,-95.31775993333333,2025/Sep/04,15:50:18,311,480,203,2300,216253.32,55302,-101,-15,-65,10,2300,203,-15,-101,-65,2300,386,-14,-101,-79,2300,212,-20,-116,-79,
250,38.91564306666667,-95.31775991666666,2025/Sep/04,15:50:19,311,480,203,2300,216253.32,55302,-101,-17,-63,9,2300,203,-17,-101,-64,2300,386,-15,-102,-78,
250,38.91564305,-95.31775991666666,2025/Sep/04,15:50:20,311,480,203,2300,216253.32,55302,-101,-13,-69,9,2300,203,-13,-101,-69,2300,386,-12,-101,-81,2300,90,-20,-120,-82,2300,212,-20,-114,-81,
250,38.91564305,-95.31775991666666,2025/Sep/04,15:50:21,311,480,203,2300,216253.32,55302,-101,-13,-69,10,2300,203,-13,-101,-68,2300,386,-12,-101,-81,2300,202,-20,-115,-81,2300,212,-20,-118,-81,
250,38.91564306666667,-95.3177599,2025/Sep/04,15:50:22,311,480,203,2300,216253.32,55302,-102,-17,-63,9,2300,203,-17,-102,-63,2300,386,-15,-102,-79,2300,202,-20,-112,-80,
250,38.91564306666667,-95.31775988333334,2025/Sep/04,15:50:23,311,480,203,2300,216253.32,55302,-102,-16,-65,10,2300,203,-16,-102,-65,2300,386,-14,-101,-78,2300,202,-20,-112,-78,
250,38.91564303333333,-95.3177599,2025/Sep/04,15:50:24,311,480,203,2300,216253.32,55302,-102,-16,-65,10,2300,203,-17,-102,-64,2300,386,-15,-102,-78,2300,202,-20,-112,-78,2300,332,-20,-107,-78,
250,38.91564303333333,-95.31775988333334,2025/Sep/04,15:50:25,311,480,203,2300,216253.32,55302,-102,-16,-64,10,2300,203,-16,-102,-64,2300,386,-14,-101,-79,2300,202,-20,-113,-79,2300,332,-20,-107,-79,
250,38.915643016666664,-95.3177599,2025/Sep/04,15:50:26,311,480,203,2300,216253.32,55302,-102,-17,-66,10,2300,203,-17,-102,-65,2300,386,-15,-102,-80,2300,202,-20,-112,-79,2300,332,-20,-107,-79,
250,38.915643,-95.3177599,2025/Sep/04,15:50:27,311,480,203,2300,216253.32,55302,-102,-18,-63,10,2300,203,-18,-102,-63,2300,386,-17,-102,-77,2300,202,-20,-113,-77,2300,332,-20,-107,-77,
250,38.915642983333335,-95.31775988333334,2025/Sep/04,15:50:29,311,480,203,2300,216253.32,55302,-101,-15,-66,10,2300,203,-15,-101,-65,2300,386,-14,-102,-81,2300,202,-20,-112,-81,2300,332,-17,-107,-80,
250,38.915643,-95.31775986666666,2025/Sep/04,15:50:30,311,480,203,2300,216253.32,55302,-101,-15,-64,10,2300,203,-15,-101,-66,2300,386,-13,-102,-80,2300,202,-20,-112,-80,2300,332,-17,-107,-80,
250,38.915643016666664,-95.31775986666666,2025/Sep/04,15:50:31,311,480,203,2300,216253.32,55302,-102,-16,-64,10,2300,203,-15,-102,-67,2300,386,-13,-102,-81,2300,202,-20,-113,-81,2300,332,-18,-108,-81,
250,38.915643,-95.31775986666666,2025/Sep/04,15:50:32,311,480,203,2300,216253.32,55302,-101,-16,-64,10,2300,203,-16,-101,-63,2300,386,-14,-101,-78,2300,202,-20,-112,-78,2300,332,-20,-108,-78,
250,38.91564296666667,-95.3177599,2025/Sep/04,15:50:33,311,480,203,2300,216253.32,55302,-101,-15,-65,10,2300,203,-15,-101,-63,2300,386,-13,-101,-79,2300,202,-20,-112,-79,2300,332,-19,-109,-79,
250,38.915642983333335,-95.31775988333334,2025/Sep/04,15:50:34,311,480,203,2300,216253.32,55302,-101,-17,-64,10,2300,203,-17,-101,-66,2300,386,-14,-101,-79,2300,332,-17,-107,-79,2300,202,-20,-112,-79,
250,38.915642983333335,-95.31775986666666,2025/Sep/04,15:50:35,311,480,203,2300,216253.32,55302,-101,-15,-65,10,2300,203,-15,-101,-67,2300,386,-13,-101,-80,2300,332,-16,-107,-80,2300,202,-20,-112,-80,
250,38.915642983333335,-95.31775993333333,2025/Sep/04,15:50:36,311,480,203,2300,216253.32,55302,-101,-13,-68,10,2300,203,-13,-101,-67,2300,386,-12,-101,-81,2300,332,-15,-107,-81,2300,202,-20,-112,-81,
250,38.915642983333335,-95.31775993333333,2025/Sep/04,15:50:37,311,480,203,2300,216253.32,55302,-101,-16,-65,10,2300,203,-16,-101,-65,2300,386,-15,-102,-78,2300,332,-19,-108,-78,2300,202,-20,-113,-78,
250,38.915643,-95.31775993333333,2025/Sep/04,15:50:38,311,480,203,2300,216253.32,55302,-101,-15,-64,9,2300,203,-16,-101,-69,2300,386,-14,-101,-78,2300,332,-18,-107,-79,2300,202,-20,-113,-79,
250,38.915642983333335,-95.31775996666667,2025/Sep/04,15:50:41,311,480,203,2300,216253.32,55302,-101,-13,-66,10,2300,203,-15,-102,-68,2300,386,-13,-100,-78,2300,332,-18,-107,-78,
250,38.91564295,-95.31775996666667,2025/Sep/04,15:50:44,311,480,203,2300,216253.32,55302,-101,-13,-69,10,2300,203,-13,-101,-68,2300,386,-14,-104,-81,2300,332,-16,-107,-81,2300,202,-20,-112,-81,
250,38.91564295,-95.31775998333333,2025/Sep/04,15:50:45,311,480,203,2300,216253.32,55302,-101,-15,-66,10,2300,203,-15,-101,-64,2300,386,-15,-104,-81,2300,332,-17,-107,-81,2300,202,-20,-113,-81,
250,38.91564295,-95.31775998333333,2025/Sep/04,15:50:46,311,480,203,2300,216253.32,55302,-101,-14,-66,10,2300,203,-14,-101,-68,2300,386,-14,-102,-79,2300,202,-20,-111,-79,
250,38.91564293333333,-95.31776,2025/Sep/04,15:50:47,311,480,203,2300,216253.32,55302,-101,-13,-67,10,2300,203,-14,-101,-66,2300,386,-15,-104,-80,2300,202,-20,-112,-80,2300,332,-17,-107,-80,
250,38.91564293333333,-95.31775998333333,2025/Sep/04,15:50:48,311,480,203,2300,216253.32,55302,-101,-16,-64,9,2300,203,-16,-101,-67,2300,386,-15,-105,-77,2300,202,-20,-112,-77,2300,332,-18,-108,-77,
250,38.91564291666667,-95.31775998333333,2025/Sep/04,15:50:49,311,480,203,2300,216253.32,55302,-101,-15,-68,10,2300,203,-15,-101,-66,2300,386,-16,-105,-79,2300,202,-20,-111,-80,2300,332,-19,-107,-79,
250,38.9156429,-95.31775998333333,2025/Sep/04,15:50:50,311,480,203,2300,216253.32,55302,-101,-15,-63,10,2300,203,-16,-101,-63,2300,386,-16,-104,-80,2300,202,-20,-112,-81,2300,332,-18,-108,-79,
250,38.9156429,-95.31775998333333,2025/Sep/04,15:50:52,311,480,203,2300,216253.32,55302,-101,-15,-66,10,2300,203,-14,-101,-66,2300,386,-15,-104,-81,2300,202,-20,-113,-81,2300,332,-17,-108,-81,
250,38.9156429,-95.31776,2025/Sep/04,15:50:53,311,480,203,2300,216253.32,55302,-101,-13,-68,10,2300,203,-13,-101,-68,2300,386,-14,-103,-81,
250,38.91564291666667,-95.31776,2025/Sep/04,15:50:54,311,480,203,2300,216253.32,55302,-101,-14,-67,10,2300,203,-15,-101,-66,2300,386,-17,-104,-79,2300,212,-20,-117,-79,
250,38.91564291666667,-95.31776,2025/Sep/04,15:50:55,311,480,203,2300,216253.32,55302,-101,-15,-67,10,2300,203,-14,-101,-68,2300,386,-15,-105,-81,2300,212,-20,-116,-81,
250,38.9156429,-95.31776,2025/Sep/04,15:50:56,311,480,203,2300,216253.32,55302,-101,-15,-63,9,2300,203,-17,-101,-63,2300,386,-16,-104,-77,2300,212,-20,-116,-78,
250,38.915642883333334,-95.31775998333333,2025/Sep/04,15:50:57,311,480,203,2300,216253.32,55302,-102,-16,-65,9,2300,203,-16,-102,-67,2300,386,-15,-103,-80,2300,212,-20,-115,-80,
250,38.915642883333334,-95.31775998333333,2025/Sep/04,15:50:58,311,480,203,2300,216253.32,55302,-102,-15,-65,9,2300,203,-15,-102,-63,2300,386,-15,-102,-79,2300,212,-20,-115,-78,
250,38.9156429,-95.31775998333333,2025/Sep/04,15:50:59,311,480,203,2300,216253.32,55302,-102,-15,-65,8,2300,203,-15,-102,-66,2300,386,-15,-102,-79,
250,38.9156429,-95.31775998333333,2025/Sep/04,15:51:00,311,480,203,2300,216253.32,55302,-101,-13,-68,10,2300,203,-14,-101,-66,2300,386,-14,-102,-79,
250,38.915642883333334,-95.31775998333333,2025/Sep/04,15:51:01,311,480,203,2300,216253.32,55302,-101,-14,-64,10,2300,203,-14,-101,-67,2300,386,-14,-102,-81,2300,332,-17,-107,-81,
250,38.915642883333334,-95.31775996666667,2025/Sep/04,15:51:02,311,480,203,2300,216253.32,55302,-101,-14,-67,10,2300,203,-14,-101,-68,2300,386,-14,-103,-81,2300,212,-20,-117,-81,
250,38.915642883333334,-95.31775996666667,2025/Sep/04,15:51:04,311,480,203,2300,216253.32,55302,-101,-14,-63,10,2300,203,-15,-101,-67,2300,386,-14,-103,-79,2300,202,-20,-113,-80,2300,332,-20,-110,-79,
250,38.915642883333334,-95.31775995,2025/Sep/04,15:51:05,311,480,203,2300,216253.32,55302,-101,-16,-63,10,2300,203,-16,-101,-68,2300,386,-15,-103,-79,2300,202,-20,-115,-79,2300,332,-20,-108,-79,
250,38.915642866666666,-95.31775995,2025/Sep/04,15:51:06,311,480,203,2300,216253.32,55302,-101,-14,-66,10,2300,203,-14,-101,-67,2300,386,-14,-103,-80,2300,202,-20,-112,-80,2300,332,-18,-107,-80,
250,38.915642866666666,-95.31775996666667,2025/Sep/04,15:51:07,311,480,203,2300,216253.32,55302,-101,-13,-66,10,2300,203,-13,-101,-68,2300,386,-12,-102,-81,2300,332,-17,-107,-82,2300,202,-20,-112,-81,
250,38.915642883333334,-95.31775996666667,2025/Sep/04,15:51:08,311,480,203,2300,216253.32,55302,-101,-15,-63,10,2300,203,-14,-100,-66,2300,386,-16,-104,-78,2300,332,-19,-108,-78,2300,202,-20,-113,-78,
250,38.915642883333334,-95.31775996666667,2025/Sep/04,15:51:12,311,480,203,2300,216253.32,55302,-101,-14,-68,9,2300,203,-14,-101,-68,2300,386,-13,-102,-82,2300,332,-20,-109,-82,2300,202,-20,-112,-82,
250,38.915642883333334,-95.31775996666667,2025/Sep/04,15:51:13,311,480,203,2300,216253.32,55302,-101,-15,-64,10,2300,203,-15,-101,-65,2300,386,-15,-103,-78,2300,202,-20,-114,-78,2300,332,-19,-109,-78,2300,212,-20,-117,-78,
250,38.915642883333334,-95.31775996666667,2025/Sep/04,15:51:14,311,480,203,2300,216253.32,55302,-101,-12,-68,10,2300,203,-13,-101,-66,2300,386,-14,-104,-82,
250,38.915642883333334,-95.31775996666667,2025/Sep/04,15:51:15,311,480,203,2300,216253.32,55302,-101,-13,-68,10,2300,203,-13,-101,-63,2300,386,-13,-102,-77,
250,38.915642883333334,-95.31775996666667,2025/Sep/04,15:51:16,311,480,203,2300,216253.32,55302,-101,-16,-62,10,2300,203,-16,-101,-65,2300,386,-15,-101,-78,2300,332,-20,-109,-78,
250,38.915642866666666,-95.31775996666667,2025/Sep/04,15:51:17,311,480,203,2300,216253.32,55302,-101,-14,-65,10,2300,203,-14,-101,-68,2300,386,-13,-101,-80,2300,332,-19,-109,-80,
250,38.915642866666666,-95.31775996666667,2025/Sep/04,15:51:18,311,480,203,2300,216253.32,55302,-101,-14,-66,9,2300,203,-14,-101,-65,2300,386,-14,-102,-81,2300,332,-18,-107,-81,
250,38.915642866666666,-95.31775996666667,2025/Sep/04,15:51:19,311,480,203,2300,216253.32,55302,-101,-15,-66,10,2300,203,-16,-101,-64,2300,386,-15,-102,-78,2300,332,-20,-107,-78,
250,38.915642866666666,-95.31775996666667,2025/Sep/04,15:51:20,311,480,203,2300,216253.32,55302,-101,-13,-68,11,2300,203,-13,-101,-68,2300,386,-14,-102,-79,2300,332,-18,-107,-79,
250,38.915642866666666,-95.31775996666667,2025/Sep/04,15:51:21,311,480,203,2300,216253.32,55302,-102,-13,-70,10,2300,203,-13,-102,-69,2300,386,-13,-102,-82,2300,332,-15,-106,-82,2300,202,-20,-112,-83,
250,38.915642866666666,-95.31775995,2025/Sep/04,15:51:22,311,480,203,2300,216253.32,55302,-101,-14,-64,10,2300,203,-14,-101,-64,2300,386,-13,-102,-80,2300,332,-17,-107,-81,2300,202,-20,-112,-81,
250,38.915642866666666,-95.31775996666667,2025/Sep/04,15:51:23,311,480,203,2300,216253.32,55302,-102,-13,-67,10,2300,203,-13,-102,-68,2300,386,-12,-102,-82,2300,332,-16,-107,-82,2300,202,-20,-111,-82,
250,38.915642866666666,-95.31775995,2025/Sep/04,15:51:24,311,480,203,2300,216253.32,55302,-101,-12,-67,10,2300,203,-12,-101,-68,2300,386,-14,-104,-81,2300,332,-16,-107,-81,2300,212,-20,-113,-81,
250,38.915642866666666,-95.31775995,2025/Sep/04,15:51:25,311,480,203,2300,216253.32,55302,-101,-15,-65,10,2300,203,-15,-101,-65,2300,386,-13,-101,-79,2300,212,-20,-116,-79,2300,332,-18,-108,-79,
250,38.915642866666666,-95.31775995,2025/Sep/04,15:51:27,311,480,203,2300,216253.32,55302,-101,-15,-65,10,2300,203,-16,-101,-63,2300,386,-15,-102,-79,2300,332,-18,-108,-80,
250,38.915642866666666,-95.31775995,2025/Sep/04,15:51:28,311,480,203,2300,216253.32,55302,-102,-16,-67,10,2300,203,-15,-102,-68,2300,386,-14,-102,-80,2300,332,-18,-107,-81,
250,38.915642866666666,-95.31775995,2025/Sep/04,15:51:29,311,480,203,2300,216253.32,55302,-101,-14,-66,10,2300,203,-14,-101,-64,2300,386,-14,-102,-80,2300,332,-19,-109,-80,
250,38.915642866666666,-95.31775995,2025/Sep/04,15:51:30,311,480,203,2300,216253.32,55302,-102,-16,-65,9,2300,203,-16,-102,-62,2300,386,-14,-101,-78,2300,332,-18,-108,-78,
250,38.915642866666666,-95.31775995,2025/Sep/04,15:51:31,311,480,203,2300,216253.32,55302,-101,-16,-68,10,2300,203,-15,-102,-68,2300,386,-14,-103,-81,2300,332,-17,-108,-82,
250,38.915642866666666,-95.31775995,2025/Sep/04,15:51:32,311,480,203,2300,216253.32,55302,-101,-13,-68,10,2300,203,-13,-102,-67,2300,386,-13,-103,-80,2300,332,-16,-107,-80,
250,38.915642866666666,-95.31775995,2025/Sep/04,15:51:33,311,480,203,2300,216253.32,55302,-102,-14,-65,10,2300,203,-15,-101,-64,2300,386,-16,-105,-79,2300,332,-16,-106,-79,
250,38.915642866666666,-95.31775993333333,2025/Sep/04,15:51:34,311,480,203,2300,216253.32,55302,-101,-17,-63,10,2300,203,-16,-101,-66,2300,386,-14,-103,-81,2300,212,-20,-115,-81,
250,38.915642866666666,-95.31775993333333,2025/Sep/04,15:51:35,311,480,203,2300,216253.32,55302,-100,-14,-67,10,2300,203,-14,-100,-67,2300,386,-14,-103,-80,2300,332,-17,-108,-80,2300,212,-20,-116,-81,
250,38.915642866666666,-95.31775993333333,2025/Sep/04,15:51:36,311,480,203,2300,216253.32,55302,-102,-16,-64,10,2300,203,-16,-102,-69,2300,386,-15,-104,-82,2300,212,-20,-116,-82,2300,281,-18,-108,-82,2300,332,-17,-107,-82,
250,38.915642866666666,-95.31775993333333,2025/Sep/04,15:51:37,311,480,203,2300,216253.32,55302,-101,-17,-64,10,2300,203,-14,-101,-67,2300,386,-14,-103,-81,2300,212,-20,-115,-81,
250,38.9156417,-95.31775591666667,2025/Sep/04,15:51:41,311,480,203,2300,216253.32,55302,-101,-14,-67,9,2300,203,-14,-101,-67,2300,386,-13,-102,-81,2300,202,-20,-113,-82,2300,332,-18,-109,-81,
250,38.915640483333334,-95.3177557,2025/Sep/04,15:51:42,311,480,203,2300,216253.32,55302,-102,-18,-63,10,2300,203,-17,-101,-61,2300,386,-16,-102,-77,2300,202,-20,-113,-77,2300,332,-20,-108,-77,
250,38.91564155,-95.31775668333333,2025/Sep/04,15:51:43,311,480,203,2300,216253.32,55302,-102,-15,-67,10,2300,203,-15,-102,-67,2300,386,-15,-102,-79,2300,202,-20,-111,-80,2300,332,-18,-107,-80,2300,6,-20,-117,-80,
250,38.915643016666664,-95.31775741666667,2025/Sep/04,15:51:44,311,480,203,2300,216253.32,55302,-101,-14,-67,8,2300,203,-14,-101,-66,2300,386,-14,-102,-79,2300,202,-20,-111,-79,2300,332,-19,-108,-78,
250,38.915646100000004,-95.3177578,2025/Sep/04,15:51:45,311,480,203,2300,216253.32,55302,-101,-15,-64,11,2300,203,-16,-101,-67,2300,386,-14,-102,-79,2300,202,-20,-113,-79,2300,332,-18,-107,-79,
250,38.9156465,-95.31775795,2025/Sep/04,15:51:46,311,480,203,2300,216253.32,55302,-101,-14,-68,10,2300,203,-13,-101,-67,2300,386,-14,-103,-81,2300,202,-20,-112,-81,2300,332,-17,-108,-81,
250,38.9156477,-95.31775671666666,2025/Sep/04,15:51:47,311,480,203,2300,216253.32,55302,-101,-13,-67,11,2300,203,-13,-101,-68,2300,386,-14,-103,-80,2300,332,-19,-109,-80,
250,38.915646366666664,-95.31775675,2025/Sep/04,15:51:48,311,480,203,2300,216253.32,55302,-101,-17,-64,11,2300,203,-17,-101,-63,2300,386,-16,-103,-79,2300,332,-20,-109,-79,2300,212,-20,-115,-79,2300,412,-20,-115,-78,
250,38.91564758333333,-95.31776028333333,2025/Sep/04,15:51:49,311,480,203,2300,216253.32,55302,-101,-15,-66,10,2300,203,-14,-101,-66,2300,386,-14,-103,-80,2300,332,-16,-107,-80,
250,38.915646833333334,-95.31775911666666,2025/Sep/04,15:51:50,311,480,203,2300,216253.32,55302,-101,-14,-68,9,2300,203,-15,-101,-62,2300,386,-14,-102,-78,2300,332,-17,-108,-78,2300,212,-20,-113,-78,
250,38.915646233333334,-95.3177564,2025/Sep/04,15:51:52,311,480,203,2300,216253.32,55302,-101,-14,-67,9,2300,203,-13,-101,-69,2300,386,-13,-102,-81,2300,332,-14,-105,-81,2300,212,-20,-112,-81,
250,38.915646100000004,-95.31775536666666,2025/Sep/04,15:51:53,311,480,203,2300,216253.32,55302,-101,-13,-68,9,2300,203,-13,-101,-69,2300,386,-12,-101,-81,2300,332,-15,-105,-81,2300,212,-20,-116,-81,
250,38.91564651666667,-95.31775541666667,2025/Sep/04,15:51:54,311,480,203,2300,216253.32,55302,-101,-14,-62,8,2300,203,-15,-101,-69,2300,386,-13,-101,-78,2300,212,-20,-117,-78,2300,332,-17,-105,-78,
250,38.91564528333333,-95.3177559,2025/Sep/04,15:51:55,311,480,203,2300,216253.32,55302,-101,-18,-62,9,2300,203,-17,-101,-67,2300,386,-14,-102,-80,2300,332,-18,-107,-80,2300,212,-20,-117,-81,
250,38.91564521666667,-95.31775663333333,2025/Sep/04,15:51:56,311,480,203,2300,216253.32,55302,-101,-12,-67,8,2300,203,-12,-101,-68,2300,386,-11,-101,-81,2300,332,-16,-106,-81,
250,38.91564655,-95.31775696666666,2025/Sep/04,15:51:57,311,480,203,2300,216253.32,55302,-101,-13,-69,8,2300,203,-13,-101,-70,2300,386,-11,-101,-80,2300,332,-17,-108,-80,
250,38.91564765,-95.31775828333333,2025/Sep/04,15:51:58,311,480,203,2300,216253.32,55302,-101,-16,-62,10,2300,203,-16,-101,-64,2300,386,-15,-103,-79,2300,332,-18,-107,-79,
250,38.915647633333336,-95.31775786666667,2025/Sep/04,15:51:59,311,480,203,2300,216253.32,55302,-101,-14,-63,9,2300,203,-15,-101,-68,2300,386,-12,-101,-81,2300,332,-17,-107,-81,2300,212,-20,-117,-80,
250,38.915647783333334,-95.31775805,2025/Sep/04,15:52:00,311,480,203,2300,216253.32,55302,-102,-13,-67,10,2300,203,-14,-101,-64,2300,386,-13,-102,-79,2300,332,-17,-107,-79,
250,38.9156505,-95.31776581666666,2025/Sep/04,15:52:01,311,480,203,2300,216253.32,55302,-101,-15,-67,10,2300,203,-16,-101,-65,2300,386,-15,-103,-80,2300,332,-18,-108,-80,
250,38.915648866666665,-95.31776728333334,2025/Sep/04,15:52:02,311,480,203,2300,216253.32,55302,-102,-15,-65,9,2300,203,-15,-102,-64,2300,386,-15,-104,-80,2300,332,-16,-105,-80,2300,212,-20,-117,-80,
250,38.91564806666667,-95.3177704,2025/Sep/04,15:52:03,311,480,203,2300,216253.32,55302,-102,-15,-67,9,2300,203,-14,-102,-67,2300,386,-15,-104,-80,2300,332,-16,-105,-80,2300,212,-20,-117,-80,
250,38.91564846666667,-95.31777176666667,2025/Sep/04,15:52:04,311,480,203,2300,216253.32,55302,-102,-17,-64,8,2300,203,-17,-102,-64,2300,386,-17,-105,-79,2300,332,-16,-104,-80,
250,38.91564901666667,-95.31777178333333,2025/Sep/04,15:52:05,311,480,203,2300,216253.32,55302,-103,-16,-63,9,2300,203,-16,-103,-64,2300,386,-14,-100,-77,2300,332,-17,-107,-77,
250,38.915649433333336,-95.3177728,2025/Sep/04,15:52:06,311,480,203,2300,216253.32,55302,-102,-13,-66,10,2300,203,-15,-102,-66,2300,386,-13,-100,-79,2300,332,-17,-107,-79,2300,212,-20,-116,-79,
250,38.91565345,-95.31778658333333,2025/Sep/04,15:52:09,311,480,203,2300,216253.32,55302,-102,-15,-65,9,2300,203,-14,-102,-67,2300,386,-14,-100,-77,2300,332,-18,-107,-77,2300,202,-20,-109,-78,
250,38.91565358333333,-95.31778771666667,2025/Sep/04,15:52:10,311,480,203,2300,216253.32,55302,-102,-15,-66,9,2300,203,-15,-101,-66,2300,386,-12,-100,-80,2300,202,-20,-114,-80,
250,38.91565428333333,-95.31779303333333,2025/Sep/04,15:52:11,311,480,203,2300,216253.32,55302,-102,-15,-69,9,2300,203,-14,-102,-68,2300,386,-12,-100,-82,2300,332,-16,-107,-83,2300,212,-20,-116,-82,
250,38.915653516666666,-95.31779311666666,2025/Sep/04,15:52:12,311,480,203,2300,216253.32,55302,-102,-18,-63,8,2300,203,-17,-102,-64,2300,386,-14,-99,-79,2300,212,-20,-115,-79,
250,38.91565403333333,-95.3177945,2025/Sep/04,15:52:13,311,480,203,2300,216253.32,55302,-102,-15,-67,10,2300,203,-15,-102,-67,2300,386,-12,-101,-82,2300,332,-18,-108,-81,
250,38.91565405,-95.3177945,2025/Sep/04,15:52:15,311,480,203,2300,216253.32,55302,-102,-15,-67,9,2300,203,-14,-102,-68,2300,386,-13,-101,-79,2300,332,-16,-106,-79,2300,202,-20,-113,-79,
250,38.91565403333333,-95.31779451666667,2025/Sep/04,15:52:16,311,480,203,2300,216253.32,55302,-102,-14,-67,9,2300,203,-14,-102,-69,2300,386,-12,-101,-81,2300,202,-20,-115,-81,2300,439,-20,-119,-81,2300,332,-15,-107,-81,
250,38.91565406666667,-95.31779461666666,2025/Sep/04,15:52:17,311,480,203,2300,216253.32,55302,-103,-14,-68,10,2300,203,-14,-103,-67,2300,386,-12,-101,-80,2300,202,-20,-115,-81,2300,332,-20,-110,-81,
250,38.91565408333334,-95.31779463333334,2025/Sep/04,15:52:18,311,480,203,2300,216253.32,55302,-102,-13,-66,9,2300,203,-13,-102,-67,2300,386,-12,-101,-81,2300,202,-20,-114,-82,2300,332,-17,-109,-82,
250,38.915654133333334,-95.31779486666667,2025/Sep/04,15:52:19,311,480,203,2300,216253.32,55302,-101,-13,-66,9,2300,203,-13,-101,-66,2300,386,-12,-100,-80,2300,212,-20,-117,-80,2300,332,-16,-107,-80,2300,289,-20,-117,-80,
250,38.91565416666667,-95.31779496666667,2025/Sep/04,15:52:20,311,480,203,2300,216253.32,55302,-101,-14,-65,10,2300,203,-14,-101,-66,2300,386,-13,-101,-79,2300,332,-17,-108,-80,2300,202,-20,-114,-79,
250,38.9156542,-95.31779488333333,2025/Sep/04,15:52:21,311,480,203,2300,216253.32,55302,-101,-14,-68,11,2300,203,-14,-101,-69,2300,386,-12,-100,-80,2300,332,-17,-107,-80,2300,202,-20,-112,-80,
250,38.915654133333334,-95.31779478333333,2025/Sep/04,15:52:22,311,480,203,2300,216253.32,55302,-101,-14,-67,9,2300,203,-14,-101,-64,2300,386,-12,-100,-81,
250,38.91565406666667,-95.31779466666667,2025/Sep/04,15:52:23,311,480,203,2300,216253.32,55302,-101,-13,-67,10,2300,203,-13,-101,-69,2300,386,-12,-101,-81,2300,212,-20,-118,-81,
250,38.91565408333334,-95.31779473333333,2025/Sep/04,15:52:24,311,480,203,2300,216253.32,55302,-101,-13,-67,9,2300,203,-13,-101,-67,2300,386,-12,-101,-81,2300,332,-19,-110,-81,2300,202,-20,-113,-81,
250,38.91565415,-95.31779485,2025/Sep/04,15:52:25,311,480,203,2300,216253.32,55302,-101,-13,-66,10,2300,203,-13,-101,-68,2300,386,-14,-102,-81,2300,332,-17,-107,-81,2300,202,-20,-111,-81,
250,38.915654233333335,-95.31779495,2025/Sep/04,15:52:27,311,480,203,2300,216253.32,55302,-101,-12,-69,11,2300,203,-12,-101,-66,2300,386,-12,-100,-80,2300,332,-16,-107,-81,2300,202,-20,-111,-80,
250,38.915654016666664,-95.31779455,2025/Sep/04,15:52:28,311,480,203,2300,216253.32,55302,-101,-13,-67,10,2300,203,-13,-101,-67,2300,386,-11,-100,-81,
250,38.915654,-95.31779446666667,2025/Sep/04,15:52:29,311,480,203,2300,216253.32,55302,-101,-13,-68,10,2300,203,-12,-101,-68,2300,386,-12,-101,-82,2300,212,-20,-115,-82,
250,38.91565403333333,-95.3177945,2025/Sep/04,15:52:30,311,480,203,2300,216253.32,55302,-101,-14,-67,9,2300,203,-14,-102,-68,2300,386,-11,-99,-79,2300,202,-20,-110,-81,2300,332,-17,-105,-81,2300,212,-20,-110,-81,
250,38.915654,-95.3177944,2025/Sep/04,15:52:31,311,480,203,2300,216253.32,55302,-101,-13,-69,11,2300,203,-13,-101,-68,2300,386,-12,-101,-81,2300,212,-20,-114,-81,2300,332,-17,-107,-80,2300,202,-20,-110,-80,
250,38.915654133333334,-95.31779453333333,2025/Sep/04,15:52:32,311,480,203,2300,216253.32,55302,-102,-14,-67,9,2300,203,-14,-102,-64,2300,386,-12,-101,-80,2300,212,-20,-117,-80,2300,332,-18,-108,-80,2300,202,-20,-112,-79,
250,38.91565406666667,-95.31779425,2025/Sep/04,15:52:33,311,480,203,2300,216253.32,55302,-101,-15,-67,10,2300,203,-14,-103,-67,2300,386,-15,-102,-78,2300,332,-17,-107,-77,
250,38.91565408333334,-95.31779428333333,2025/Sep/04,15:52:34,311,480,203,2300,216253.32,55302,-101,-14,-65,9,2300,203,-13,-101,-65,2300,386,-13,-103,-80,2300,332,-20,-111,-80,2300,202,-20,-109,-80,
250,38.91565408333334,-95.31779435,2025/Sep/04,15:52:37,311,480,203,2300,216253.32,55302,-102,-13,-69,10,2300,203,-13,-102,-69,2300,386,-13,-103,-83,2300,202,-20,-111,-83,2300,332,-16,-108,-83,
250,38.9156541,-95.31779433333334,2025/Sep/04,15:52:39,311,480,203,2300,216253.32,55302,-101,-14,-66,10,2300,203,-13,-101,-68,2300,386,-13,-101,-81,2300,202,-20,-113,-81,
250,38.9156541,-95.3177943,2025/Sep/04,15:52:40,311,480,203,2300,216253.32,55302,-101,-13,-68,10,2300,203,-13,-101,-65,2300,386,-12,-100,-77,2300,332,-16,-106,-77,2300,202,-20,-115,-77,
250,38.9156541,-95.31779423333333,2025/Sep/04,15:52:41,311,480,203,2300,216253.32,55302,-101,-14,-67,10,2300,203,-15,-101,-64,2300,386,-13,-101,-80,2300,332,-17,-107,-80,2300,202,-20,-112,-80,
250,38.91565393333333,-95.317794,2025/Sep/04,15:52:42,311,480,203,2300,216253.32,55302,-101,-15,-68,10,2300,203,-14,-101,-67,2300,386,-12,-101,-80,2300,332,-17,-108,-80,2300,202,-20,-112,-80,
250,38.91565395,-95.317794,2025/Sep/04,15:52:43,311,480,203,2300,216253.32,55302,-101,-13,-69,10,2300,203,-13,-102,-67,2300,386,-13,-101,-80,2300,332,-15,-106,-81,
250,38.91565393333333,-95.31779393333333,2025/Sep/04,15:52:44,311,480,203,2300,216253.32,55302,-102,-14,-63,10,2300,203,-15,-102,-64,2300,386,-14,-101,-78,2300,332,-19,-108,-78,
250,38.91565395,-95.31779406666666,2025/Sep/04,15:52:45,311,480,203,2300,216253.32,55302,-101,-17,-68,9,2300,203,-15,-101,-68,2300,386,-13,-100,-81,2300,332,-19,-109,-80,
250,38.91565396666667,-95.31779416666667,2025/Sep/04,15:52:46,311,480,203,2300,216253.32,55302,-101,-13,-67,10,2300,203,-13,-101,-68,2300,386,-12,-100,-82,
250,38.91565395,-95.31779398333333,2025/Sep/04,15:52:47,311,480,203,2300,216253.32,55302,-101,-13,-67,10,2300,203,-14,-101,-67,2300,386,-13,-100,-78,2300,332,-18,-108,-78,
250,38.915653983333335,-95.31779408333334,2025/Sep/04,15:52:48,311,480,203,2300,216253.32,55302,-101,-13,-68,10,2300,203,-13,-101,-68,2300,386,-12,-101,-82,2300,332,-17,-108,-82,2300,202,-20,-112,-81,
250,38.91565451666666,-95.31779515,2025/Sep/04,15:52:50,311,480,203,2300,216253.32,55302,-101,-13,-68,10,2300,203,-13,-102,-64,2300,386,-12,-101,-80,2300,332,-17,-108,-80,2300,202,-20,-112,-80,
250,38.91565456666667,-95.31779523333333,2025/Sep/04,15:52:51,311,480,203,2300,216253.32,55302,-102,-15,-64,10,2300,203,-15,-102,-64,2300,386,-15,-102,-80,2300,332,-19,-110,-81,2300,202,-20,-111,-80,
250,38.915654583333335,-95.31779536666667,2025/Sep/04,15:52:52,311,480,203,2300,216253.32,55302,-101,-13,-69,10,2300,203,-12,-101,-69,2300,386,-13,-104,-83,2300,332,-16,-108,-83,2300,202,-20,-112,-83,
250,38.91565478333333,-95.31779578333334,2025/Sep/04,15:52:53,311,480,203,2300,216253.32,55302,-102,-13,-69,9,2300,203,-13,-102,-67,2300,386,-13,-103,-80,2300,332,-18,-109,-81,2300,202,-20,-113,-80,
250,38.91565478333333,-95.31779578333334,2025/Sep/04,15:52:54,311,480,203,2300,216253.32,55302,-101,-14,-68,9,2300,203,-14,-101,-63,2300,386,-13,-102,-80,2300,332,-17,-107,-81,2300,202,-20,-111,-81,
250,38.91565478333333,-95.3177958,2025/Sep/04,15:52:55,311,480,203,2300,216253.32,55302,-101,-13,-69,10,2300,203,-13,-101,-67,2300,386,-12,-101,-81,2300,332,-18,-109,-81,2300,202,-20,-112,-81,
250,38.9156548,-95.31779585,2025/Sep/04,15:52:56,311,480,203,2300,216253.32,55302,-101,-13,-64,10,2300,203,-13,-101,-68,2300,386,-12,-100,-79,2300,332,-17,-108,-79,2300,202,-20,-113,-79,2300,212,-20,-116,-79,
250,38.9156548,-95.31779596666667,2025/Sep/04,15:52:57,311,480,203,2300,216253.32,55302,-101,-17,-63,10,2300,203,-17,-101,-63,2300,386,-16,-102,-78,2300,332,-20,-112,-78,2300,202,-20,-112,-78,
250,38.9156548,-95.31779598333334,2025/Sep/04,15:52:58,311,480,203,2300,216253.32,55302,-101,-13,-68,10,2300,203,-13,-101,-69,2300,386,-12,-102,-81,2300,202,-20,-112,-81,
250,38.91565478333333,-95.31779598333334,2025/Sep/04,15:52:59,311,480,203,2300,216253.32,55302,-101,-13,-67,9,2300,203,-13,-101,-68,2300,386,-12,-101,-81,2300,202,-20,-112,-80,2300,332,-20,-111,-80,2300,212,-20,-113,-80,
250,38.9156548,-95.31779603333334,2025/Sep/04,15:53:00,311,480,203,2300,216253.32,55302,-101,-14,-68,10,2300,203,-14,-101,-68,2300,386,-13,-101,-79,2300,202,-20,-112,-79,2300,332,-20,-109,-79,
250,38.91565476666667,-95.31779586666667,2025/Sep/04,15:53:02,311,480,203,2300,216253.32,55302,-101,-14,-64,10,2300,203,-14,-101,-67,2300,386,-14,-101,-79,2300,212,-20,-116,-78,2300,332,-19,-109,-78,
250,38.915654733333334,-95.31779583333334,2025/Sep/04,15:53:05,311,480,203,2300,216253.32,55302,-101,-14,-66,10,2300,203,-14,-101,-65,2300,386,-13,-101,-79,2300,212,-20,-117,-79,
250,38.91565468333334,-95.3177958,2025/Sep/04,15:53:06,311,480,203,2300,216253.32,55302,-102,-13,-68,9,2300,203,-14,-101,-66,2300,386,-13,-101,-80,2300,332,-17,-107,-80,2300,212,-20,-117,-80,
250,38.91565466666667,-95.3177957,2025/Sep/04,15:53:07,311,480,203,2300,216253.32,55302,-101,-15,-69,10,2300,203,-14,-102,-69,2300,386,-13,-101,-81,2300,332,-18,-108,-81,2300,212,-20,-116,-81,
250,38.91565468333334,-95.3177958,2025/Sep/04,15:53:08,311,480,203,2300,216253.32,55302,-101,-14,-70,10,2300,203,-14,-101,-69,2300,386,-13,-101,-79,2300,332,-18,-108,-79,2300,212,-20,-116,-79,
250,38.91565466666667,-95.31779576666666,2025/Sep/04,15:53:09,311,480,203,2300,216253.32,55302,-101,-13,-66,10,2300,203,-13,-101,-67,2300,386,-13,-101,-80,2300,332,-17,-107,-80,2300,202,-20,-110,-80,
250,38.91565468333334,-95.317796,2025/Sep/04,15:53:10,311,480,203,2300,216253.32,55302,-101,-13,-68,10,2300,203,-13,-101,-68,2300,386,-12,-101,-81,2300,332,-16,-106,-81,2300,202,-20,-111,-81,
250,38.91565466666667,-95.31779591666667,2025/Sep/04,15:53:11,311,480,203,2300,216253.32,55302,-102,-16,-67,10,2300,203,-16,-102,-68,2300,386,-14,-102,-80,2300,332,-18,-107,-80,2300,202,-20,-113,-80,
250,38.91565465,-95.31779573333333,2025/Sep/04,15:53:14,311,480,203,2300,216253.32,55302,-101,-13,-65,10,2300,203,-13,-101,-68,2300,386,-13,-102,-79,2300,332,-16,-107,-79,2300,202,-20,-111,-79,
250,38.91565463333333,-95.31779568333333,2025/Sep/04,15:53:15,311,480,203,2300,216253.32,55302,-100,-13,-68,10,2300,203,-13,-100,-69,2300,386,-13,-102,-81,2300,332,-16,-106,-80,2300,202,-20,-111,-80,
250,38.915654616666664,-95.31779565,2025/Sep/04,15:53:16,311,480,203,2300,216253.32,55302,-101,-15,-64,10,2300,203,-15,-101,-63,2300,386,-14,-101,-78,2300,332,-18,-105,-78,2300,202,-20,-112,-78,
250,38.91565463333333,-95.31779563333333,2025/Sep/04,15:53:17,311,480,203,2300,216253.32,55302,-102,-16,-69,10,2300,203,-15,-101,-65,2300,386,-14,-102,-80,2300,332,-17,-105,-80,2300,202,-20,-111,-79,
250,38.91565463333333,-95.31779561666667,2025/Sep/04,15:53:18,311,480,203,2300,216253.32,55302,-101,-13,-67,10,2300,203,-13,-101,-67,2300,386,-12,-101,-82,2300,332,-15,-105,-82,2300,202,-20,-110,-81,
250,38.91565465,-95.31779566666667,2025/Sep/04,15:53:19,311,480,203,2300,216253.32,55302,-102,-14,-69,10,2300,203,-14,-102,-65,2300,386,-13,-101,-81,2300,332,-16,-105,-81,2300,202,-20,-111,-81,
250,38.91565463333333,-95.3177956,2025/Sep/04,15:53:20,311,480,203,2300,216253.32,55302,-100,-13,-66,10,2300,203,-13,-100,-66,2300,386,-12,-101,-80,2300,332,-16,-106,-80,2300,202,-20,-110,-80,
250,38.91565463333333,-95.31779558333334,2025/Sep/04,15:53:21,311,480,203,2300,216253.32,55302,-101,-12,-68,10,2300,203,-12,-101,-67,2300,386,-12,-102,-79,2300,332,-15,-106,-79,2300,202,-20,-111,-79,
250,38.91565463333333,-95.31779551666666,2025/Sep/04,15:53:22,311,480,203,2300,216253.32,55302,-101,-13,-67,10,2300,203,-14,-101,-63,2300,386,-13,-102,-81,2300,332,-15,-105,-80,2300,202,-20,-111,-81,
250,38.91565463333333,-95.31779551666666,2025/Sep/04,15:53:23,311,480,203,2300,216253.32,55302,-101,-12,-69,10,2300,203,-13,-101,-68,2300,386,-12,-102,-81,2300,332,-17,-108,-82,2300,202,-20,-110,-81,
250,38.915654616666664,-95.31779543333333,2025/Sep/04,15:53:25,311,480,203,2300,216253.32,55302,-101,-15,-63,10,2300,203,-15,-101,-63,2300,386,-15,-103,-79,2300,332,-18,-107,-79,2300,202,-20,-112,-79,
250,38.915654616666664,-95.31779545,2025/Sep/04,15:53:26,311,480,203,2300,216253.32,55302,-101,-14,-68,10,2300,203,-13,-101,-68,2300,386,-13,-103,-81,2300,332,-19,-110,-80,2300,202,-20,-111,-80,
250,38.91565463333333,-95.31779546666667,2025/Sep/04,15:53:27,311,480,203,2300,216253.32,55302,-101,-13,-69,10,2300,203,-13,-101,-69,2300,386,-13,-102,-81,2300,332,-17,-109,-82,2300,202,-20,-111,-82,
250,38.91565463333333,-95.31779543333333,2025/Sep/04,15:53:28,311,480,203,2300,216253.32,55302,-101,-14,-63,10,2300,203,-15,-101,-64,2300,386,-16,-103,-79,2300,332,-19,-108,-79,2300,202,-20,-113,-80,
250,38.915654616666664,-95.31779543333333,2025/Sep/04,15:53:29,311,480,203,2300,216253.32,55302,-101,-15,-64,10,2300,203,-16,-101,-64,2300,386,-15,-102,-77,2300,332,-20,-108,-77,2300,202,-20,-114,-77,
250,38.91565463333333,-95.3177954,2025/Sep/04,15:53:30,311,480,203,2300,216253.32,55302,-101,-12,-68,10,2300,203,-12,-101,-68,2300,386,-14,-103,-79,2300,332,-18,-108,-79,2300,202,-20,-112,-79,
250,38.91565465,-95.31779545,2025/Sep/04,15:53:33,311,480,203,2300,216253.32,55302,-102,-14,-63,10,2300,203,-14,-102,-67,2300,386,-15,-103,-79,2300,332,-19,-108,-79,2300,202,-20,-113,-79,
250,38.91565465,-95.31779541666667,2025/Sep/04,15:53:34,311,480,203,2300,216253.32,55302,-102,-14,-69,10,2300,203,-13,-102,-69,2300,386,-15,-104,-81,2300,332,-17,-108,-81,2300,202,-20,-112,-82,
250,38.91565465,-95.31779546666667,2025/Sep/04,15:53:35,311,480,203,2300,216253.32,55302,-101,-13,-63,10,2300,203,-16,-101,-64,2300,386,-16,-102,-78,2300,332,-19,-107,-77,2300,202,-20,-113,-78,
250,38.91565466666667,-95.31779533333334,2025/Sep/04,15:53:37,311,480,203,2300,216253.32,55302,-102,-16,-68,10,2300,203,-14,-102,-68,2300,386,-13,-102,-81,2300,332,-17,-107,-82,2300,202,-20,-113,-82,
250,38.91565503333333,-95.31779603333334,2025/Sep/04,15:53:38,311,480,203,2300,216253.32,55302,-102,-12,-69,10,2300,203,-12,-101,-68,2300,386,-12,-102,-80,2300,332,-17,-107,-80,2300,202,-20,-112,-80,
250,38.91565485,-95.31779575,2025/Sep/04,15:53:39,311,480,203,2300,216253.32,55302,-101,-12,-69,10,2300,203,-12,-101,-68,2300,386,-12,-101,-81,2300,332,-17,-107,-81,2300,202,-20,-111,-82,
250,38.915654833333335,-95.31779571666667,2025/Sep/04,15:53:40,311,480,203,2300,216253.32,55302,-101,-17,-64,10,2300,203,-17,-101,-63,2300,386,-16,-102,-77,2300,332,-20,-107,-77,2300,202,-20,-113,-77,
250,38.91565485,-95.31779566666667,2025/Sep/04,15:53:41,311,480,203,2300,216253.32,55302,-101,-14,-67,10,2300,203,-14,-101,-68,2300,386,-13,-100,-80,2300,332,-16,-106,-79,2300,202,-20,-111,-80,
250,38.91565485,-95.31779571666667,2025/Sep/04,15:53:42,311,480,203,2300,216253.32,55302,-101,-13,-67,10,2300,203,-13,-101,-68,2300,386,-12,-101,-81,2300,332,-15,-106,-81,2300,202,-20,-111,-81,
250,38.9156548,-95.3177956,2025/Sep/04,15:53:43,311,480,203,2300,216253.32,55302,-101,-17,-64,10,2300,203,-17,-101,-62,2300,386,-15,-100,-77,2300,332,-19,-105,-77,2300,202,-20,-113,-77,
250,38.915654133333334,-95.3177943,2025/Sep/04,15:53:44,311,480,203,2300,216253.32,55302,-101,-16,-64,10,2300,203,-16,-101,-65,2300,386,-15,-100,-77,2300,332,-20,-105,-78,2300,202,-20,-113,-78,
250,38.915654583333335,-95.31779516666667,2025/Sep/04,15:53:45,311,480,203,2300,216253.32,55302,-101,-14,-66,10,2300,203,-14,-101,-63,2300,386,-13,-101,-79,2300,332,-17,-107,-79,2300,202,-20,-112,-79,
250,38.91565456666667,-95.31779513333333,2025/Sep/04,15:53:46,311,480,203,2300,216253.32,55302,-101,-16,-63,10,2300,203,-16,-102,-63,2300,386,-14,-102,-79,2300,332,-20,-108,-80,2300,202,-20,-112,-79,2300,281,-20,-110,-80,
250,38.9156546,-95.31779526666666,2025/Sep/04,15:53:47,311,480,203,2300,216253.32,55302,-101,-14,-65,10,2300,203,-14,-101,-68,2300,386,-14,-102,-79,2300,332,-16,-106,-79,2300,202,-20,-111,-80,
250,38.9156549,-95.31779586666667,2025/Sep/04,15:53:49,311,480,203,2300,216253.32,55302,-101,-17,-64,9,2300,203,-17,-101,-64,2300,386,-16,-100,-77,2300,332,-19,-106,-77,2300,202,-20,-113,-77,
250,38.915654933333336,-95.317796,2025/Sep/04,15:53:50,311,480,203,2300,216253.32,55302,-101,-15,-68,10,2300,203,-14,-101,-66,2300,386,-14,-102,-80,2300,332,-17,-106,-80,2300,202,-20,-111,-80,
250,38.91565495,-95.31779605,2025/Sep/04,15:53:51,311,480,203,2300,216253.32,55302,-101,-13,-67,10,2300,203,-13,-101,-67,2300,386,-14,-102,-80,2300,332,-16,-106,-80,2300,202,-20,-111,-79,
250,38.91565491666667,-95.31779586666667,2025/Sep/04,15:53:52,311,480,203,2300,216253.32,55302,-101,-15,-63,10,2300,203,-16,-101,-63,2300,386,-16,-101,-76,2300,332,-19,-107,-76,2300,202,-20,-112,-76,
250,38.91565491666667,-95.3177959,2025/Sep/04,15:53:53,311,480,203,2300,216253.32,55302,-101,-15,-67,9,2300,203,-15,-101,-65,2300,386,-14,-100,-78,2300,332,-20,-109,-78,2300,202,-20,-111,-79,
250,38.91565491666667,-95.31779598333334,2025/Sep/04,15:53:54,311,480,203,2300,216253.32,55302,-100,-14,-63,10,2300,203,-14,-100,-63,2300,386,-14,-101,-79,2300,332,-20,-111,-79,2300,202,-20,-109,-79,
250,38.91565456666667,-95.31779535,2025/Sep/04,15:53:55,311,480,203,2300,216253.32,55302,-101,-16,-64,9,2300,203,-17,-101,-64,2300,386,-17,-102,-78,2300,332,-20,-107,-78,2300,202,-20,-113,-78,2300,17,-20,-115,-78,
250,38.91565516666667,-95.31779651666666,2025/Sep/04,15:53:56,311,480,203,2300,216253.32,55302,-101,-17,-67,9,2300,203,-16,-101,-65,2300,386,-15,-102,-80,2300,332,-19,-108,-79,2300,202,-20,-112,-79,
250,38.91565475,-95.31779573333333,2025/Sep/04,15:53:57,311,480,203,2300,216253.32,55302,-101,-13,-67,10,2300,203,-13,-101,-68,2300,386,-14,-103,-80,2300,332,-18,-109,-80,2300,202,-20,-112,-80,
250,38.91565498333333,-95.31779621666666,2025/Sep/04,15:53:58,311,480,203,2300,216253.32,55302,-101,-13,-67,10,2300,203,-13,-101,-68,2300,386,-13,-101,-79,
250,38.91565485,-95.31779595,2025/Sep/04,15:54:03,311,480,203,2300,216253.32,55302,-101,-16,-65,10,2300,203,-16,-101,-68,2300,386,-16,-101,-77,
250,38.9156548,-95.31779575,2025/Sep/04,15:54:04,311,480,203,2300,216253.32,55302,-101,-14,-68,9,2300,203,-14,-101,-69,2300,386,-15,-103,-78,2300,332,-15,-105,-78,2300,212,-20,-116,-78,
250,38.915654833333335,-95.31779583333334,2025/Sep/04,15:54:05,311,480,203,2300,216253.32,55302,-101,-13,-69,9,2300,203,-13,-101,-67,2300,386,-14,-102,-79,2300,332,-16,-106,-80,2300,202,-20,-111,-79,
250,38.915654833333335,-95.31779581666666,2025/Sep/04,15:54:06,311,480,203,2300,216253.32,55302,-101,-16,-66,9,2300,203,-16,-101,-64,2300,386,-14,-102,-79,2300,332,-16,-105,-79,2300,202,-20,-113,-79,
250,38.91565416666667,-95.31779443333333,2025/Sep/04,15:54:07,311,480,203,2300,216253.32,55302,-101,-13,-68,9,2300,203,-13,-100,-68,2300,386,-12,-101,-80,2300,332,-15,-105,-80,
250,38.915654366666665,-95.31779481666666,2025/Sep/04,15:54:08,311,480,203,2300,216253.32,55302,-100,-14,-64,9,2300,203,-14,-101,-64,2300,386,-13,-102,-81,2300,332,-15,-106,-81,2300,202,-20,-114,-80,
250,38.91565428333333,-95.31779461666666,2025/Sep/04,15:54:09,311,480,203,2300,216253.32,55302,-101,-15,-68,10,2300,203,-16,-101,-64,2300,386,-14,-102,-78,2300,332,-16,-105,-78,2300,202,-20,-113,-78,
250,38.91565495,-95.3177959,2025/Sep/04,15:54:10,311,480,203,2300,216253.32,55302,-101,-13,-68,10,2300,203,-13,-101,-67,2300,386,-13,-102,-81,2300,332,-15,-107,-81,2300,202,-20,-112,-80,
250,38.91565503333333,-95.31779603333334,2025/Sep/04,15:54:11,311,480,203,2300,216253.32,55302,-101,-15,-65,9,2300,203,-14,-101,-68,2300,386,-14,-102,-81,2300,332,-17,-107,-81,2300,202,-20,-112,-81,
250,38.91565503333333,-95.31779605,2025/Sep/04,15:54:13,311,480,203,2300,216253.32,55302,-101,-13,-67,10,2300,203,-13,-101,-66,2300,386,-13,-103,-81,2300,332,-16,-107,-81,2300,202,-20,-112,-80,
240,38.915655783333335,-95.3177975,2025/Sep/04,15:54:14,311,480,203,2300,216253.32,55302,-101,-13,-67,10,2300,203,-14,-101,-66,2300,386,-15,-104,-79,2300,332,-17,-108,-79,2300,202,-20,-111,-79,
250,38.915655316666665,-95.31779658333333,2025/Sep/04,15:54:15,311,480,203,2300,216253.32,55302,-101,-14,-65,10,2300,203,-15,-100,-62,2300,386,-16,-105,-77,2300,332,-18,-107,-77,2300,202,-20,-110,-77,
250,38.915655433333335,-95.31779686666667,2025/Sep/04,15:54:16,311,480,203,2300,216253.32,55302,-101,-13,-67,10,2300,203,-13,-100,-69,2300,386,-15,-105,-81,2300,332,-17,-107,-81,2300,202,-20,-110,-81,
250,38.91565541666667,-95.31779676666666,2025/Sep/04,15:54:17,311,480,203,2300,216253.32,55302,-101,-15,-63,10,2300,203,-14,-101,-67,2300,386,-16,-104,-80,2300,332,-19,-106,-79,2300,202,-20,-112,-79,
250,38.91565545,-95.31779683333333,2025/Sep/04,15:54:18,311,480,203,2300,216253.32,55302,-101,-14,-66,10,2300,203,-14,-101,-68,2300,386,-15,-102,-80,2300,332,-17,-105,-80,2300,202,-20,-111,-80,
240,38.915655916666665,-95.3177977,2025/Sep/04,15:54:20,311,480,203,2300,216253.32,55302,-101,-13,-66,9,2300,203,-13,-101,-66,2300,386,-14,-103,-80,2300,332,-17,-106,-80,2300,202,-20,-112,-80,
240,38.91565596666667,-95.3177978,2025/Sep/04,15:54:21,311,480,203,2300,216253.32,55302,-101,-14,-66,11,2300,203,-14,-100,-67,2300,386,-15,-103,-79,2300,332,-19,-109,-80,2300,202,-20,-111,-80,
240,38.91565621666667,-95.31779826666667,2025/Sep/04,15:54:22,311,480,203,2300,216253.32,55302,-100,-16,-61,9,2300,203,-16,-100,-63,2300,386,-16,-102,-76,2300,332,-19,-107,-76,2300,212,-20,-114,-76,
240,38.915656383333335,-95.31779853333333,2025/Sep/04,15:54:25,311,480,203,2300,216253.32,55302,-100,-16,-66,9,2300,203,-16,-100,-65,2300,386,-15,-102,-77,2300,332,-18,-106,-77,2300,212,-20,-115,-78,
240,38.9156564,-95.31779858333333,2025/Sep/04,15:54:26,311,480,203,2300,216253.32,55302,-101,-17,-63,9,2300,203,-17,-101,-62,2300,386,-17,-102,-76,2300,332,-20,-109,-76,2300,212,-20,-114,-77,
240,38.91565621666667,-95.3177982,2025/Sep/04,15:54:27,311,480,203,2300,216253.32,55302,-101,-14,-68,10,2300,203,-15,-101,-64,2300,386,-14,-104,-79,2300,332,-17,-107,-79,2300,212,-20,-115,-79,
240,38.91565685,-95.31779936666666,2025/Sep/04,15:54:29,311,480,203,2300,216253.32,55302,-100,-14,-65,10,2300,203,-14,-100,-68,2300,386,-15,-103,-80,2300,332,-17,-107,-79,2300,212,-20,-116,-80,
240,38.91565685,-95.3177994,2025/Sep/04,15:54:30,311,480,203,2300,216253.32,55302,-101,-15,-64,10,2300,203,-15,-101,-64,2300,386,-16,-103,-78,2300,332,-19,-107,-78,2300,212,-20,-115,-78,
240,38.915656733333336,-95.31779923333333,2025/Sep/04,15:54:32,311,480,203,2300,216253.32,55302,-101,-15,-64,11,2300,203,-15,-101,-64,2300,386,-15,-103,-79,2300,332,-17,-106,-78,2300,212,-20,-116,-79,
240,38.91565675,-95.3177992,2025/Sep/04,15:54:33,311,480,203,2300,216253.32,55302,-100,-15,-63,10,2300,203,-14,-100,-68,2300,386,-15,-102,-81,2300,332,-17,-106,-81,2300,147,-20,-115,-81,2300,212,-20,-118,-81,
240,38.915656733333336,-95.31779918333334,2025/Sep/04,15:54:34,311,480,203,2300,216253.32,55302,-101,-15,-64,10,2300,203,-15,-101,-67,2300,386,-14,-102,-80,2300,332,-18,-107,-80,2300,212,-20,-117,-80,
240,38.91565631666667,-95.31779846666667,2025/Sep/04,15:54:35,311,480,203,2300,216253.32,55302,-101,-15,-62,10,2300,203,-15,-100,-65,2300,386,-16,-103,-78,2300,332,-20,-108,-78,2300,212,-20,-116,-78,
240,38.91565625,-95.31779843333334,2025/Sep/04,15:54:37,311,480,203,2300,216253.32,55302,-100,-15,-63,11,2300,203,-15,-100,-63,2300,386,-17,-104,-79,2300,332,-19,-109,-79,2300,212,-20,-116,-79,
240,38.91565618333333,-95.31779833333333,2025/Sep/04,15:54:38,311,480,203,2300,216253.32,55302,-101,-13,-66,11,2300,203,-13,-101,-65,2300,386,-14,-102,-80,2300,332,-16,-108,-79,2300,212,-20,-117,-79,
240,38.91565605,-95.317798,2025/Sep/04,15:54:40,311,480,203,2300,216253.32,55302,-101,-15,-63,11,2300,203,-15,-101,-63,2300,386,-16,-104,-80,2300,332,-18,-108,-80,
240,38.91565601666667,-95.317798,2025/Sep/04,15:54:41,311,480,203,2300,216253.32,55302,-101,-13,-65,10,2300,203,-13,-100,-69,2300,386,-16,-105,-80,2300,332,-15,-106,-80,
240,38.915656,-95.317798,2025/Sep/04,15:54:42,311,480,203,2300,216253.32,55302,-100,-14,-64,11,2300,203,-13,-100,-67,2300,386,-15,-104,-80,2300,332,-17,-108,-80,
240,38.91565601666667,-95.31779793333334,2025/Sep/04,15:54:43,311,480,203,2300,216253.32,55302,-101,-13,-68,10,2300,203,-14,-101,-65,2300,386,-15,-103,-80,2300,332,-19,-109,-80,
250,38.91565541666667,-95.31779676666666,2025/Sep/04,15:54:45,311,480,203,2300,216253.32,55302,-101,-13,-67,10,2300,203,-13,-101,-65,2300,386,-15,-104,-79,2300,332,-18,-108,-79,
240,38.91565551666667,-95.31779693333333,2025/Sep/04,15:54:46,311,480,203,2300,216253.32,55302,-100,-15,-61,11,2300,203,-15,-101,-62,2300,386,-16,-103,-79,2300,332,-17,-106,-79,2300,212,-20,-115,-80,
240,38.915655533333336,-95.31779686666667,2025/Sep/04,15:54:48,311,480,203,2300,216253.32,55302,-100,-16,-69,11,2300,203,-16,-101,-68,2300,386,-17,-104,-78,2300,332,-19,-106,-77,
240,38.91565551666667,-95.31779693333333,2025/Sep/04,15:54:49,311,480,203,2300,216253.32,55302,-101,-13,-66,10,2300,203,-13,-101,-66,2300,386,-14,-104,-82,2300,332,-16,-107,-82,2300,212,-20,-119,-82,
240,38.91565551666667,-95.31779691666667,2025/Sep/04,15:54:50,311,480,203,2300,216253.32,55302,-101,-13,-69,10,2300,203,-13,-101,-67,2300,386,-14,-103,-81,2300,332,-16,-107,-81,
240,38.91565551666667,-95.3177969,2025/Sep/04,15:54:51,311,480,203,2300,216253.32,55302,-101,-15,-63,10,2300,203,-15,-101,-62,2300,386,-15,-102,-80,2300,332,-18,-108,-80,2300,212,-20,-117,-80,
240,38.91565548333333,-95.3177969,2025/Sep/04,15:54:52,311,480,203,2300,216253.32,55302,-101,-15,-64,10,2300,203,-15,-101,-63,2300,386,-14,-102,-80,2300,332,-17,-108,-79,
240,38.91565585,-95.31779755,2025/Sep/04,15:54:53,311,480,203,2300,216253.32,55302,-100,-13,-67,10,2300,203,-13,-100,-67,2300,386,-13,-103,-81,2300,332,-17,-108,-81,2300,202,-20,-110,-81,
240,38.91565586666667,-95.31779758333333,2025/Sep/04,15:54:54,311,480,203,2300,216253.32,55302,-100,-16,-63,9,2300,203,-16,-101,-62,2300,386,-14,-102,-79,2300,332,-20,-110,-79,
240,38.915655883333336,-95.31779756666667,2025/Sep/04,15:54:55,311,480,203,2300,216253.32,55302,-101,-15,-65,9,2300,203,-15,-101,-68,2300,386,-13,-102,-80,2300,332,-18,-107,-80,
240,38.91565586666667,-95.31779761666667,2025/Sep/04,15:54:56,311,480,203,2300,216253.32,55302,-101,-15,-66,9,2300,203,-16,-101,-66,2300,386,-13,-102,-80,2300,332,-19,-109,-80,
240,38.91565623333334,-95.31779833333333,2025/Sep/04,15:54:59,311,480,203,2300,216253.32,55302,-100,-14,-64,10,2300,203,-14,-100,-62,2300,386,-14,-103,-81,2300,332,-17,-108,-81,
240,38.915656166666665,-95.31779821666667,2025/Sep/04,15:55:00,311,480,203,2300,216253.32,55302,-100,-14,-66,9,2300,203,-16,-100,-61,2300,386,-15,-103,-79,2300,332,-18,-107,-78,
240,38.915656166666665,-95.31779818333334,2025/Sep/04,15:55:01,311,480,203,2300,216253.32,55302,-101,-15,-65,9,2300,203,-15,-101,-69,2300,386,-15,-102,-81,2300,332,-16,-105,-81,
240,38.915656166666665,-95.31779816666666,2025/Sep/04,15:55:02,311,480,203,2300,216253.32,55302,-101,-15,-67,9,2300,203,-15,-101,-63,2300,386,-15,-103,-79,2300,332,-20,-108,-79,2300,212,-20,-116,-79,
240,38.915656166666665,-95.31779815,2025/Sep/04,15:55:03,311,480,203,2300,216253.32,55302,-101,-14,-67,10,2300,203,-13,-101,-66,2300,386,-14,-103,-81,2300,332,-15,-106,-80,
240,38.9156562,-95.31779821666667,2025/Sep/04,15:55:04,311,480,203,2300,216253.32,55302,-101,-13,-67,11,2300,203,-13,-101,-66,2300,386,-14,-101,-79,2300,212,-20,-116,-78,
240,38.915656266666666,-95.31779836666666,2025/Sep/04,15:55:05,311,480,203,2300,216253.32,55302,-101,-16,-62,10,
250,38.915625,-95.3177368,2025/Sep/04,16:59:55,311,480,203,2300,216253.32,55302,-100,-12,-67,11,2300,203,-12,-100,-67,2300,386,-14,-104,-81,2300,202,-18,-109,-81,
250,38.91562498333333,-95.31773691666666,2025/Sep/04,16:59:57,311,480,203,2300,216253.32,55302,-100,-12,-67,12,2300,203,-12,-100,-67,2300,386,-14,-104,-81,2300,202,-18,-109,-81,
250,38.91562493333333,-95.317737,2025/Sep/04,16:59:58,311,480,203,2300,216253.32,55302,-100,-11,-68,11,2300,203,-11,-100,-65,2300,386,-15,-105,-81,2300,202,-20,-111,-81,
250,38.91562486666667,-95.31773705,2025/Sep/04,17:00:00,311,480,203,2300,216253.32,55302,-100,-14,-65,10,2300,203,-14,-100,-66,2300,386,-16,-104,-80,2300,202,-20,-110,-80,
250,38.91562483333333,-95.31773708333333,2025/Sep/04,17:00:01,311,480,203,2300,216253.32,55302,-101,-11,-69,11,2300,203,-11,-100,-68,2300,386,-14,-104,-82,2300,202,-20,-110,-82,
250,38.91562485,-95.31773708333333,2025/Sep/04,17:00:03,311,480,203,2300,216253.32,55302,-100,-14,-65,11,2300,203,-15,-100,-64,2300,386,-17,-104,-77,2300,202,-20,-106,-77,
250,38.915624816666664,-95.31773715,2025/Sep/04,17:00:05,311,480,203,2300,216253.32,55302,-101,-16,-64,10,2300,203,-16,-101,-63,2300,386,-17,-104,-78,2300,202,-20,-110,-78,
250,38.915624816666664,-95.31773716666666,2025/Sep/04,17:00:06,311,480,203,2300,216253.32,55302,-101,-16,-65,11,2300,203,-16,-101,-65,2300,386,-16,-104,-78,2300,202,-19,-106,-79,
250,38.915624816666664,-95.31773716666666,2025/Sep/04,17:00:07,311,480,203,2300,216253.32,55302,-100,-11,-69,12,2300,203,-11,-100,-67,2300,386,-14,-104,-81,2300,202,-20,-110,-81,
250,38.915624816666664,-95.31773716666666,2025/Sep/04,17:00:08,311,480,203,2300,216253.32,55302,-101,-13,-67,10,2300,203,-13,-101,-68,2300,386,-15,-106,-80,2300,202,-20,-111,-81,2300,281,-20,-108,-80,
250,38.915624816666664,-95.31773716666666,2025/Sep/04,17:00:09,311,480,203,2300,216253.32,55302,-101,-12,-68,11,2300,203,-12,-101,-68,2300,386,-14,-104,-82,2300,202,-17,-107,-82,2300,281,-18,-108,-82,
250,38.915624816666664,-95.31773718333334,2025/Sep/04,17:00:10,311,480,203,2300,216253.32,55302,-101,-13,-68,11,2300,203,-12,-101,-69,2300,386,-12,-102,-82,2300,202,-18,-108,-82,2300,281,-19,-110,-83,
250,38.9156248,-95.31773721666667,2025/Sep/04,17:00:11,311,480,203,2300,216253.32,55302,-101,-13,-69,11,2300,203,-12,-101,-69,2300,386,-13,-104,-82,2300,202,-20,-113,-81,2300,281,-20,-119,-81,
250,38.915624783333335,-95.31773723333333,2025/Sep/04,17:00:12,311,480,203,2300,216253.32,55302,-101,-12,-69,11,2300,203,-12,-101,-69,2300,386,-12,-102,-81,2300,202,-20,-113,-81,
250,38.91562476666667,-95.31773725,2025/Sep/04,17:00:13,311,480,203,2300,216253.32,55302,-101,-12,-70,11,2300,203,-12,-100,-64,2300,386,-14,-103,-78,2300,202,-20,-110,-78,2300,110,-20,-110,-78,
250,38.91562475,-95.31773726666667,2025/Sep/04,17:00:14,311,480,203,2300,216253.32,55302,-100,-12,-69,11,2300,203,-12,-100,-68,2300,386,-13,-102,-81,2300,202,-20,-110,-82,2300,110,-17,-107,-80,
250,38.9156247,-95.3177373,2025/Sep/04,17:00:16,311,480,203,2300,216253.32,55302,-101,-12,-68,10,2300,203,-12,-101,-68,2300,386,-13,-102,-81,2300,202,-20,-110,-82,2300,110,-17,-107,-80,
250,38.915624683333334,-95.31773733333333,2025/Sep/04,17:00:17,311,480,203,2300,216253.32,55302,-101,-11,-69,11,2300,203,-12,-101,-69,2300,386,-14,-103,-80,2300,202,-20,-112,-81,2300,110,-20,-110,-81,
250,38.915624666666666,-95.31773731666667,2025/Sep/04,17:00:18,311,480,203,2300,216253.32,55302,-101,-12,-68,11,2300,203,-13,-101,-64,2300,386,-14,-104,-81,2300,202,-20,-112,-80,2300,110,-20,-109,-80,
250,38.915624666666666,-95.31773731666667,2025/Sep/04,17:00:19,311,480,203,2300,216253.32,55302,-101,-12,-69,11,2300,203,-12,-101,-69,2300,386,-16,-105,-81,2300,202,-20,-111,-81,2300,110,-20,-110,-82,
250,38.915624683333334,-95.31773733333333,2025/Sep/04,17:00:20,311,480,203,2300,216253.32,55302,-101,-13,-70,11,2300,203,-13,-101,-66,2300,386,-16,-105,-80,2300,202,-20,-112,-80,2300,110,-20,-110,-80,
250,38.915624666666666,-95.31773735,2025/Sep/04,17:00:21,311,480,203,2300,216253.32,55302,-100,-12,-63,11,2300,203,-12,-100,-69,2300,386,-15,-105,-82,2300,202,-20,-111,-82,2300,110,-20,-111,-82,
250,38.91562465,-95.31773738333334,2025/Sep/04,17:00:22,311,480,203,2300,216253.32,55302,-100,-12,-69,11,2300,203,-12,-100,-69,2300,386,-15,-105,-82,2300,202,-20,-111,-82,2300,110,-20,-111,-82,
250,38.915624666666666,-95.31773736666666,2025/Sep/04,17:00:23,311,480,203,2300,216253.32,55302,-100,-12,-68,11,2300,203,-13,-100,-64,2300,386,-15,-104,-75,2300,202,-20,-111,-76,2300,110,-20,-111,-75,
250,38.91562465,-95.31773738333334,2025/Sep/04,17:00:24,311,480,203,2300,216253.32,55302,-100,-14,-61,11,2300,203,-13,-100,-69,2300,386,-15,-104,-81,2300,202,-20,-111,-81,2300,110,-20,-110,-81,
250,38.91562465,-95.31773738333334,2025/Sep/04,17:00:25,311,480,203,2300,216253.32,55302,-100,-13,-68,11,2300,203,-13,-100,-67,2300,386,-14,-104,-80,2300,202,-20,-110,-80,2300,110,-20,-112,-81,2300,271,-20,-114,-81,
250,38.91562463333333,-95.31773741666666,2025/Sep/04,17:00:26,311,480,203,2300,216253.32,55302,-100,-13,-67,11,2300,203,-12,-101,-67,2300,386,-15,-104,-81,2300,110,-20,-112,-81,2300,202,-20,-113,-81,
250,38.91562458333333,-95.31773753333333,2025/Sep/04,17:00:30,311,480,203,2300,216253.32,55302,-101,-13,-68,11,2300,203,-13,-101,-66,2300,386,-16,-104,-80,2300,110,-20,-113,-80,2300,202,-20,-113,-80,
250,38.915624566666665,-95.31773756666666,2025/Sep/04,17:00:31,311,480,203,2300,216253.32,55302,-101,-13,-66,11,2300,203,-13,-101,-67,2300,386,-16,-106,-80,2300,110,-20,-111,-81,2300,202,-20,-113,-81,2300,289,-20,-118,-81,
250,38.91562458333333,-95.31773755,2025/Sep/04,17:00:32,311,480,203,2300,216253.32,55302,-101,-13,-68,11,2300,203,-13,-101,-68,2300,386,-17,-107,-80,2300,110,-20,-112,-82,2300,202,-20,-112,-81,2300,289,-20,-118,-81,
250,38.915624566666665,-95.31773755,2025/Sep/04,17:00:33,311,480,203,2300,216253.32,55302,-101,-13,-69,11,2300,203,-13,-101,-69,2300,289,-20,-116,-81,2300,110,-20,-111,-82,2300,202,-20,-113,-82,2300,386,-16,-105,-80,2300,413,-20,-115,-82,2300,332,-20,-112,-81,
250,38.915624566666665,-95.31773755,2025/Sep/04,17:00:34,311,480,203,2300,216253.32,55302,-101,-13,-68,11,2300,203,-12,-101,-68,2300,6,-20,-116,-81,2300,110,-20,-111,-82,2300,202,-20,-111,-82,2300,386,-14,-104,-82,2300,212,-20,-116,-81,2300,332,-20,-113,-82,2300,413,-20,-117,-82,
250,38.91562455,-95.31773756666666,2025/Sep/04,17:00:35,311,480,203,2300,216253.32,55302,-101,-12,-68,11,2300,203,-13,-101,-69,2300,212,-17,-107,-81,2300,110,-15,-105,-82,2300,202,-18,-108,-82,2300,386,-12,-102,-82,
250,38.915624533333336,-95.31773758333334,2025/Sep/04,17:00:36,311,480,203,2300,216253.32,55302,-101,-13,-68,11,2300,203,-13,-102,-66,2300,386,-14,-103,-79,2300,110,-20,-109,-79,2300,202,-20,-112,-79,2300,289,-20,-114,-79,
250,38.915624533333336,-95.31773761666666,2025/Sep/04,17:00:37,311,480,203,2300,216253.32,55302,-102,-12,-68,11,2300,203,-12,-102,-69,2300,386,-14,-103,-81,2300,110,-18,-107,-81,2300,202,-19,-108,-81,2300,403,-20,-110,-83,
250,38.9156245,-95.31773765,2025/Sep/04,17:00:38,311,480,203,2300,216253.32,55302,-101,-13,-66,11,2300,203,-12,-101,-70,2300,386,-13,-104,-82,2300,202,-20,-110,-82,2300,110,-19,-109,-82,2300,332,-17,-108,-82,
250,38.91562448333333,-95.31773765,2025/Sep/04,17:00:39,311,480,203,2300,216253.32,55302,-101,-12,-69,11,2300,203,-12,-101,-68,2300,386,-16,-104,-81,2300,202,-20,-111,-81,2300,110,-20,-111,-81,
250,38.91562445,-95.31773771666667,2025/Sep/04,17:00:41,311,480,203,2300,216253.32,55302,-101,-13,-68,10,2300,203,-12,-101,-65,2300,386,-16,-103,-79,2300,202,-20,-112,-79,2300,110,-20,-112,-79,
250,38.91562445,-95.31773775,2025/Sep/04,17:00:42,311,480,203,2300,216253.32,55302,-101,-12,-68,11,2300,203,-12,-101,-68,2300,386,-14,-104,-83,2300,202,-20,-111,-82,2300,110,-20,-111,-82,
250,38.915624433333335,-95.31773776666667,2025/Sep/04,17:00:43,311,480,203,2300,216253.32,55302,-101,-12,-68,11,2300,203,-12,-101,-68,2300,386,-14,-104,-82,2300,110,-20,-110,-82,2300,202,-20,-112,-81,2300,6,-20,-120,-82,
250,38.915624433333335,-95.31773778333333,2025/Sep/04,17:00:44,311,480,203,2300,216253.32,55302,-101,-14,-66,12,2300,203,-12,-101,-69,2300,386,-13,-103,-82,2300,110,-16,-107,-82,2300,202,-20,-109,-81,2300,332,-20,-110,-81,
250,38.91562445,-95.31773778333333,2025/Sep/04,17:00:45,311,480,203,2300,216253.32,55302,-102,-13,-68,10,2300,203,-13,-101,-67,2300,386,-16,-103,-79,2300,110,-20,-107,-79,2300,202,-19,-107,-79,
250,38.91562445,-95.31773783333334,2025/Sep/04,17:00:46,311,480,203,2300,216253.32,55302,-101,-12,-66,11,2300,203,-11,-101,-69,2300,386,-15,-104,-82,2300,212,-20,-118,-82,2300,202,-19,-110,-82,
250,38.91562445,-95.31773785,2025/Sep/04,17:00:47,311,480,203,2300,216253.32,55302,-101,-12,-66,11,2300,203,-12,-101,-67,2300,386,-15,-104,-81,2300,202,-20,-113,-81,2300,110,-20,-111,-81,
250,38.91562441666667,-95.31773788333334,2025/Sep/04,17:00:48,311,480,203,2300,216253.32,55302,-101,-12,-68,11,2300,203,-12,-101,-68,2300,386,-15,-104,-81,2300,202,-20,-112,-81,2300,110,-20,-110,-81,
250,38.915624433333335,-95.31773788333334,2025/Sep/04,17:00:49,311,480,203,2300,216253.32,55302,-101,-12,-69,11,2300,203,-12,-101,-68,2300,386,-15,-104,-80,2300,202,-20,-112,-80,2300,110,-20,-110,-80,
250,38.91562445,-95.31773791666667,2025/Sep/04,17:00:50,311,480,203,2300,216253.32,55302,-101,-12,-68,11,2300,203,-12,-101,-68,2300,386,-14,-103,-80,2300,202,-20,-111,-81,2300,110,-20,-109,-80,
250,38.915624433333335,-95.31773795,2025/Sep/04,17:00:51,311,480,203,2300,216253.32,55302,-101,-12,-68,11,2300,203,-13,-101,-65,2300,386,-16,-105,-79,2300,202,-20,-112,-79,2300,110,-20,-110,-79,
250,38.91562448333333,-95.31773793333333,2025/Sep/04,17:00:52,311,480,203,2300,216253.32,55302,-101,-12,-68,11,2300,203,-12,-101,-66,2300,386,-17,-106,-80,2300,202,-20,-110,-80,2300,110,-20,-110,-80,
250,38.91562448333333,-95.317738,2025/Sep/04,17:00:54,311,480,203,2300,216253.32,55302,-101,-12,-70,12,2300,203,-11,-101,-68,2300,386,-15,-105,-81,2300,202,-20,-111,-81,
250,38.91562451666667,-95.31773801666667,2025/Sep/04,17:00:57,311,480,203,2300,216253.32,55302,-101,-12,-69,11,2300,203,-12,-101,-68,2300,386,-14,-104,-81,2300,202,-20,-112,-81,
250,38.9156245,-95.31773805,2025/Sep/04,17:00:59,311,480,203,2300,216253.32,55302,-101,-14,-65,10,2300,203,-14,-101,-66,2300,386,-15,-103,-80,2300,202,-20,-112,-80,
250,38.9156245,-95.31773805,2025/Sep/04,17:01:00,311,480,203,2300,216253.32,55302,-101,-13,-69,11,2300,203,-13,-101,-68,2300,386,-15,-104,-81,2300,202,-20,-113,-81,
250,38.915624466666664,-95.31773806666666,2025/Sep/04,17:01:01,311,480,203,2300,216253.32,55302,-101,-11,-69,11,2300,203,-11,-101,-69,2300,386,-14,-103,-81,2300,202,-20,-111,-81,
250,38.91562445,-95.3177381,2025/Sep/04,17:01:03,311,480,203,2300,216253.32,55302,-101,-12,-67,11,2300,203,-12,-101,-67,2300,386,-15,-104,-82,2300,202,-20,-110,-82,2300,110,-20,-109,-82,
250,38.91562448333333,-95.31773811666666,2025/Sep/04,17:01:04,311,480,203,2300,216253.32,55302,-101,-12,-69,11,2300,203,-12,-101,-68,2300,386,-14,-103,-81,2300,202,-20,-111,-81,
250,38.91562445,-95.31773813333334,2025/Sep/04,17:01:06,311,480,203,2300,216253.32,55302,-101,-12,-68,12,2300,203,-12,-101,-68,2300,386,-14,-104,-82,2300,202,-20,-110,-82,
250,38.915624533333336,-95.31773808333334,2025/Sep/04,17:01:07,311,480,203,2300,216253.32,55302,-101,-12,-69,12,2300,203,-12,-101,-68,2300,386,-13,-103,-82,2300,202,-20,-110,-82,
250,38.91562455,-95.3177381,2025/Sep/04,17:01:08,311,480,203,2300,216253.32,55302,-101,-12,-68,11,2300,203,-12,-101,-65,2300,386,-14,-103,-80,2300,202,-20,-111,-80,
250,38.915624533333336,-95.3177381,2025/Sep/04,17:01:09,311,480,203,2300,216253.32,55302,-101,-12,-67,11,2300,203,-12,-101,-67,2300,386,-14,-102,-80,2300,202,-20,-109,-80,2300,212,-20,-113,-80,
250,38.91562451666667,-95.31773813333334,2025/Sep/04,17:01:10,311,480,203,2300,216253.32,55302,-100,-11,-67,11,2300,203,-11,-100,-68,2300,386,-13,-102,-81,2300,202,-20,-110,-81,2300,212,-20,-115,-81,
250,38.9156245,-95.31773816666667,2025/Sep/04,17:01:11,311,480,203,2300,216253.32,55302,-101,-13,-67,11,2300,203,-13,-101,-68,2300,386,-15,-102,-78,2300,202,-20,-108,-78,2300,212,-20,-107,-78,
250,38.91562448333333,-95.31773818333333,2025/Sep/04,17:01:12,311,480,203,2300,216253.32,55302,-101,-13,-68,11,2300,203,-12,-101,-68,2300,386,-13,-102,-80,2300,202,-20,-109,-80,2300,212,-20,-113,-80,
250,38.91562445,-95.31773823333333,2025/Sep/04,17:01:13,311,480,203,2300,216253.32,55302,-101,-12,-65,12,2300,203,-12,-101,-68,2300,386,-13,-102,-81,2300,202,-20,-110,-81,2300,281,-19,-109,-81,
250,38.91562445,-95.31773825,2025/Sep/04,17:01:14,311,480,203,2300,216253.32,55302,-102,-13,-68,10,2300,203,-13,-102,-67,2300,386,-14,-103,-81,2300,202,-20,-111,-81,2300,281,-20,-110,-81,
250,38.91562441666667,-95.31773826666667,2025/Sep/04,17:01:16,311,480,203,2300,216253.32,55302,-101,-12,-68,11,2300,203,-12,-101,-67,2300,386,-14,-103,-79,2300,202,-20,-111,-79,
250,38.91562441666667,-95.3177383,2025/Sep/04,17:01:17,311,480,203,2300,216253.32,55302,-102,-14,-66,11,2300,203,-14,-102,-67,2300,386,-15,-103,-80,2300,202,-20,-113,-80,2300,110,-20,-118,-80,
250,38.91562441666667,-95.31773831666666,2025/Sep/04,17:01:18,311,480,203,2300,216253.32,55302,-102,-14,-70,12,2300,203,-14,-101,-66,2300,386,-15,-104,-80,2300,202,-20,-113,-80,2300,110,-20,-113,-80,
250,38.91562438333333,-95.31773833333334,2025/Sep/04,17:01:19,311,480,203,2300,216253.32,55302,-102,-13,-69,11,2300,203,-12,-102,-69,2300,386,-14,-103,-82,2300,202,-20,-112,-81,2300,110,-20,-115,-82,
250,38.91562435,-95.31773835,2025/Sep/04,17:01:20,311,480,203,2300,216253.32,55302,-101,-12,-69,11,2300,203,-12,-101,-69,2300,386,-13,-102,-82,2300,202,-20,-113,-82,2300,110,-20,-112,-81,
250,38.91562435,-95.31773836666666,2025/Sep/04,17:01:21,311,480,203,2300,216253.32,55302,-101,-12,-68,11,2300,203,-12,-101,-67,2300,386,-13,-103,-82,2300,202,-20,-112,-82,
250,38.915624333333334,-95.31773838333334,2025/Sep/04,17:01:22,311,480,203,2300,216253.32,55302,-101,-12,-69,11,2300,203,-12,-101,-66,2300,386,-15,-103,-79,2300,202,-20,-111,-79,2300,110,-20,-115,-79,
250,38.915624333333334,-95.31773841666667,2025/Sep/04,17:01:23,311,480,203,2300,216253.32,55302,-101,-15,-66,11,2300,203,-12,-101,-67,2300,386,-15,-104,-81,2300,202,-20,-111,-81,2300,110,-20,-111,-81,
250,38.91562426666667,-95.31773851666667,2025/Sep/04,17:01:28,311,480,203,2300,216253.32,55302,-102,-12,-68,12,2300,203,-12,-101,-67,2300,386,-15,-103,-80,2300,202,-20,-110,-81,2300,110,-18,-108,-81,
250,38.91562428333334,-95.31773853333334,2025/Sep/04,17:01:29,311,480,203,2300,216253.32,55302,-101,-13,-68,11,2300,203,-12,-101,-68,2300,386,-15,-103,-80,2300,202,-20,-110,-81,2300,110,-18,-108,-81,
250,38.91562426666667,-95.31773855,2025/Sep/04,17:01:30,311,480,203,2300,216253.32,55302,-101,-11,-68,10,2300,203,-11,-101,-68,2300,386,-15,-103,-81,2300,202,-20,-111,-80,
250,38.91562426666667,-95.31773858333334,2025/Sep/04,17:01:31,311,480,203,2300,216253.32,55302,-101,-12,-68,12,2300,203,-11,-102,-69,2300,386,-15,-104,-81,2300,202,-20,-112,-82,2300,445,-20,-120,-83,
250,38.91562425,-95.31773856666666,2025/Sep/04,17:01:32,311,480,203,2300,216253.32,55302,-101,-11,-69,11,2300,203,-11,-101,-69,2300,386,-13,-102,-81,2300,202,-19,-110,-82,
250,38.91562425,-95.3177386,2025/Sep/04,17:01:33,311,480,203,2300,216253.32,55302,-101,-11,-69,11,2300,203,-12,-101,-69,2300,386,-14,-103,-81,2300,202,-20,-111,-81,
250,38.915624216666664,-95.31773861666667,2025/Sep/04,17:01:34,311,480,203,2300,216253.32,55302,-101,-11,-68,11,2300,203,-11,-101,-69,2300,386,-13,-103,-81,2300,202,-20,-111,-81,
250,38.9156242,-95.31773863333333,2025/Sep/04,17:01:35,311,480,203,2300,216253.32,55302,-101,-13,-68,11,2300,203,-13,-101,-66,2300,386,-14,-104,-81,2300,202,-20,-112,-81,
250,38.9156242,-95.31773866666667,2025/Sep/04,17:01:36,311,480,203,2300,216253.32,55302,-101,-12,-69,11,2300,203,-12,-101,-68,2300,386,-14,-103,-81,2300,202,-20,-111,-81,2300,110,-20,-112,-81,
250,38.915624183333335,-95.31773868333333,2025/Sep/04,17:01:37,311,480,203,2300,216253.32,55302,-101,-11,-68,11,2300,203,-13,-101,-69,2300,386,-15,-103,-79,2300,202,-20,-112,-79,2300,110,-20,-109,-80,
250,38.91562415,-95.31773871666667,2025/Sep/04,17:01:38,311,480,203,2300,216253.32,55302,-101,-13,-70,12,2300,203,-13,-101,-68,2300,386,-15,-103,-79,2300,202,-20,-112,-79,2300,281,-18,-107,-79,
250,38.91562413333333,-95.31773875,2025/Sep/04,17:01:39,311,480,203,2300,216253.32,55302,-101,-12,-68,11,2300,203,-12,-101,-69,2300,386,-14,-102,-82,2300,202,-20,-111,-81,
250,38.91562411666666,-95.31773876666666,2025/Sep/04,17:01:40,311,480,203,2300,216253.32,55302,-101,-13,-69,11,2300,203,-13,-101,-70,2300,386,-14,-102,-81,2300,202,-20,-111,-81,2300,281,-20,-109,-81,
250,38.91562411666666,-95.31773878333334,2025/Sep/04,17:01:41,311,480,203,2300,216253.32,55302,-101,-13,-68,12,2300,203,-14,-101,-68,2300,386,-12,-102,-81,2300,202,-19,-106,-79,2300,281,-19,-107,-79,2300,212,-20,-113,-79,
250,38.91562411666666,-95.3177388,2025/Sep/04,17:01:42,311,480,203,2300,216253.32,55302,-101,-13,-66,10,2300,203,-12,-101,-69,2300,386,-14,-104,-81,2300,202,-20,-112,-82,
250,38.915624066666666,-95.31773881666666,2025/Sep/04,17:01:43,311,480,203,2300,216253.32,55302,-102,-12,-70,11,2300,203,-14,-101,-70,2300,386,-14,-104,-82,2300,202,-20,-108,-80,2300,110,-18,-107,-81,
250,38.915624066666666,-95.31773888333333,2025/Sep/04,17:01:44,311,480,203,2300,216253.32,55302,-102,-13,-65,11,2300,203,-14,-102,-66,2300,386,-15,-103,-80,2300,202,-20,-111,-80,
250,38.9156241,-95.31773888333333,2025/Sep/04,17:01:45,311,480,203,2300,216253.32,55302,-102,-14,-66,12,2300,203,-14,-102,-66,2300,110,-20,-109,-81,2300,202,-20,-111,-82,2300,386,-15,-103,-81,
250,38.915624066666666,-95.31773891666667,2025/Sep/04,17:01:46,311,480,203,2300,216253.32,55302,-102,-13,-67,11,2300,203,-12,-101,-69,2300,386,-13,-103,-82,2300,202,-19,-109,-82,
250,38.91562405,-95.3177389,2025/Sep/04,17:01:47,311,480,203,2300,216253.32,55302,-101,-12,-68,11,2300,203,-11,-101,-70,2300,386,-14,-104,-81,2300,202,-20,-108,-79,2300,253,-18,-109,-83,2300,110,-18,-109,-81,
250,38.915624083333334,-95.3177389,2025/Sep/04,17:01:48,311,480,203,2300,216253.32,55302,-101,-12,-69,11,2300,203,-13,-101,-68,2300,386,-12,-103,-83,2300,202,-19,-111,-83,2300,110,-15,-107,-83,
250,38.91562405,-95.31773895,2025/Sep/04,17:01:49,311,480,203,2300,216253.32,55302,-101,-12,-70,12,2300,203,-12,-101,-69,2300,386,-15,-104,-80,2300,202,-20,-111,-79,
250,38.9156241,-95.31773893333333,2025/Sep/04,17:01:51,311,480,203,2300,216253.32,55302,-101,-13,-68,11,2300,203,-13,-102,-69,2300,386,-15,-105,-79,2300,202,-20,-111,-79,
250,38.9156241,-95.31773896666667,2025/Sep/04,17:01:54,311,480,203,2300,216253.32,55302,-101,-12,-69,10,2300,203,-12,-102,-65,2300,386,-15,-104,-80,2300,202,-20,-111,-79,2300,110,-20,-111,-79,
250,38.915624083333334,-95.31773898333333,2025/Sep/04,17:01:55,311,480,203,2300,216253.32,55302,-101,-13,-68,10,2300,203,-13,-101,-65,2300,386,-13,-103,-82,2300,202,-19,-110,-82,2300,110,-17,-107,-82,2300,241,-20,-110,-82,
250,38.91562411666666,-95.317739,2025/Sep/04,17:01:56,311,480,203,2300,216253.32,55302,-101,-12,-68,11,2300,203,-12,-101,-70,2300,386,-13,-102,-81,2300,202,-20,-110,-81,2300,110,-18,-106,-81,
250,38.915624083333334,-95.317739,2025/Sep/04,17:01:57,311,480,203,2300,216253.32,55302,-101,-14,-66,11,2300,203,-14,-101,-66,2300,386,-13,-103,-81,2300,202,-20,-111,-81,
250,38.91562405,-95.31773898333333,2025/Sep/04,17:01:58,311,480,203,2300,216253.32,55302,-102,-12,-68,11,2300,203,-12,-102,-69,2300,386,-15,-104,-82,2300,202,-20,-111,-81,2300,110,-19,-109,-82,
250,38.9156241,-95.31773903333334,2025/Sep/04,17:01:59,311,480,203,2300,216253.32,55302,-101,-12,-71,12,2300,203,-12,-101,-70,2300,386,-13,-102,-80,2300,202,-20,-110,-80,
250,38.9156241,-95.31773905,2025/Sep/04,17:02:00,311,480,203,2300,216253.32,55302,-102,-12,-69,11,2300,203,-11,-101,-70,2300,386,-12,-102,-82,2300,202,-20,-111,-82,
250,38.915624066666666,-95.3177391,2025/Sep/04,17:02:01,311,480,203,2300,216253.32,55302,-101,-12,-68,10,2300,203,-12,-102,-69,2300,386,-13,-101,-80,2300,202,-20,-112,-81,
250,38.91562403333333,-95.31773913333333,2025/Sep/04,17:02:03,311,480,203,2300,216253.32,55302,-102,-12,-69,10,2300,203,-12,-102,-68,2300,386,-12,-101,-82,2300,202,-19,-108,-81,2300,212,-20,-113,-80,2300,92,-16,-106,-82,
250,38.91562403333333,-95.31773915,2025/Sep/04,17:02:04,311,480,203,2300,216253.32,55302,-102,-14,-66,10,2300,203,-13,-102,-70,2300,386,-14,-104,-83,2300,202,-20,-111,-83,
250,38.915624066666666,-95.3177391,2025/Sep/04,17:02:05,311,480,203,2300,216253.32,55302,-102,-12,-68,11,2300,203,-12,-102,-69,2300,386,-14,-104,-82,2300,202,-19,-109,-82,2300,110,-17,-108,-82,
250,38.91562403333333,-95.31773915,2025/Sep/04,17:02:06,311,480,203,2300,216253.32,55302,-101,-11,-70,12,2300,203,-11,-101,-68,2300,386,-15,-105,-81,2300,202,-20,-110,-81,
250,38.91562405,-95.31773918333333,2025/Sep/04,17:02:07,311,480,203,2300,216253.32,55302,-101,-11,-69,12,2300,203,-12,-101,-70,2300,386,-13,-104,-82,2300,202,-18,-109,-82,2300,110,-17,-107,-83,
250,38.91562401666667,-95.31773916666667,2025/Sep/04,17:02:08,311,480,203,2300,216253.32,55302,-102,-12,-70,11,2300,203,-12,-101,-70,2300,386,-13,-103,-83,2300,202,-20,-109,-81,2300,110,-20,-111,-83,2300,406,-20,-115,-81,
250,38.91562398333333,-95.31773918333333,2025/Sep/04,17:02:09,311,480,203,2300,216253.32,55302,-101,-12,-70,11,2300,203,-12,-101,-68,2300,386,-14,-104,-82,2300,202,-20,-110,-82,2300,110,-20,-110,-81,
250,38.915624,-95.31773918333333,2025/Sep/04,17:02:10,311,480,203,2300,216253.32,55302,-101,-11,-69,12,2300,203,-12,-101,-69,2300,386,-14,-104,-83,2300,202,-18,-109,-83,2300,110,-16,-107,-83,2300,406,-20,-112,-82,
250,38.91562398333333,-95.31773925,2025/Sep/04,17:02:11,311,480,203,2300,216253.32,55302,-101,-11,-69,11,2300,203,-11,-101,-69,2300,386,-14,-105,-83,2300,202,-20,-111,-82,2300,462,-20,-122,-85,2300,110,-18,-110,-83,
250,38.91562398333333,-95.31773923333333,2025/Sep/04,17:02:12,311,480,203,2300,216253.32,55302,-101,-13,-68,11,2300,203,-12,-101,-70,2300,386,-13,-103,-82,2300,202,-20,-110,-82,2300,110,-16,-107,-82,
250,38.91562395,-95.31773923333333,2025/Sep/04,17:02:13,311,480,203,2300,216253.32,55302,-102,-12,-70,11,2300,203,-11,-101,-70,2300,386,-14,-104,-80,2300,202,-20,-110,-80,2300,110,-15,-104,-80,
250,38.91562395,-95.31773926666666,2025/Sep/04,17:02:14,311,480,203,2300,216253.32,55302,-101,-12,-70,11,2300,203,-12,-101,-66,2300,386,-14,-104,-81,2300,202,-20,-111,-81,
250,38.915623933333336,-95.31773928333334,2025/Sep/04,17:02:15,311,480,203,2300,216253.32,55302,-101,-13,-63,11,2300,203,-15,-101,-68,2300,386,-15,-102,-79,2300,202,-20,-108,-80,2300,110,-20,-110,-81,2300,406,-20,-109,-80,
250,38.91562395,-95.31773926666666,2025/Sep/04,17:02:16,311,480,203,2300,216253.32,55302,-101,-14,-65,11,2300,203,-13,-102,-66,2300,386,-13,-101,-79,2300,202,-19,-109,-80,
250,38.915623966666665,-95.3177393,2025/Sep/04,17:02:17,311,480,203,2300,216253.32,55302,-102,-13,-67,11,2300,203,-14,-102,-67,2300,386,-13,-102,-81,2300,202,-20,-113,-81,
250,38.91562395,-95.31773936666667,2025/Sep/04,17:02:18,311,480,203,2300,216253.32,55302,-102,-12,-67,11,2300,203,-13,-102,-70,2300,386,-13,-101,-80,2300,202,-20,-113,-80,
250,38.91562391666667,-95.31773941666667,2025/Sep/04,17:02:19,311,480,203,2300,216253.32,55302,-101,-13,-68,11,2300,203,-13,-102,-69,2300,386,-14,-105,-83,2300,202,-19,-111,-83,2300,110,-17,-108,-82,
250,38.91562388333333,-95.31773946666667,2025/Sep/04,17:02:22,311,480,203,2300,216253.32,55302,-102,-12,-69,11,2300,203,-12,-102,-70,2300,386,-14,-105,-82,2300,202,-20,-111,-81,2300,110,-20,-112,-82,
250,38.915623933333336,-95.31773946666667,2025/Sep/04,17:02:23,311,480,203,2300,216253.32,55302,-102,-13,-67,11,2300,203,-12,-102,-64,2300,386,-14,-103,-78,2300,202,-20,-108,-78,2300,110,-20,-113,-78,
250,38.91562388333333,-95.3177395,2025/Sep/04,17:02:24,311,480,203,2300,216253.32,55302,-102,-12,-68,12,2300,203,-12,-102,-70,2300,386,-15,-104,-80,2300,202,-20,-111,-80,2300,110,-18,-109,-80,2300,6,-20,-117,-81,2300,289,-20,-116,-80,
250,38.91562381666667,-95.31773953333334,2025/Sep/04,17:02:26,311,480,203,2300,216253.32,55302,-102,-13,-68,11,2300,203,-13,-102,-69,2300,386,-14,-102,-80,2300,202,-20,-111,-80,2300,110,-19,-108,-80,2300,289,-20,-116,-80,
250,38.91562381666667,-95.31773953333334,2025/Sep/04,17:02:27,311,480,203,2300,216253.32,55302,-102,-13,-67,11,2300,203,-12,-102,-70,2300,386,-14,-103,-82,2300,202,-20,-109,-82,2300,110,-19,-109,-82,
250,38.915623833333335,-95.31773951666666,2025/Sep/04,17:02:28,311,480,203,2300,216253.32,55302,-102,-12,-69,12,2300,203,-12,-102,-69,2300,386,-16,-107,-83,2300,202,-20,-111,-83,2300,110,-17,-107,-83,
250,38.91562385,-95.31773953333334,2025/Sep/04,17:02:29,311,480,203,2300,216253.32,55302,-102,-13,-68,11,2300,203,-13,-102,-68,2300,386,-14,-104,-81,2300,202,-20,-113,-81,2300,110,-20,-110,-81,
250,38.91562385,-95.31773955,2025/Sep/04,17:02:30,311,480,203,2300,216253.32,55302,-102,-14,-67,11,2300,203,-12,-102,-66,2300,386,-15,-105,-82,2300,202,-18,-108,-82,2300,110,-18,-109,-82,
250,38.915623866666664,-95.3177395,2025/Sep/04,17:02:31,311,480,203,2300,216253.32,55302,-102,-13,-69,11,2300,203,-11,-102,-67,2300,386,-15,-105,-81,2300,202,-18,-107,-82,2300,110,-18,-108,-81,
250,38.915623933333336,-95.3177395,2025/Sep/04,17:02:33,311,480,203,2300,216253.32,55302,-102,-13,-69,11,2300,203,-13,-102,-67,2300,386,-16,-106,-81,2300,202,-20,-112,-81,
250,38.915623933333336,-95.31773953333334,2025/Sep/04,17:02:34,311,480,203,2300,216253.32,55302,-101,-13,-66,10,2300,203,-13,-101,-67,2300,386,-15,-104,-82,2300,202,-20,-108,-82,2300,110,-20,-109,-82,
250,38.915623933333336,-95.31773956666666,2025/Sep/04,17:02:35,311,480,203,2300,216253.32,55302,-102,-13,-68,10,2300,203,-14,-102,-69,2300,386,-14,-104,-82,2300,202,-20,-111,-81,2300,363,-20,-113,-83,2300,110,-17,-107,-82,
250,38.915623933333336,-95.31773956666666,2025/Sep/04,17:02:36,311,480,203,2300,216253.32,55302,-102,-13,-67,11,2300,203,-13,-102,-69,2300,386,-13,-103,-82,2300,202,-20,-112,-82,2300,110,-16,-107,-82,
250,38.9156239,-95.31773963333333,2025/Sep/04,17:02:38,311,480,203,2300,216253.32,55302,-101,-12,-67,10,2300,203,-13,-101,-67,2300,386,-15,-104,-81,2300,202,-19,-108,-81,2300,110,-17,-107,-81,
250,38.9156239,-95.31773966666667,2025/Sep/04,17:02:39,311,480,203,2300,216253.32,55302,-101,-13,-68,11,2300,203,-13,-101,-68,2300,110,-19,-109,-82,2300,202,-20,-112,-82,2300,386,-14,-105,-82,
250,38.91562391666667,-95.31773966666667,2025/Sep/04,17:02:40,311,480,203,2300,216253.32,55302,-101,-11,-70,11,2300,203,-12,-102,-70,2300,110,-18,-108,-83,2300,202,-20,-111,-83,2300,386,-14,-105,-83,
250,38.915623866666664,-95.3177397,2025/Sep/04,17:02:41,311,480,203,2300,216253.32,55302,-102,-12,-70,11,2300,203,-12,-102,-70,2300,386,-15,-107,-83,2300,202,-20,-111,-83,2300,83,-20,-120,-83,2300,110,-17,-108,-83,
250,38.915623866666664,-95.31773973333334,2025/Sep/04,17:02:42,311,480,203,2300,216253.32,55302,-102,-12,-68,11,2300,203,-13,-101,-69,2300,386,-17,-108,-82,2300,202,-20,-111,-82,
250,38.91562388333333,-95.31773975,2025/Sep/04,17:02:43,311,480,203,2300,216253.32,55302,-101,-12,-66,12,2300,203,-12,-101,-71,2300,386,-15,-105,-82,2300,202,-20,-110,-81,
250,38.915623866666664,-95.3177398,2025/Sep/04,17:02:44,311,480,203,2300,216253.32,55302,-102,-12,-69,11,2300,203,-11,-102,-69,2300,386,-16,-105,-80,2300,202,-20,-113,-81,
250,38.91562388333333,-95.3177398,2025/Sep/04,17:02:45,311,480,203,2300,216253.32,55302,-102,-13,-66,11,2300,203,-12,-102,-68,2300,386,-14,-103,-80,2300,202,-19,-108,-80,2300,110,-20,-111,-80,
250,38.9156239,-95.3177398,2025/Sep/04,17:02:46,311,480,203,2300,216253.32,55302,-102,-12,-68,11,2300,203,-12,-101,-69,2300,386,-15,-105,-82,2300,202,-19,-110,-82,2300,110,-18,-108,-82,
250,38.91562398333333,-95.31773971666667,2025/Sep/04,17:02:47,311,480,203,2300,216253.32,55302,-102,-12,-68,10,2300,203,-12,-102,-69,2300,386,-14,-105,-83,2300,202,-20,-113,-83,
250,38.9156239,-95.31773971666667,2025/Sep/04,17:02:52,311,480,203,2300,216253.32,55302,-102,-12,-70,12,2300,203,-12,-102,-70,2300,386,-14,-104,-81,2300,202,-20,-112,-81,2300,110,-20,-110,-82,
250,38.91562391666667,-95.31773971666667,2025/Sep/04,17:02:53,311,480,203,2300,216253.32,55302,-102,-12,-69,10,2300,203,-12,-102,-69,2300,386,-15,-105,-82,2300,202,-20,-112,-82,
250,38.9156239,-95.31773975,2025/Sep/04,17:02:54,311,480,203,2300,216253.32,55302,-102,-14,-66,11,2300,203,-14,-102,-66,2300,386,-16,-104,-79,2300,202,-20,-110,-79,2300,110,-20,-109,-79,
250,38.915623933333336,-95.31773975,2025/Sep/04,17:02:55,311,480,203,2300,216253.32,55302,-101,-12,-67,10,2300,203,-11,-101,-69,2300,386,-15,-105,-81,2300,202,-19,-109,-82,2300,110,-20,-110,-81,
250,38.9156239,-95.31773973333334,2025/Sep/04,17:02:56,311,480,203,2300,216253.32,55302,-102,-12,-67,11,2300,203,-13,-102,-67,2300,386,-15,-105,-82,2300,202,-19,-111,-82,2300,212,-20,-112,-82,
250,38.915623866666664,-95.31773975,2025/Sep/04,17:02:57,311,480,203,2300,216253.32,55302,-102,-12,-66,11,2300,203,-12,-101,-70,2300,386,-13,-104,-83,2300,202,-20,-112,-82,2300,110,-18,-109,-83,2300,281,-20,-111,-83,
250,38.915623933333336,-95.31773975,2025/Sep/04,17:02:58,311,480,203,2300,216253.32,55302,-102,-12,-68,11,2300,203,-12,-101,-69,2300,386,-14,-105,-83,2300,202,-20,-111,-83,2300,110,-20,-111,-83,2300,281,-20,-112,-83,
250,38.915623966666665,-95.31773973333334,2025/Sep/04,17:02:59,311,480,203,2300,216253.32,55302,-101,-13,-70,10,2300,203,-13,-101,-66,2300,386,-13,-104,-82,2300,202,-20,-111,-82,2300,110,-20,-111,-82,2300,281,-20,-113,-82,2300,431,-20,-116,-80,
250,38.91562398333333,-95.31773975,2025/Sep/04,17:03:00,311,480,203,2300,216253.32,55302,-102,-15,-67,10,2300,203,-14,-102,-64,2300,386,-15,-105,-81,2300,202,-20,-112,-81,2300,110,-20,-112,-81,
250,38.915624,-95.31773976666666,2025/Sep/04,17:03:02,311,480,203,2300,216253.32,55302,-101,-13,-67,10,2300,203,-14,-101,-67,2300,386,-17,-105,-79,2300,202,-20,-111,-79,
250,38.91562398333333,-95.31773981666667,2025/Sep/04,17:03:03,311,480,203,2300,216253.32,55302,-101,-14,-66,11,2300,203,-13,-101,-65,2300,386,-17,-105,-79,2300,202,-18,-107,-79,
250,38.91562405,-95.3177398,2025/Sep/04,17:03:04,311,480,203,2300,216253.32,55302,-101,-13,-68,11,2300,203,-13,-101,-69,2300,386,-15,-105,-82,2300,202,-19,-109,-82,
250,38.915624083333334,-95.31773981666667,2025/Sep/04,17:03:05,311,480,203,2300,216253.32,55302,-101,-13,-70,11,2300,203,-13,-101,-68,2300,386,-16,-106,-81,2300,202,-20,-111,-81,
250,38.915624066666666,-95.31773981666667,2025/Sep/04,17:03:06,311,480,203,2300,216253.32,55302,-101,-14,-65,11,2300,203,-15,-101,-65,2300,386,-16,-104,-79,2300,202,-19,-107,-79,2300,289,-20,-106,-78,2300,281,-19,-107,-79,
250,38.91562403333333,-95.31773985,2025/Sep/04,17:03:07,311,480,203,2300,216253.32,55302,-101,-15,-64,11,2300,203,-14,-101,-66,2300,386,-16,-105,-80,2300,202,-20,-108,-80,
250,38.91562398333333,-95.31773988333333,2025/Sep/04,17:03:08,311,480,203,2300,216253.32,55302,-101,-14,-66,11,2300,203,-14,-101,-66,2300,386,-18,-106,-79,2300,202,-20,-111,-79,2300,289,-20,-114,-79,
250,38.91562398333333,-95.31773995,2025/Sep/04,17:03:09,311,480,203,2300,216253.32,55302,-101,-15,-63,10,2300,203,-16,-102,-66,2300,386,-16,-103,-79,2300,202,-18,-105,-79,2300,110,-18,-107,-78,
250,38.915623966666665,-95.31773998333334,2025/Sep/04,17:03:10,311,480,203,2300,216253.32,55302,-102,-14,-68,10,2300,203,-12,-101,-67,2300,386,-15,-104,-81,2300,202,-20,-109,-81,
250,38.915623966666665,-95.31774003333334,2025/Sep/04,17:03:11,311,480,203,2300,216253.32,55302,-101,-14,-65,11,2300,203,-12,-101,-65,2300,386,-17,-106,-80,2300,202,-18,-106,-80,2300,110,-19,-107,-80,2300,442,-20,-118,-80,
250,38.91562401666667,-95.31774003333334,2025/Sep/04,17:03:12,311,480,203,2300,216253.32,55302,-102,-14,-65,11,2300,203,-12,-101,-68,2300,386,-17,-106,-81,2300,202,-20,-111,-81,2300,110,-20,-110,-80,
250,38.915624066666666,-95.31774005,2025/Sep/04,17:03:14,311,480,203,2300,216253.32,55302,-101,-12,-69,10,2300,203,-13,-102,-69,2300,386,-17,-106,-82,2300,202,-20,-111,-81,
250,38.915624083333334,-95.31774003333334,2025/Sep/04,17:03:15,311,480,203,2300,216253.32,55302,-101,-13,-65,11,2300,203,-12,-101,-68,2300,110,-18,-108,-82,2300,202,-19,-109,-82,
250,38.915624083333334,-95.31774005,2025/Sep/04,17:03:16,311,480,203,2300,216253.32,55302,-101,-13,-69,11,2300,203,-14,-101,-65,2300,386,-16,-106,-81,2300,202,-20,-110,-81,2300,110,-18,-108,-81,
250,38.91562401666667,-95.31774013333333,2025/Sep/04,17:03:18,311,480,203,2300,216253.32,55302,-101,-11,-69,11,2300,203,-13,-101,-69,2300,110,-20,-110,-82,2300,202,-19,-110,-82,
250,38.91562403333333,-95.31774015,2025/Sep/04,17:03:20,311,480,203,2300,216253.32,55302,-101,-12,-67,11,2300,203,-11,-101,-69,2300,281,-19,-109,-82,2300,202,-18,-108,-82,2300,386,-14,-104,-82,
250,38.915624066666666,-95.31774016666667,2025/Sep/04,17:03:21,311,480,203,2300,216253.32,55302,-101,-11,-69,12,2300,203,-11,-101,-70,2300,110,-19,-110,-83,2300,202,-18,-109,-83,2300,386,-14,-105,-83,
250,38.915624083333334,-95.31774018333333,2025/Sep/04,17:03:22,311,480,203,2300,216253.32,55302,-101,-11,-70,11,2300,203,-12,-102,-69,2300,110,-18,-109,-82,2300,202,-19,-109,-82,2300,386,-14,-104,-82,
250,38.9156241,-95.31774016666667,2025/Sep/04,17:03:23,311,480,203,2300,216253.32,55302,-102,-11,-70,11,2300,203,-13,-102,-69,2300,386,-14,-105,-82,2300,202,-19,-109,-82,
250,38.9156241,-95.31774016666667,2025/Sep/04,17:03:25,311,480,203,2300,216253.32,55302,-102,-12,-69,10,2300,203,-12,-102,-68,2300,386,-15,-105,-82,2300,202,-20,-110,-82,2300,110,-19,-110,-81,
250,38.915624066666666,-95.3177402,2025/Sep/04,17:03:26,311,480,203,2300,216253.32,55302,-102,-12,-69,11,2300,203,-12,-101,-69,2300,386,-14,-104,-83,2300,202,-18,-109,-83,2300,110,-17,-108,-83,
250,38.915624083333334,-95.31774021666666,2025/Sep/04,17:03:27,311,480,203,2300,216253.32,55302,-101,-12,-68,11,2300,203,-12,-101,-67,2300,386,-16,-105,-81,2300,202,-19,-107,-81,2300,110,-20,-108,-81,
250,38.915624083333334,-95.31774023333334,2025/Sep/04,17:03:28,311,480,203,2300,216253.32,55302,-101,-14,-65,11,2300,203,-14,-101,-66,2300,386,-16,-104,-79,2300,202,-20,-108,-79,2300,110,-20,-109,-79,2300,450,-20,-115,-79,
250,38.915624083333334,-95.31774025,2025/Sep/04,17:03:29,311,480,203,2300,216253.32,55302,-101,-15,-65,11,2300,203,-14,-101,-66,2300,386,-16,-105,-79,2300,202,-19,-107,-78,2300,115,-20,-111,-77,
250,38.915624083333334,-95.31774028333334,2025/Sep/04,17:03:30,311,480,203,2300,216253.32,55302,-102,-14,-67,11,2300,203,-13,-102,-68,2300,386,-15,-104,-81,2300,202,-20,-110,-80,
250,38.915624083333334,-95.3177403,2025/Sep/04,17:03:31,311,480,203,2300,216253.32,55302,-101,-12,-69,11,2300,203,-12,-101,-68,2300,386,-14,-104,-82,2300,202,-20,-110,-82,2300,110,-20,-113,-82,
250,38.9156241,-95.31774031666667,2025/Sep/04,17:03:32,311,480,203,2300,216253.32,55302,-102,-14,-67,12,2300,203,-14,-102,-67,2300,386,-16,-104,-81,2300,202,-20,-110,-80,2300,110,-20,-111,-81,
250,38.915624083333334,-95.31774033333333,2025/Sep/04,17:03:33,311,480,203,2300,216253.32,55302,-101,-12,-69,11,2300,203,-12,-101,-68,2300,386,-14,-105,-83,2300,202,-19,-110,-83,2300,110,-20,-110,-82,2300,281,-20,-111,-83,
250,38.915624066666666,-95.31774035,2025/Sep/04,17:03:34,311,480,203,2300,216253.32,55302,-101,-13,-65,11,2300,203,-12,-101,-68,2300,386,-16,-104,-79,2300,202,-19,-109,-79,2300,110,-20,-110,-79,
250,38.915624083333334,-95.31774035,2025/Sep/04,17:03:35,311,480,203,2300,216253.32,55302,-102,-14,-67,11,2300,203,-14,-101,-67,2300,386,-15,-105,-82,2300,202,-20,-112,-82,
250,38.915624066666666,-95.31774036666667,2025/Sep/04,17:03:37,311,480,203,2300,216253.32,55302,-102,-13,-69,11,2300,203,-13,-102,-69,2300,386,-16,-106,-80,2300,202,-20,-111,-80,2300,212,-20,-116,-80,2300,110,-20,-115,-80,
250,38.915624066666666,-95.31774038333333,2025/Sep/04,17:03:38,311,480,203,2300,216253.32,55302,-101,-12,-68,11,2300,203,-12,-101,-69,2300,386,-16,-105,-81,2300,202,-20,-109,-81,2300,110,-20,-112,-82,
250,38.915624066666666,-95.31774036666667,2025/Sep/04,17:03:39,311,480,203,2300,216253.32,55302,-101,-12,-68,11,2300,203,-12,-101,-65,2300,386,-15,-105,-82,2300,202,-18,-108,-82,2300,110,-18,-109,-82,
250,38.915624083333334,-95.31774035,2025/Sep/04,17:03:40,311,480,203,2300,216253.32,55302,-101,-14,-65,11,2300,203,-14,-101,-66,2300,386,-14,-104,-81,2300,202,-18,-107,-81,2300,110,-17,-107,-81,
250,38.91562405,-95.31774036666667,2025/Sep/04,17:03:41,311,480,203,2300,216253.32,55302,-101,-14,-65,11,2300,203,-14,-101,-66,2300,386,-15,-104,-80,2300,202,-19,-108,-79,2300,110,-20,-108,-79,
250,38.91562403333333,-95.3177404,2025/Sep/04,17:03:42,311,480,203,2300,216253.32,55302,-101,-12,-69,11,2300,203,-12,-101,-66,2300,386,-14,-104,-82,2300,202,-19,-109,-82,2300,110,-18,-108,-82,
250,38.91562405,-95.3177404,2025/Sep/04,17:03:43,311,480,203,2300,216253.32,55302,-101,-12,-66,11,2300,203,-13,-101,-69,2300,386,-15,-104,-80,2300,202,-19,-108,-80,2300,110,-17,-106,-80,
250,38.91562403333333,-95.31774043333333,2025/Sep/04,17:03:44,311,480,203,2300,216253.32,55302,-101,-11,-67,12,2300,203,-11,-101,-68,2300,386,-16,-105,-81,2300,202,-20,-110,-82,2300,110,-20,-110,-82,
250,38.91562401666667,-95.31774043333333,2025/Sep/04,17:03:45,311,480,203,2300,216253.32,55302,-101,-14,-64,10,2300,203,-12,-101,-67,2300,386,-14,-103,-81,2300,118,-20,-120,-82,
250,38.915623966666665,-95.31774055,2025/Sep/04,17:03:48,311,480,203,2300,216253.32,55302,-101,-14,-65,12,2300,203,-13,-101,-69,2300,386,-19,-107,-81,2300,110,-20,-110,-81,2300,202,-20,-111,-81,
250,38.91562395,-95.31774061666667,2025/Sep/04,17:03:49,311,480,203,2300,216253.32,55302,-101,-13,-67,11,2300,203,-13,-101,-69,2300,386,-18,-107,-80,2300,110,-20,-110,-80,2300,202,-20,-110,-81,2300,212,-20,-117,-81,
250,38.91562391666667,-95.31774068333333,2025/Sep/04,17:03:50,311,480,203,2300,216253.32,55302,-101,-12,-69,12,2300,203,-12,-101,-68,2300,386,-16,-106,-82,2300,110,-19,-109,-82,2300,202,-20,-110,-82,
250,38.91562388333333,-95.31774075,2025/Sep/04,17:03:51,311,480,203,2300,216253.32,55302,-101,-13,-68,11,2300,203,-13,-101,-68,2300,386,-17,-106,-81,2300,110,-20,-110,-81,2300,202,-20,-110,-81,2300,212,-20,-118,-81,
250,38.91562391666667,-95.31774073333334,2025/Sep/04,17:03:52,311,480,203,2300,216253.32,55302,-101,-13,-66,11,2300,203,-13,-101,-63,2300,386,-18,-107,-81,2300,110,-20,-110,-81,2300,202,-20,-112,-81,2300,332,-20,-115,-81,
250,38.91562385,-95.31774076666666,2025/Sep/04,17:03:53,311,480,203,2300,216253.32,55302,-101,-15,-66,11,2300,203,-13,-101,-66,2300,386,-15,-104,-78,2300,110,-18,-106,-77,2300,202,-18,-104,-77,2300,419,-20,-109,-77,2300,212,-20,-109,-78,
250,38.91562385,-95.3177408,2025/Sep/04,17:03:54,311,480,203,2300,216253.32,55302,-101,-14,-65,11,2300,203,-13,-101,-67,2300,386,-17,-105,-80,2300,202,-20,-113,-80,
250,38.915623833333335,-95.31774085,2025/Sep/04,17:03:55,311,480,203,2300,216253.32,55302,-101,-14,-62,11,2300,203,-14,-101,-63,2300,386,-15,-104,-79,2300,202,-20,-114,-79,
250,38.91562388333333,-95.31774086666667,2025/Sep/04,17:03:56,311,480,203,2300,216253.32,55302,-100,-13,-66,12,2300,203,-14,-100,-63,2300,386,-16,-104,-79,2300,202,-20,-111,-78,2300,212,-20,-117,-78,
250,38.915623933333336,-95.31774085,2025/Sep/04,17:03:57,311,480,203,2300,216253.32,55302,-101,-14,-65,11,2300,203,-14,-101,-63,2300,386,-16,-104,-77,2300,202,-20,-112,-78,2300,110,-20,-111,-78,2300,212,-20,-114,-78,
250,38.915623966666665,-95.31774083333333,2025/Sep/04,17:03:58,311,480,203,2300,216253.32,55302,-101,-15,-66,12,2300,203,-15,-100,-64,2300,386,-17,-104,-77,2300,202,-20,-108,-78,2300,110,-20,-108,-78,
250,38.915623933333336,-95.31774088333333,2025/Sep/04,17:03:59,311,480,203,2300,216253.32,55302,-101,-15,-65,11,2300,203,-15,-102,-67,2300,386,-15,-104,-80,2300,110,-20,-110,-80,
250,38.91562395,-95.31774088333333,2025/Sep/04,17:04:01,311,480,203,2300,216253.32,55302,-101,-14,-66,11,2300,203,-14,-102,-66,2300,386,-15,-103,-80,2300,110,-20,-111,-80,
250,38.91562388333333,-95.31774096666666,2025/Sep/04,17:04:02,311,480,203,2300,216253.32,55302,-102,-13,-68,11,2300,203,-13,-102,-67,2300,386,-15,-103,-80,2300,110,-20,-112,-81,
250,38.91562388333333,-95.31774096666666,2025/Sep/04,17:04:03,311,480,203,2300,216253.32,55302,-101,-14,-66,11,2300,203,-14,-102,-66,2300,386,-17,-104,-80,2300,110,-20,-110,-80,
250,38.915623933333336,-95.31774095,2025/Sep/04,17:04:04,311,480,203,2300,216253.32,55302,-102,-12,-69,12,2300,203,-13,-102,-64,2300,386,-14,-103,-79,
250,38.91562395,-95.31774093333334,2025/Sep/04,17:04:05,311,480,203,2300,216253.32,55302,-101,-14,-66,11,2300,203,-14,-102,-65,2300,386,-16,-103,-78,2300,202,-20,-112,-78,2300,110,-20,-110,-78,2300,281,-20,-108,-78,
250,38.915623933333336,-95.31774096666666,2025/Sep/04,17:04:06,311,480,203,2300,216253.32,55302,-101,-13,-67,11,2300,203,-13,-101,-67,2300,386,-16,-103,-81,2300,202,-20,-113,-81,
250,38.91562391666667,-95.31774103333333,2025/Sep/04,17:04:07,311,480,203,2300,216253.32,55302,-101,-12,-69,12,2300,203,-12,-101,-68,2300,386,-15,-103,-81,2300,202,-20,-112,-81,
250,38.91562391666667,-95.31774106666667,2025/Sep/04,17:04:08,311,480,203,2300,216253.32,55302,-101,-13,-69,12,2300,203,-13,-101,-66,2300,386,-15,-104,-81,2300,202,-20,-111,-80,
250,38.91562391666667,-95.31774111666667,2025/Sep/04,17:04:09,311,480,203,2300,216253.32,55302,-102,-12,-69,11,2300,203,-13,-102,-70,2300,386,-13,-103,-81,2300,202,-20,-110,-81,
250,38.91562391666667,-95.31774111666667,2025/Sep/04,17:04:10,311,480,203,2300,216253.32,55302,-101,-12,-67,11,2300,203,-14,-102,-66,2300,386,-15,-103,-81,2300,202,-20,-111,-82,
250,38.9156239,-95.31774115,2025/Sep/04,17:04:11,311,480,203,2300,216253.32,55302,-102,-15,-66,11,2300,203,-15,-101,-66,2300,386,-16,-104,-80,2300,202,-20,-112,-80,
250,38.915623866666664,-95.31774118333334,2025/Sep/04,17:04:13,311,480,203,2300,216253.32,55302,-101,-13,-67,12,2300,203,-13,-101,-68,2300,386,-15,-104,-81,2300,202,-20,-111,-81,
250,38.91562378333333,-95.31774128333333,2025/Sep/04,17:04:16,311,480,203,2300,216253.32,55302,-101,-12,-69,12,2300,203,-12,-101,-68,2300,386,-15,-105,-82,2300,202,-20,-112,-82,
250,38.91562376666667,-95.3177413,2025/Sep/04,17:04:17,311,480,203,2300,216253.32,55302,-101,-12,-69,12,2300,203,-11,-101,-69,2300,386,-14,-104,-82,2300,202,-20,-112,-82,
250,38.91562375,-95.31774133333333,2025/Sep/04,17:04:18,311,480,203,2300,216253.32,55302,-101,-12,-67,12,2300,203,-13,-101,-69,2300,386,-17,-104,-78,2300,202,-20,-114,-78,
250,38.915623716666666,-95.31774138333333,2025/Sep/04,17:04:19,311,480,203,2300,216253.32,55302,-102,-14,-67,11,2300,203,-13,-102,-66,2300,386,-15,-104,-82,2300,202,-20,-113,-82,
250,38.91562375,-95.31774135,2025/Sep/04,17:04:20,311,480,203,2300,216253.32,55302,-102,-13,-67,11,2300,203,-14,-102,-67,2300,386,-15,-104,-80,2300,202,-20,-111,-80,
250,38.91562376666667,-95.31774136666667,2025/Sep/04,17:04:21,311,480,203,2300,216253.32,55302,-101,-12,-69,12,2300,203,-11,-101,-70,2300,386,-15,-105,-82,2300,202,-20,-112,-82,
250,38.915623733333334,-95.3177414,2025/Sep/04,17:04:22,311,480,203,2300,216253.32,55302,-102,-12,-68,11,2300,203,-12,-102,-68,2300,386,-15,-105,-81,
250,38.91562375,-95.31774135,2025/Sep/04,17:04:24,311,480,203,2300,216253.32,55302,-102,-12,-70,11,2300,203,-12,-101,-68,2300,386,-15,-105,-82,2300,202,-20,-113,-82,
250,38.91562376666667,-95.31774135,2025/Sep/04,17:04:25,311,480,203,2300,216253.32,55302,-101,-13,-67,10,2300,203,-13,-101,-69,2300,386,-14,-103,-82,2300,202,-20,-113,-82,2300,110,-20,-110,-82,2300,281,-20,-118,-82,
250,38.91562376666667,-95.31774133333333,2025/Sep/04,17:04:26,311,480,203,2300,216253.32,55302,-102,-12,-68,10,2300,203,-13,-102,-67,2300,386,-15,-105,-80,2300,202,-20,-111,-80,2300,110,-20,-110,-80,2300,281,-20,-111,-81,
250,38.91562378333333,-95.3177413,2025/Sep/04,17:04:27,311,480,203,2300,216253.32,55302,-102,-12,-69,11,2300,203,-12,-102,-68,2300,386,-13,-105,-83,2300,202,-20,-112,-83,2300,110,-17,-108,-83,
250,38.91562376666667,-95.31774126666667,2025/Sep/04,17:04:28,311,480,203,2300,216253.32,55302,-102,-13,-67,11,2300,203,-13,-102,-65,2300,386,-15,-105,-82,2300,202,-20,-112,-82,
250,38.91562378333333,-95.31774126666667,2025/Sep/04,17:04:29,311,480,203,2300,216253.32,55302,-102,-12,-70,10,2300,203,-12,-102,-70,2300,386,-14,-106,-83,2300,202,-20,-113,-83,
250,38.9156238,-95.3177413,2025/Sep/04,17:04:30,311,480,203,2300,216253.32,55302,-102,-12,-69,11,2300,203,-12,-102,-68,2300,386,-14,-103,-82,2300,202,-20,-113,-82,
250,38.9156238,-95.31774131666667,2025/Sep/04,17:04:31,311,480,203,2300,216253.32,55302,-102,-14,-68,10,2300,203,-14,-102,-67,2300,386,-15,-105,-81,2300,202,-20,-113,-81,
250,38.91562375,-95.31774133333333,2025/Sep/04,17:04:32,311,480,203,2300,216253.32,55302,-102,-13,-70,11,2300,203,-12,-102,-70,2300,386,-13,-103,-83,2300,202,-20,-113,-83,2300,212,-20,-119,-83,
250,38.91562375,-95.31774133333333,2025/Sep/04,17:04:33,311,480,203,2300,216253.32,55302,-102,-13,-68,10,2300,203,-13,-102,-69,2300,386,-14,-104,-82,2300,202,-20,-114,-81,2300,32,-20,-114,-81,
250,38.91562375,-95.31774136666667,2025/Sep/04,17:04:34,311,480,203,2300,216253.32,55302,-102,-13,-69,11,2300,203,-13,-102,-68,2300,386,-14,-104,-81,2300,202,-20,-114,-81,2300,110,-20,-112,-81,2300,212,-20,-117,-82,2300,281,-18,-109,-82,
250,38.91562376666667,-95.31774138333333,2025/Sep/04,17:04:36,311,480,203,2300,216253.32,55302,-101,-12,-69,11,2300,203,-12,-102,-69,2300,386,-13,-104,-82,2300,202,-20,-112,-82,2300,110,-17,-108,-82,
250,38.915623733333334,-95.31774138333333,2025/Sep/04,17:04:37,311,480,203,2300,216253.32,55302,-101,-14,-62,10,2300,203,-14,-100,-68,2300,386,-14,-103,-80,2300,202,-20,-109,-80,2300,110,-20,-113,-80,
250,38.915623733333334,-95.31774138333333,2025/Sep/04,17:04:38,311,480,203,2300,216253.32,55302,-100,-14,-65,12,2300,203,-12,-100,-67,2300,386,-15,-104,-82,2300,110,-20,-109,-81,
250,38.915623733333334,-95.31774138333333,2025/Sep/04,17:04:39,311,480,203,2300,216253.32,55302,-100,-11,-68,12,2300,203,-11,-100,-67,2300,386,-14,-104,-81,2300,212,-20,-117,-80,2300,202,-20,-111,-81,2300,110,-20,-113,-81,2300,281,-20,-111,-81,
250,38.91562378333333,-95.31774138333333,2025/Sep/04,17:04:40,311,480,203,2300,216253.32,55302,-100,-11,-69,12,2300,203,-11,-100,-68,2300,386,-13,-102,-82,2300,202,-20,-111,-81,
250,38.91562375,-95.31774141666666,2025/Sep/04,17:04:41,311,480,203,2300,216253.32,55302,-100,-12,-68,11,2300,203,-12,-101,-69,2300,386,-14,-104,-81,
250,38.91562375,-95.3177414,2025/Sep/04,17:04:44,311,480,203,2300,216253.32,55302,-101,-11,-69,11,2300,203,-12,-101,-65,2300,386,-15,-104,-81,2300,202,-20,-113,-81,2300,281,-19,-109,-81,
250,38.9156238,-95.3177414,2025/Sep/04,17:04:45,311,480,203,2300,216253.32,55302,-100,-11,-69,11,2300,203,-12,-99,-69,2300,386,-15,-105,-79,2300,202,-20,-110,-79,2300,281,-19,-107,-78,2300,110,-20,-108,-78,
250,38.915623733333334,-95.31774143333334,2025/Sep/04,17:04:46,311,480,203,2300,216253.32,55302,-101,-12,-70,11,2300,203,-12,-101,-67,2300,386,-15,-106,-81,
250,38.91562365,-95.31774146666666,2025/Sep/04,17:04:47,311,480,203,2300,216253.32,55302,-101,-12,-67,11,2300,203,-12,-101,-69,2300,386,-15,-105,-81,2300,202,-20,-112,-81,
250,38.91562365,-95.31774146666666,2025/Sep/04,17:04:48,311,480,203,2300,216253.32,55302,-101,-11,-69,11,2300,203,-11,-101,-69,2300,386,-15,-105,-82,2300,202,-20,-112,-82,
250,38.91562365,-95.31774148333334,2025/Sep/04,17:04:49,311,480,203,2300,216253.32,55302,-101,-11,-70,11,2300,203,-11,-101,-68,2300,281,-20,-114,-82,2300,202,-20,-110,-82,2300,110,-18,-108,-82,2300,386,-14,-105,-81,
250,38.91562365,-95.31774148333334,2025/Sep/04,17:04:50,311,480,203,2300,216253.32,55302,-101,-14,-65,11,2300,203,-13,-101,-69,2300,281,-19,-108,-81,2300,202,-20,-109,-81,2300,110,-18,-108,-81,2300,386,-16,-105,-81,2300,212,-20,-119,-81,
250,38.9156237,-95.31774148333334,2025/Sep/04,17:04:51,311,480,203,2300,216253.32,55302,-101,-12,-69,12,2300,203,-11,-101,-70,2300,386,-16,-105,-82,2300,202,-20,-114,-82,2300,212,-20,-118,-82,
250,38.91562368333334,-95.31774153333333,2025/Sep/04,17:04:52,311,480,203,2300,216253.32,55302,-101,-12,-68,11,2300,203,-11,-101,-69,2300,386,-14,-104,-82,2300,202,-20,-110,-82,2300,212,-20,-114,-82,2300,281,-20,-112,-82,
250,38.915623733333334,-95.31774153333333,2025/Sep/04,17:04:53,311,480,203,2300,216253.32,55302,-101,-13,-65,12,2300,203,-13,-101,-67,2300,386,-16,-106,-82,2300,202,-20,-109,-82,2300,110,-17,-107,-82,2300,281,-17,-107,-82,
250,38.91562376666667,-95.31774153333333,2025/Sep/04,17:04:54,311,480,203,2300,216253.32,55302,-101,-12,-68,10,2300,203,-13,-101,-70,2300,386,-17,-106,-82,2300,202,-20,-111,-83,2300,281,-19,-110,-83,
250,38.915623733333334,-95.31774153333333,2025/Sep/04,17:04:55,311,480,203,2300,216253.32,55302,-101,-13,-68,11,2300,203,-14,-100,-65,2300,386,-16,-104,-79,2300,202,-20,-107,-78,2300,281,-20,-109,-78,2300,110,-20,-108,-79,
250,38.91562378333333,-95.31774146666666,2025/Sep/04,17:04:56,311,480,203,2300,216253.32,55302,-101,-12,-69,12,2300,203,-12,-101,-67,2300,386,-14,-103,-80,2300,202,-20,-111,-80,2300,110,-19,-109,-81,
250,38.91562381666667,-95.31774145,2025/Sep/04,17:04:57,311,480,203,2300,216253.32,55302,-101,-14,-68,12,2300,203,-13,-101,-70,2300,386,-15,-104,-82,2300,202,-20,-110,-82,2300,170,-20,-111,-82,2300,110,-19,-109,-82,
250,38.91562381666667,-95.31774146666666,2025/Sep/04,17:04:59,311,480,203,2300,216253.32,55302,-101,-12,-71,11,2300,203,-12,-102,-70,2300,386,-15,-104,-82,
250,38.91562381666667,-95.31774146666666,2025/Sep/04,17:05:00,311,480,203,2300,216253.32,55302,-102,-14,-64,9,2300,203,-14,-102,-66,2300,386,-12,-101,-79,2300,281,-20,-109,-80,2300,332,-20,-108,-79,
250,38.915623833333335,-95.31774148333334,2025/Sep/04,17:05:01,311,480,203,2300,216253.32,55302,-101,-12,-64,10,2300,203,-14,-102,-70,2300,386,-14,-102,-81,2300,202,-20,-115,-81,2300,281,-19,-109,-82,
250,38.91562388333333,-95.31774143333334,2025/Sep/04,17:05:02,311,480,203,2300,216253.32,55302,-101,-12,-69,10,2300,203,-13,-101,-63,2300,386,-16,-105,-80,2300,202,-20,-111,-80,2300,32,-20,-114,-79,2300,110,-20,-113,-79,
250,38.91562385,-95.31774145,2025/Sep/04,17:05:03,311,480,203,2300,216253.32,55302,-100,-11,-69,11,2300,203,-11,-101,-69,2300,386,-13,-103,-81,2300,202,-20,-109,-81,2300,110,-17,-106,-81,2300,281,-18,-107,-81,
250,38.9156238,-95.31774146666666,2025/Sep/04,17:05:04,311,480,203,2300,216253.32,55302,-101,-11,-69,12,2300,203,-12,-102,-71,2300,386,-15,-106,-83,2300,202,-20,-111,-84,2300,110,-17,-108,-84,2300,281,-19,-110,-83,
250,38.915623733333334,-95.3177415,2025/Sep/04,17:05:05,311,480,203,2300,216253.32,55302,-102,-12,-69,11,2300,203,-12,-101,-69,2300,386,-14,-104,-81,2300,202,-20,-111,-81,2300,110,-20,-111,-81,
250,38.915623716666666,-95.31774148333334,2025/Sep/04,17:05:06,311,480,203,2300,216253.32,55302,-102,-12,-69,10,2300,203,-12,-102,-70,2300,386,-15,-105,-82,2300,202,-20,-111,-83,2300,110,-18,-108,-82,2300,281,-19,-109,-82,
250,38.9156237,-95.3177415,2025/Sep/04,17:05:07,311,480,203,2300,216253.32,55302,-102,-12,-69,10,2300,203,-14,-102,-67,2300,386,-16,-105,-80,2300,202,-20,-113,-80,2300,110,-19,-109,-80,2300,281,-20,-113,-80,
250,38.91562365,-95.31774155,2025/Sep/04,17:05:08,311,480,203,2300,216253.32,55302,-102,-13,-68,10,2300,203,-12,-102,-68,2300,386,-14,-104,-82,2300,202,-20,-110,-82,2300,110,-19,-108,-82,2300,281,-20,-112,-82,
250,38.91562365,-95.31774156666667,2025/Sep/04,17:05:09,311,480,203,2300,216253.32,55302,-102,-13,-69,10,2300,203,-13,-102,-68,2300,386,-14,-103,-81,2300,202,-19,-110,-82,2300,281,-14,-104,-82,2300,212,-17,-108,-82,2300,110,-15,-105,-83,
250,38.9156237,-95.3177416,2025/Sep/04,17:05:13,311,480,203,2300,216253.32,55302,-102,-12,-69,11,2300,203,-12,-102,-68,2300,386,-14,-104,-81,2300,202,-20,-111,-81,
250,38.91562368333334,-95.3177416,2025/Sep/04,17:05:14,311,480,203,2300,216253.32,55302,-101,-12,-68,11,2300,203,-12,-101,-68,2300,386,-14,-105,-82,2300,202,-18,-109,-81,2300,212,-20,-115,-81,
250,38.915623733333334,-95.31774158333333,2025/Sep/04,17:05:15,311,480,203,2300,216253.32,55302,-101,-12,-68,11,2300,203,-12,-101,-68,2300,386,-16,-105,-80,2300,202,-20,-109,-80,2300,110,-18,-109,-80,
250,38.915623733333334,-95.31774156666667,2025/Sep/04,17:05:16,311,480,203,2300,216253.32,55302,-101,-13,-68,11,2300,203,-13,-101,-67,2300,386,-14,-103,-80,2300,202,-20,-110,-80,
250,38.91562378333333,-95.31774155,2025/Sep/04,17:05:17,311,480,203,2300,216253.32,55302,-101,-13,-67,10,2300,203,-13,-102,-68,2300,386,-14,-103,-81,2300,202,-20,-110,-81,2300,110,-19,-108,-82,
250,38.91562385,-95.31774148333334,2025/Sep/04,17:05:18,311,480,203,2300,216253.32,55302,-101,-12,-69,11,2300,203,-12,-101,-69,2300,386,-14,-104,-82,2300,202,-19,-109,-82,2300,110,-20,-110,-82,2300,281,-19,-108,-82,
250,38.915623833333335,-95.31774146666666,2025/Sep/04,17:05:19,311,480,203,2300,216253.32,55302,-101,-12,-69,10,2300,203,-13,-102,-66,2300,386,-14,-105,-83,2300,202,-20,-111,-82,2300,110,-18,-108,-82,2300,281,-16,-107,-83,
250,38.91562385,-95.31774146666666,2025/Sep/04,17:05:20,311,480,203,2300,216253.32,55302,-101,-13,-68,10,2300,203,-13,-101,-70,2300,386,-14,-103,-81,2300,202,-20,-110,-81,2300,110,-19,-109,-81,2300,281,-18,-107,-82,
250,38.915623866666664,-95.31774146666666,2025/Sep/04,17:05:21,311,480,203,2300,216253.32,55302,-101,-12,-70,11,2300,203,-12,-102,-66,2300,386,-14,-105,-82,2300,202,-20,-111,-82,2300,281,-19,-110,-82,
250,38.915623866666664,-95.31774148333334,2025/Sep/04,17:05:22,311,480,203,2300,216253.32,55302,-102,-12,-70,11,2300,203,-12,-102,-69,2300,386,-14,-105,-83,2300,202,-20,-111,-83,2300,110,-18,-109,-83,
250,38.91562391666667,-95.31774151666667,2025/Sep/04,17:05:24,311,480,203,2300,216253.32,55302,-101,-12,-68,11,2300,203,-12,-101,-68,2300,386,-15,-103,-81,2300,202,-20,-112,-81,
250,38.91562395,-95.3177415,2025/Sep/04,17:05:25,311,480,203,2300,216253.32,55302,-101,-13,-66,11,2300,203,-13,-102,-69,2300,386,-15,-105,-81,2300,202,-20,-110,-81,
250,38.91562395,-95.31774148333334,2025/Sep/04,17:05:26,311,480,203,2300,216253.32,55302,-102,-12,-70,11,2300,203,-12,-102,-67,2300,386,-13,-104,-82,2300,202,-20,-109,-82,2300,110,-19,-108,-82,2300,281,-18,-109,-82,
250,38.91562395,-95.3177415,2025/Sep/04,17:05:27,311,480,203,2300,216253.32,55302,-102,-14,-66,11,2300,203,-12,-102,-70,2300,386,-13,-103,-82,2300,202,-20,-109,-81,2300,110,-17,-107,-82,2300,281,-17,-106,-81,2300,256,-20,-115,-82,
250,38.915624,-95.31774146666666,2025/Sep/04,17:05:28,311,480,203,2300,216253.32,55302,-102,-12,-70,11,2300,203,-13,-101,-68,2300,386,-13,-102,-80,2300,202,-20,-109,-80,2300,281,-19,-108,-80,2300,110,-20,-109,-80,
250,38.91562401666667,-95.31774146666666,2025/Sep/04,17:05:29,311,480,203,2300,216253.32,55302,-102,-12,-69,11,2300,203,-13,-102,-69,2300,386,-15,-105,-82,2300,281,-19,-109,-82,2300,137,-20,-116,-82,2300,110,-19,-110,-82,
250,38.91562401666667,-95.31774146666666,2025/Sep/04,17:05:30,311,480,203,2300,216253.32,55302,-102,-14,-70,11,2300,203,-14,-102,-70,2300,386,-16,-105,-80,2300,281,-19,-109,-80,2300,202,-20,-113,-80,
250,38.91562401666667,-95.3177415,2025/Sep/04,17:05:31,311,480,203,2300,216253.32,55302,-101,-14,-65,11,2300,203,-14,-101,-64,2300,386,-16,-105,-78,2300,202,-20,-108,-78,2300,212,-20,-112,-78,
250,38.91562403333333,-95.31774153333333,2025/Sep/04,17:05:32,311,480,203,2300,216253.32,55302,-104,-14,-67,9,2300,203,-14,-105,-68,2300,386,-14,-105,-81,2300,202,-20,-114,-81,2300,281,-16,-108,-81,2300,110,-19,-107,-81,
250,38.91562405,-95.31774153333333,2025/Sep/04,17:05:33,311,480,203,2300,216253.32,55302,-103,-13,-70,9,2300,203,-12,-103,-71,2300,386,-13,-104,-83,2300,202,-20,-113,-83,2300,110,-19,-110,-83,
250,38.915624066666666,-95.31774155,2025/Sep/04,17:05:35,311,480,203,2300,216253.32,55302,-103,-13,-70,9,2300,203,-12,-103,-72,2300,386,-13,-103,-81,2300,202,-20,-112,-81,2300,110,-20,-112,-81,2300,6,-20,-118,-83,
250,38.91562401666667,-95.31774156666667,2025/Sep/04,17:05:36,311,480,203,2300,216253.32,55302,-102,-12,-69,9,2300,203,-12,-102,-70,2300,386,-12,-103,-83,2300,202,-20,-111,-83,2300,110,-19,-110,-83,
250,38.91562403333333,-95.31774156666667,2025/Sep/04,17:05:37,311,480,203,2300,216253.32,55302,-102,-12,-70,10,2300,203,-13,-102,-68,2300,386,-14,-103,-81,2300,110,-20,-116,-81,2300,202,-20,-111,-81,
250,38.915624066666666,-95.31774156666667,2025/Sep/04,17:05:38,311,480,203,2300,216253.32,55302,-104,-14,-69,10,2300,203,-13,-104,-70,2300,386,-14,-104,-82,2300,110,-20,-113,-82,
250,38.9156241,-95.31774158333333,2025/Sep/04,17:05:41,311,480,203,2300,216253.32,55302,-104,-14,-70,10,2300,203,-14,-104,-66,2300,386,-15,-104,-80,2300,110,-20,-114,-80,2300,202,-20,-114,-80,
250,38.9156241,-95.31774156666667,2025/Sep/04,17:05:42,311,480,203,2300,216253.32,55302,-104,-14,-67,9,2300,203,-14,-104,-70,2300,386,-13,-103,-82,2300,110,-20,-116,-82,2300,202,-20,-111,-82,
250,38.915624083333334,-95.31774163333333,2025/Sep/04,17:05:43,311,480,203,2300,216253.32,55302,-104,-14,-70,10,2300,203,-13,-104,-68,2300,386,-14,-104,-83,2300,202,-20,-112,-83,2300,110,-20,-116,-83,
250,38.915624083333334,-95.31774168333334,2025/Sep/04,17:05:44,311,480,203,2300,216253.32,55302,-104,-13,-68,10,2300,203,-13,-104,-71,2300,386,-13,-104,-83,2300,110,-20,-111,-83,2300,202,-20,-112,-83,
250,38.91562411666666,-95.31774168333334,2025/Sep/04,17:05:45,311,480,203,2300,216253.32,55302,-104,-13,-70,10,2300,203,-13,-104,-70,2300,386,-12,-103,-82,2300,202,-19,-109,-82,2300,110,-19,-109,-82,
250,38.915624066666666,-95.31774168333334,2025/Sep/04,17:05:47,311,480,203,2300,216253.32,55302,-104,-14,-70,9,2300,203,-14,-104,-70,2300,386,-14,-103,-81,2300,202,-20,-114,-81,2300,110,-20,-110,-81,
250,38.915624083333334,-95.31774166666666,2025/Sep/04,17:05:48,311,480,203,2300,216253.32,55302,-104,-14,-69,9,2300,203,-14,-105,-69,2300,386,-14,-104,-82,2300,110,-20,-110,-82,
250,38.9156241,-95.31774166666666,2025/Sep/04,17:05:49,311,480,203,2300,216253.32,55302,-105,-13,-69,9,2300,203,-13,-105,-70,2300,386,-14,-105,-83,2300,202,-20,-114,-83,2300,281,-19,-111,-83,
250,38.9156241,-95.31774166666666,2025/Sep/04,17:05:50,311,480,203,2300,216253.32,55302,-104,-13,-70,9,2300,203,-14,-105,-70,2300,386,-14,-104,-81,2300,202,-20,-115,-81,
250,38.91562413333333,-95.31774165,2025/Sep/04,17:05:51,311,480,203,2300,216253.32,55302,-105,-13,-68,10,2300,203,-13,-105,-68,2300,386,-13,-103,-82,2300,202,-20,-113,-82,
250,38.91562415,-95.31774166666666,2025/Sep/04,17:05:52,311,480,203,2300,216253.32,55302,-104,-15,-68,10,2300,203,-14,-104,-68,2300,386,-13,-103,-82,2300,202,-20,-114,-82,2300,6,-20,-119,-82,2300,110,-20,-114,-82,
250,38.915624216666664,-95.31774165,2025/Sep/04,17:05:53,311,480,203,2300,216253.32,55302,-104,-14,-66,9,2300,203,-14,-104,-70,2300,386,-14,-104,-82,2300,202,-20,-113,-83,2300,6,-20,-119,-83,2300,110,-20,-112,-83,
250,38.91562423333333,-95.3177417,2025/Sep/04,17:05:54,311,480,203,2300,216253.32,55302,-104,-14,-71,9,2300,203,-14,-104,-67,2300,386,-13,-105,-83,2300,202,-20,-114,-83,2300,110,-20,-111,-83,
250,38.91562425,-95.31774173333334,2025/Sep/04,17:05:55,311,480,203,2300,216253.32,55302,-105,-14,-69,10,2300,203,-14,-104,-69,2300,386,-14,-104,-82,2300,202,-20,-114,-82,2300,110,-20,-110,-83,2300,6,-20,-118,-82,
250,38.91562425,-95.31774178333333,2025/Sep/04,17:05:56,311,480,203,2300,216253.32,55302,-104,-14,-69,9,2300,203,-14,-104,-68,2300,386,-13,-103,-82,2300,202,-20,-113,-82,2300,6,-20,-118,-82,2300,110,-20,-112,-82,
250,38.9156242,-95.31774181666667,2025/Sep/04,17:05:57,311,480,203,2300,216253.32,55302,-103,-13,-70,10,2300,203,-12,-103,-72,2300,386,-14,-105,-83,2300,202,-20,-113,-83,2300,110,-20,-113,-83,2300,6,-20,-121,-83,
250,38.91562428333334,-95.3177418,2025/Sep/04,17:05:58,311,480,203,2300,216253.32,55302,-103,-13,-69,10,2300,203,-13,-103,-68,2300,386,-15,-105,-81,2300,202,-20,-113,-81,2300,110,-20,-112,-81,2300,212,-20,-117,-82,
250,38.9156243,-95.31774178333333,2025/Sep/04,17:05:59,311,480,203,2300,216253.32,55302,-102,-12,-67,11,2300,203,-12,-102,-69,2300,386,-16,-107,-82,2300,202,-20,-113,-82,2300,110,-19,-110,-82,
250,38.91562428333334,-95.3177418,2025/Sep/04,17:06:00,311,480,203,2300,216253.32,55302,-100,-13,-65,11,2300,203,-15,-101,-65,2300,386,-14,-103,-81,2300,202,-20,-109,-81,2300,110,-19,-108,-81,
250,38.91562428333334,-95.31774181666667,2025/Sep/04,17:06:01,311,480,203,2300,216253.32,55302,-101,-12,-65,11,2300,203,-13,-101,-66,2300,386,-17,-105,-80,2300,202,-20,-111,-80,2300,110,-20,-112,-80,
250,38.9156243,-95.31774181666667,2025/Sep/04,17:06:02,311,480,203,2300,216253.32,55302,-101,-13,-67,10,2300,203,-13,-101,-68,2300,386,-18,-105,-81,2300,202,-20,-111,-80,
250,38.9156243,-95.31774183333333,2025/Sep/04,17:06:03,311,480,203,2300,216253.32,55302,-101,-12,-69,12,2300,203,-12,-101,-69,2300,386,-17,-108,-82,2300,202,-20,-110,-82,
250,38.915624316666666,-95.3177418,2025/Sep/04,17:06:04,311,480,203,2300,216253.32,55302,-101,-13,-66,11,2300,203,-13,-101,-66,2300,386,-15,-104,-80,2300,202,-20,-110,-80,2300,110,-20,-110,-80,
250,38.915624333333334,-95.3177418,2025/Sep/04,17:06:05,311,480,203,2300,216253.32,55302,-101,-12,-66,11,2300,203,-12,-101,-68,2300,386,-14,-103,-81,2300,202,-19,-109,-81,
250,38.915624333333334,-95.31774183333333,2025/Sep/04,17:06:06,311,480,203,2300,216253.32,55302,-100,-14,-68,12,2300,203,-14,-101,-69,2300,386,-18,-106,-78,2300,202,-20,-113,-78,
250,38.915624333333334,-95.31774191666666,2025/Sep/04,17:06:08,311,480,203,2300,216253.32,55302,-100,-12,-66,12,2300,203,-14,-102,-68,2300,386,-17,-105,-79,2300,202,-20,-110,-79,
250,38.91562435,-95.31774201666667,2025/Sep/04,17:06:11,311,480,203,2300,216253.32,55302,-101,-14,-68,11,2300,203,-14,-101,-68,2300,386,-18,-105,-79,2300,202,-20,-109,-80,2300,212,-20,-113,-79,
250,38.91562438333333,-95.31774203333333,2025/Sep/04,17:06:12,311,480,203,2300,216253.32,55302,-102,-14,-66,11,2300,203,-14,-101,-68,2300,386,-15,-104,-80,2300,202,-20,-110,-80,
250,38.91562438333333,-95.31774203333333,2025/Sep/04,17:06:13,311,480,203,2300,216253.32,55302,-101,-15,-65,11,2300,203,-14,-100,-67,2300,386,-18,-106,-79,2300,202,-20,-110,-79,
250,38.9156244,-95.31774205,2025/Sep/04,17:06:14,311,480,203,2300,216253.32,55302,-102,-13,-66,10,2300,203,-13,-102,-69,2300,386,-17,-106,-80,2300,202,-20,-113,-81,
250,38.91562438333333,-95.31774206666667,2025/Sep/04,17:06:15,311,480,203,2300,216253.32,55302,-101,-12,-69,11,2300,203,-12,-101,-67,2300,386,-16,-105,-81,2300,202,-20,-111,-81,2300,212,-20,-118,-81,
250,38.91562438333333,-95.31774211666666,2025/Sep/04,17:06:16,311,480,203,2300,216253.32,55302,-102,-12,-69,11,2300,203,-13,-102,-67,2300,386,-17,-106,-80,2300,202,-20,-112,-80,
250,38.91562435,-95.31774213333334,2025/Sep/04,17:06:17,311,480,203,2300,216253.32,55302,-101,-13,-68,10,2300,203,-13,-101,-69,2300,386,-17,-106,-82,2300,202,-20,-110,-82,
250,38.915624316666666,-95.31774215,2025/Sep/04,17:06:18,311,480,203,2300,216253.32,55302,-102,-12,-69,11,2300,203,-12,-102,-66,2300,386,-16,-106,-82,2300,202,-20,-110,-82,
250,38.91562435,-95.31774218333334,2025/Sep/04,17:06:19,311,480,203,2300,216253.32,55302,-102,-12,-70,11,2300,203,-13,-102,-69,2300,386,-16,-107,-83,2300,202,-20,-112,-83,
250,38.91562435,-95.31774215,2025/Sep/04,17:06:20,311,480,203,2300,216253.32,55302,-102,-12,-68,10,2300,203,-12,-102,-70,2300,386,-14,-104,-80,2300,202,-20,-110,-80,
250,38.91562436666667,-95.31774215,2025/Sep/04,17:06:21,311,480,203,2300,216253.32,55302,-101,-12,-70,12,2300,203,-12,-101,-70,2300,386,-20,-112,-83,2300,202,-19,-110,-83,
250,38.91562436666667,-95.31774213333334,2025/Sep/04,17:06:22,311,480,203,2300,216253.32,55302,-101,-12,-67,12,2300,203,-12,-101,-69,2300,386,-16,-106,-81,2300,202,-19,-109,-81,
250,38.915624333333334,-95.31774218333334,2025/Sep/04,17:06:23,311,480,203,2300,216253.32,55302,-102,-13,-69,11,2300,203,-12,-102,-71,2300,386,-14,-105,-82,2300,202,-20,-111,-82,
250,38.91562438333333,-95.31774221666667,2025/Sep/04,17:06:24,311,480,203,2300,216253.32,55302,-102,-12,-70,12,2300,203,-12,-102,-70,2300,386,-13,-103,-81,2300,202,-20,-111,-81,
250,38.91562436666667,-95.31774228333333,2025/Sep/04,17:06:25,311,480,203,2300,216253.32,55302,-101,-13,-68,11,2300,203,-13,-101,-66,2300,386,-15,-104,-80,2300,202,-20,-110,-80,
250,38.91562435,-95.3177423,2025/Sep/04,17:06:26,311,480,203,2300,216253.32,55302,-102,-12,-68,10,2300,203,-13,-102,-67,2300,386,-15,-103,-81,
250,38.91562436666667,-95.31774231666667,2025/Sep/04,17:06:27,311,480,203,2300,216253.32,55302,-102,-13,-67,10,2300,203,-13,-102,-70,2300,386,-14,-104,-81,2300,202,-20,-112,-82,2300,110,-20,-109,-81,
250,38.9156244,-95.31774226666667,2025/Sep/04,17:06:28,311,480,203,2300,216253.32,55302,-102,-12,-69,10,2300,203,-12,-102,-66,2300,386,-14,-105,-81,2300,202,-20,-112,-81,2300,110,-20,-110,-81,2300,281,-20,-113,-81,
250,38.91562441666667,-95.31774226666667,2025/Sep/04,17:06:29,311,480,203,2300,216253.32,55302,-102,-12,-67,10,2300,203,-13,-102,-65,2300,386,-14,-102,-78,2300,202,-20,-111,-78,
250,38.91562438333333,-95.31774228333333,2025/Sep/04,17:06:30,311,480,203,2300,216253.32,55302,-102,-12,-68,10,2300,203,-12,-102,-68,2300,386,-14,-103,-82,2300,202,-20,-111,-82,2300,110,-20,-112,-82,
250,38.915624433333335,-95.3177423,2025/Sep/04,17:06:31,311,480,203,2300,216253.32,55302,-102,-11,-70,11,2300,203,-11,-101,-69,2300,386,-16,-106,-82,2300,202,-20,-111,-82,2300,110,-20,-111,-82,2300,6,-20,-120,-82,
250,38.91562445,-95.3177423,2025/Sep/04,17:06:32,311,480,203,2300,216253.32,55302,-101,-12,-68,12,2300,203,-12,-101,-68,2300,386,-16,-105,-80,2300,202,-20,-110,-80,
250,38.91562445,-95.31774231666667,2025/Sep/04,17:06:33,311,480,203,2300,216253.32,55302,-102,-12,-68,12,2300,203,-12,-102,-69,2300,386,-14,-103,-81,2300,202,-19,-110,-81,
250,38.91562445,-95.3177423,2025/Sep/04,17:06:37,311,480,203,2300,216253.32,55302,-102,-12,-69,12,2300,203,-12,-102,-67,2300,386,-15,-104,-80,2300,202,-20,-112,-80,
250,38.915624433333335,-95.31774228333333,2025/Sep/04,17:06:38,311,480,203,2300,216253.32,55302,-102,-12,-68,12,2300,203,-12,-102,-68,2300,386,-14,-103,-80,2300,202,-20,-111,-80,
250,38.91562445,-95.3177423,2025/Sep/04,17:06:39,311,480,203,2300,216253.32,55302,-102,-11,-70,12,2300,203,-11,-102,-70,2300,386,-14,-104,-82,2300,202,-20,-112,-82,2300,243,-20,-120,-83,2300,281,-18,-109,-82,
250,38.91562445,-95.31774231666667,2025/Sep/04,17:06:40,311,480,203,2300,216253.32,55302,-102,-12,-69,12,2300,203,-12,-102,-68,2300,386,-15,-104,-80,2300,202,-20,-112,-80,2300,281,-20,-110,-80,
250,38.915624466666664,-95.31774233333333,2025/Sep/04,17:06:42,311,480,203,2300,216253.32,55302,-102,-12,-69,11,2300,203,-12,-102,-66,2300,386,-15,-103,-80,2300,202,-19,-110,-80,2300,281,-20,-109,-79,
250,38.91562448333333,-95.31774233333333,2025/Sep/04,17:06:43,311,480,203,2300,216253.32,55302,-102,-12,-67,11,2300,203,-12,-102,-68,2300,386,-15,-103,-80,2300,202,-19,-110,-81,
250,38.91562448333333,-95.31774233333333,2025/Sep/04,17:06:44,311,480,203,2300,216253.32,55302,-102,-13,-69,11,2300,203,-13,-102,-67,2300,386,-15,-104,-81,2300,202,-20,-112,-81,
250,38.91562448333333,-95.31774235,2025/Sep/04,17:06:46,311,480,203,2300,216253.32,55302,-101,-12,-67,11,2300,203,-12,-101,-70,2300,386,-14,-104,-82,2300,202,-19,-110,-81,
250,38.9156245,-95.31774236666666,2025/Sep/04,17:06:47,311,480,203,2300,216253.32,55302,-102,-13,-66,12,2300,203,-12,-102,-66,2300,386,-13,-102,-80,2300,202,-20,-110,-80,
250,38.915624533333336,-95.31774236666666,2025/Sep/04,17:06:48,311,480,203,2300,216253.32,55302,-102,-14,-66,11,2300,203,-13,-100,-69,2300,386,-17,-106,-79,2300,202,-20,-111,-79,
250,38.915624533333336,-95.31774236666666,2025/Sep/04,17:06:49,311,480,203,2300,216253.32,55302,-101,-13,-69,11,2300,203,-12,-100,-65,2300,386,-16,-104,-78,2300,202,-20,-109,-78,2300,212,-20,-113,-78,
250,38.91562455,-95.31774236666666,2025/Sep/04,17:06:50,311,480,203,2300,216253.32,55302,-100,-13,-65,11,2300,203,-12,-101,-68,2300,386,-15,-103,-80,2300,202,-20,-111,-80,
250,38.915624566666665,-95.31774236666666,2025/Sep/04,17:06:51,311,480,203,2300,216253.32,55302,-102,-12,-69,11,2300,203,-12,-102,-69,2300,386,-15,-106,-83,2300,202,-20,-112,-83,
250,38.91562458333333,-95.31774236666666,2025/Sep/04,17:06:52,311,480,203,2300,216253.32,55302,-102,-13,-69,11,2300,203,-13,-102,-66,2300,386,-14,-104,-81,2300,202,-20,-110,-81,
250,38.91562458333333,-95.31774238333334,2025/Sep/04,17:06:53,311,480,203,2300,216253.32,55302,-102,-12,-69,10,2300,203,-11,-102,-70,2300,386,-14,-104,-82,2300,202,-19,-111,-82,2300,110,-19,-110,-82,
250,38.91562458333333,-95.31774238333334,2025/Sep/04,17:06:54,311,480,203,2300,216253.32,55302,-102,-11,-71,12,2300,203,-11,-102,-71,2300,386,-13,-104,-82,2300,202,-20,-111,-82,2300,110,-18,-108,-82,2300,281,-17,-108,-82,
250,38.91562458333333,-95.31774238333334,2025/Sep/04,17:06:55,311,480,203,2300,216253.32,55302,-103,-13,-69,11,2300,203,-12,-101,-65,2300,386,-14,-103,-77,2300,202,-20,-111,-77,2300,289,-20,-117,-78,2300,332,-20,-111,-77,
250,38.91562458333333,-95.31774243333334,2025/Sep/04,17:06:57,311,480,203,2300,216253.32,55302,-100,-12,-66,12,2300,203,-11,-101,-69,2300,386,-18,-107,-82,2300,202,-20,-110,-82,2300,212,-20,-117,-82,
250,38.91562458333333,-95.31774243333334,2025/Sep/04,17:06:58,311,480,203,2300,216253.32,55302,-102,-11,-70,10,2300,203,-12,-102,-69,2300,386,-15,-106,-83,2300,202,-20,-113,-83,
250,38.9156246,-95.31774243333334,2025/Sep/04,17:06:59,311,480,203,2300,216253.32,55302,-102,-12,-68,11,2300,203,-12,-102,-69,2300,386,-14,-103,-82,2300,202,-20,-111,-82,2300,212,-20,-116,-82,2300,110,-20,-115,-82,
250,38.9156246,-95.31774243333334,2025/Sep/04,17:07:00,311,480,203,2300,216253.32,55302,-103,-12,-69,11,2300,203,-12,-103,-69,2300,386,-15,-106,-83,2300,202,-20,-114,-83,
250,38.91562461666667,-95.31774241666666,2025/Sep/04,17:07:01,311,480,203,2300,216253.32,55302,-102,-13,-68,11,2300,203,-13,-102,-69,2300,386,-15,-104,-81,2300,202,-20,-112,-81,2300,332,-18,-107,-81,
250,38.91562461666667,-95.31774241666666,2025/Sep/04,17:07:02,311,480,203,2300,216253.32,55302,-102,-12,-69,11,2300,203,-12,-102,-69,2300,386,-14,-104,-83,2300,202,-20,-111,-83,
250,38.91562463333333,-95.31774245,2025/Sep/04,17:07:05,311,480,203,2300,216253.32,55302,-102,-12,-67,12,2300,203,-12,-102,-71,2300,386,-15,-105,-82,2300,202,-20,-112,-82,2300,281,-20,-111,-82,2300,110,-20,-110,-82,
250,38.91562465,-95.31774245,2025/Sep/04,17:07:06,311,480,203,2300,216253.32,55302,-102,-13,-69,11,2300,203,-14,-102,-69,2300,386,-16,-104,-80,2300,202,-20,-112,-80,2300,110,-20,-110,-80,
250,38.915624666666666,-95.31774245,2025/Sep/04,17:07:07,311,480,203,2300,216253.32,55302,-102,-13,-69,11,2300,203,-13,-101,-67,2300,386,-15,-104,-80,2300,202,-20,-111,-81,
250,38.9156247,-95.31774245,2025/Sep/04,17:07:09,311,480,203,2300,216253.32,55302,-102,-13,-70,11,2300,203,-13,-102,-69,2300,386,-15,-105,-82,2300,202,-20,-111,-82,
250,38.9156247,-95.31774243333334,2025/Sep/04,17:07:10,311,480,203,2300,216253.32,55302,-102,-13,-67,11,2300,203,-13,-102,-68,2300,386,-14,-104,-81,2300,202,-20,-112,-81,
250,38.9156247,-95.31774245,2025/Sep/04,17:07:11,311,480,203,2300,216253.32,55302,-102,-13,-67,11,2300,203,-13,-102,-67,2300,386,-15,-105,-80,2300,202,-20,-111,-80,
250,38.91562471666667,-95.31774245,2025/Sep/04,17:07:12,311,480,203,2300,216253.32,55302,-102,-13,-70,10,2300,203,-13,-102,-69,2300,386,-14,-104,-82,2300,202,-20,-112,-82,
250,38.91562475,-95.31774246666667,2025/Sep/04,17:07:13,311,480,203,2300,216253.32,55302,-102,-13,-68,9,2300,203,-13,-103,-68,2300,386,-14,-103,-80,2300,202,-20,-112,-81,2300,110,-20,-114,-80,
250,38.91562476666667,-95.31774246666667,2025/Sep/04,17:07:14,311,480,203,2300,216253.32,55302,-103,-12,-70,10,2300,203,-13,-102,-69,2300,386,-15,-105,-81,2300,202,-20,-114,-81,2300,436,-20,-120,-82,
250,38.915624783333335,-95.31774246666667,2025/Sep/04,17:07:15,311,480,203,2300,216253.32,55302,-102,-12,-69,11,2300,203,-12,-102,-70,2300,386,-12,-103,-83,2300,202,-19,-109,-82,2300,281,-18,-109,-83,2300,110,-20,-112,-83,
250,38.915624783333335,-95.31774246666667,2025/Sep/04,17:07:16,311,480,203,2300,216253.32,55302,-102,-12,-69,11,2300,203,-12,-102,-70,2300,386,-13,-103,-81,2300,202,-20,-111,-81,
250,38.91562476666667,-95.31774248333333,2025/Sep/04,17:07:17,311,480,203,2300,216253.32,55302,-102,-12,-68,11,2300,203,-11,-102,-71,2300,386,-14,-105,-83,2300,202,-20,-112,-83,2300,110,-18,-110,-83,
250,38.915624783333335,-95.31774248333333,2025/Sep/04,17:07:18,311,480,203,2300,216253.32,55302,-102,-11,-70,12,2300,203,-11,-101,-69,2300,386,-14,-105,-83,2300,202,-20,-111,-83,
250,38.915624783333335,-95.31774251666667,2025/Sep/04,17:07:19,311,480,203,2300,216253.32,55302,-101,-12,-69,11,2300,203,-12,-101,-69,2300,386,-16,-106,-80,2300,110,-20,-113,-80,2300,202,-20,-110,-80,
250,38.91562473333333,-95.31774255,2025/Sep/04,17:07:21,311,480,203,2300,216253.32,55302,-101,-12,-69,11,2300,203,-11,-101,-69,2300,386,-14,-105,-82,2300,110,-20,-111,-82,2300,202,-20,-110,-82,
250,38.91562473333333,-95.31774258333333,2025/Sep/04,17:07:22,311,480,203,2300,216253.32,55302,-101,-12,-69,11,2300,203,-12,-101,-69,2300,386,-14,-104,-82,2300,110,-20,-110,-82,2300,202,-20,-112,-82,2300,289,-20,-114,-82,
250,38.91562473333333,-95.31774258333333,2025/Sep/04,17:07:23,311,480,203,2300,216253.32,55302,-101,-12,-69,11,2300,203,-12,-102,-70,2300,386,-14,-104,-82,2300,289,-20,-116,-83,2300,202,-20,-111,-82,2300,110,-20,-111,-82,2300,332,-16,-106,-82,
250,38.91562473333333,-95.31774256666667,2025/Sep/04,17:07:24,311,480,203,2300,216253.32,55302,-101,-12,-68,11,2300,203,-12,-101,-70,2300,386,-14,-104,-81,2300,289,-20,-109,-81,2300,202,-18,-106,-81,2300,110,-19,-109,-81,2300,332,-18,-107,-81,
250,38.91562471666667,-95.31774263333334,2025/Sep/04,17:07:25,311,480,203,2300,216253.32,55302,-102,-12,-69,11,2300,203,-12,-101,-69,2300,386,-14,-104,-82,
250,38.91562473333333,-95.31774261666666,2025/Sep/04,17:07:26,311,480,203,2300,216253.32,55302,-101,-13,-69,11,2300,203,-12,-101,-67,2300,386,-14,-103,-82,2300,202,-19,-109,-81,2300,281,-17,-107,-82,2300,289,-20,-111,-82,2300,110,-17,-107,-82,
250,38.91562475,-95.31774258333333,2025/Sep/04,17:07:27,311,480,203,2300,216253.32,55302,-101,-12,-69,11,2300,203,-13,-101,-68,2300,386,-13,-103,-82,2300,212,-20,-111,-82,2300,110,-18,-109,-82,
250,38.91562473333333,-95.31774261666666,2025/Sep/04,17:07:28,311,480,203,2300,216253.32,55302,-101,-11,-69,11,2300,203,-11,-101,-70,2300,386,-13,-104,-81,2300,202,-20,-111,-81,2300,212,-20,-113,-81,2300,110,-19,-110,-81,2300,289,-20,-119,-82,
250,38.9156247,-95.31774268333334,2025/Sep/04,17:07:29,311,480,203,2300,216253.32,55302,-101,-12,-70,11,2300,203,-12,-102,-69,2300,386,-13,-103,-82,2300,202,-20,-110,-82,2300,289,-20,-112,-82,2300,110,-18,-108,-82,2300,281,-16,-106,-82,2300,6,-20,-116,-82,2300,212,-20,-112,-82,
250,38.91562476666667,-95.31774265,2025/Sep/04,17:07:30,311,480,203,2300,216253.32,55302,-101,-12,-70,12,2300,203,-13,-102,-67,2300,386,-15,-105,-82,2300,110,-20,-112,-82,2300,202,-20,-113,-81,2300,281,-18,-109,-81,
250,38.9156248,-95.31774266666666,2025/Sep/04,17:07:33,311,480,203,2300,216253.32,55302,-102,-14,-68,10,2300,203,-14,-102,-67,2300,386,-14,-104,-81,2300,110,-20,-110,-82,2300,202,-20,-111,-82,2300,281,-18,-109,-82,2300,212,-20,-119,-81,
250,38.9156248,-95.31774261666666,2025/Sep/04,17:07:35,311,480,203,2300,216253.32,55302,-101,-12,-70,12,2300,203,-11,-101,-70,2300,386,-16,-105,-82,2300,110,-20,-110,-82,2300,212,-20,-118,-82,2300,202,-20,-110,-82,
250,38.91562483333333,-95.31774263333334,2025/Sep/04,17:07:36,311,480,203,2300,216253.32,55302,-101,-11,-69,12,2300,203,-11,-101,-70,2300,386,-14,-105,-83,2300,110,-17,-108,-83,2300,202,-20,-111,-82,2300,212,-20,-120,-83,
250,38.91562486666667,-95.3177426,2025/Sep/04,17:07:37,311,480,203,2300,216253.32,55302,-101,-12,-69,10,2300,203,-12,-101,-69,2300,386,-14,-105,-82,2300,212,-20,-116,-82,2300,202,-20,-111,-82,
250,38.91562485,-95.31774261666666,2025/Sep/04,17:07:38,311,480,203,2300,216253.32,55302,-101,-12,-70,11,2300,203,-12,-101,-70,2300,386,-16,-106,-80,2300,202,-20,-111,-80,2300,110,-19,-109,-80,2300,212,-20,-119,-80,
250,38.915624816666664,-95.31774263333334,2025/Sep/04,17:07:39,311,480,203,2300,216253.32,55302,-101,-14,-63,11,2300,203,-14,-101,-66,2300,386,-16,-107,-80,2300,202,-20,-112,-80,2300,110,-19,-110,-80,2300,281,-20,-109,-80,
250,38.91562483333333,-95.31774263333334,2025/Sep/04,17:07:40,311,480,203,2300,216253.32,55302,-101,-12,-70,11,2300,203,-12,-101,-70,2300,386,-14,-104,-83,2300,202,-20,-111,-83,2300,110,-18,-109,-83,2300,212,-20,-118,-83,
250,38.915624816666664,-95.31774265,2025/Sep/04,17:07:41,311,480,203,2300,216253.32,55302,-101,-13,-63,11,2300,203,-14,-101,-67,2300,386,-13,-103,-81,2300,202,-20,-112,-81,
250,38.915624816666664,-95.31774266666666,2025/Sep/04,17:07:42,311,480,203,2300,216253.32,55302,-102,-12,-67,11,2300,203,-12,-101,-65,2300,386,-15,-104,-80,2300,202,-20,-113,-80,2300,110,-20,-112,-80,
250,38.9156248,-95.3177427,2025/Sep/04,17:07:43,311,480,203,2300,216253.32,55302,-101,-12,-67,12,2300,203,-15,-101,-68,2300,386,-15,-104,-81,2300,202,-20,-111,-81,
250,38.91562485,-95.3177427,2025/Sep/04,17:07:45,311,480,203,2300,216253.32,55302,-101,-14,-66,12,2300,203,-14,-101,-69,2300,386,-15,-104,-81,2300,202,-20,-111,-81,2300,110,-20,-111,-81,
250,38.91562485,-95.31774271666667,2025/Sep/04,17:07:46,311,480,203,2300,216253.32,55302,-102,-13,-68,11,2300,203,-13,-102,-66,2300,386,-13,-103,-82,2300,202,-20,-112,-82,2300,110,-20,-113,-82,
250,38.915624816666664,-95.31774271666667,2025/Sep/04,17:07:47,311,480,203,2300,216253.32,55302,-102,-13,-67,11,2300,203,-13,-102,-65,2300,386,-14,-103,-80,2300,202,-20,-111,-80,2300,110,-20,-113,-80,
250,38.91562476666667,-95.3177428,2025/Sep/04,17:07:48,311,480,203,2300,216253.32,55302,-101,-12,-69,12,2300,203,-12,-101,-68,2300,386,-14,-104,-81,2300,202,-20,-111,-81,
250,38.91562476666667,-95.3177428,2025/Sep/04,17:07:49,311,480,203,2300,216253.32,55302,-102,-12,-67,11,2300,203,-12,-101,-67,2300,386,-13,-103,-81,2300,202,-20,-112,-81,
250,38.915624783333335,-95.3177428,2025/Sep/04,17:07:50,311,480,203,2300,216253.32,55302,-102,-13,-66,11,2300,203,-12,-102,-69,2300,386,-14,-103,-82,2300,202,-20,-114,-82,2300,110,-20,-114,-82,
250,38.915624816666664,-95.3177428,2025/Sep/04,17:07:51,311,480,203,2300,216253.32,55302,-101,-13,-67,11,2300,203,-13,-102,-68,2300,386,-15,-106,-82,2300,202,-20,-111,-82,2300,281,-18,-109,-83,2300,110,-20,-110,-83,
250,38.915624816666664,-95.31774278333333,2025/Sep/04,17:07:52,311,480,203,2300,216253.32,55302,-102,-12,-67,11,2300,203,-12,-101,-69,2300,386,-15,-104,-82,2300,202,-20,-110,-82,2300,110,-20,-111,-82,
250,38.915624816666664,-95.3177428,2025/Sep/04,17:07:53,311,480,203,2300,216253.32,55302,-101,-12,-69,11,2300,203,-12,-101,-68,2300,386,-15,-105,-82,2300,202,-20,-110,-82,
250,38.915624816666664,-95.3177428,2025/Sep/04,17:07:54,311,480,203,2300,216253.32,55302,-102,-13,-67,10,2300,203,-13,-101,-68,2300,386,-14,-105,-81,2300,202,-20,-112,-81,2300,332,-20,-110,-81,
250,38.91562486666667,-95.31774278333333,2025/Sep/04,17:07:55,311,480,203,2300,216253.32,55302,-101,-11,-67,11,2300,203,-12,-102,-70,2300,386,-14,-104,-83,2300,202,-20,-112,-83,2300,406,-20,-119,-83,2300,110,-20,-110,-83,
250,38.91562493333333,-95.31774281666667,2025/Sep/04,17:07:57,311,480,203,2300,216253.32,55302,-102,-12,-69,11,2300,203,-12,-102,-68,2300,386,-13,-104,-83,2300,202,-20,-112,-82,2300,110,-19,-110,-82,2300,406,-20,-117,-82,2300,212,-20,-118,-82,
250,38.9156249,-95.31774285,2025/Sep/04,17:07:58,311,480,203,2300,216253.32,55302,-101,-12,-69,11,2300,203,-12,-101,-69,2300,386,-14,-104,-83,2300,202,-20,-112,-82,2300,110,-19,-109,-82,2300,406,-20,-120,-82,2300,212,-20,-119,-83,
250,38.91562486666667,-95.3177429,2025/Sep/04,17:07:59,311,480,203,2300,216253.32,55302,-102,-12,-69,11,2300,203,-13,-102,-68,2300,386,-15,-106,-82,
250,38.91562483333333,-95.31774296666667,2025/Sep/04,17:08:02,311,480,203,2300,216253.32,55302,-102,-13,-68,10,2300,203,-14,-102,-69,2300,386,-14,-106,-83,2300,110,-16,-108,-83,
250,38.91562485,-95.3177429,2025/Sep/04,17:08:03,311,480,203,2300,216253.32,55302,-101,-12,-68,11,2300,203,-12,-101,-69,2300,386,-14,-104,-82,2300,110,-19,-109,-82,2300,202,-20,-112,-81,
250,38.91562488333334,-95.3177429,2025/Sep/04,17:08:04,311,480,203,2300,216253.32,55302,-102,-12,-67,11,2300,203,-12,-102,-70,2300,386,-14,-105,-83,2300,202,-20,-113,-83,2300,110,-20,-113,-83,2300,332,-20,-111,-83,
250,38.91562486666667,-95.31774293333334,2025/Sep/04,17:08:05,311,480,203,2300,216253.32,55302,-101,-14,-64,11,2300,203,-13,-102,-68,2300,386,-15,-105,-83,2300,202,-20,-112,-83,2300,110,-20,-110,-83,
250,38.91562488333334,-95.31774293333334,2025/Sep/04,17:08:06,311,480,203,2300,216253.32,55302,-102,-12,-68,11,2300,203,-13,-102,-68,2300,386,-15,-105,-82,2300,202,-20,-112,-82,2300,110,-19,-109,-82,
250,38.91562488333334,-95.3177429,2025/Sep/04,17:08:08,311,480,203,2300,216253.32,55302,-102,-12,-70,11,2300,203,-12,-102,-68,2300,386,-17,-107,-81,2300,202,-20,-112,-82,
250,38.91562485,-95.31774295,2025/Sep/04,17:08:09,311,480,203,2300,216253.32,55302,-101,-12,-69,11,2300,203,-13,-102,-69,2300,386,-19,-107,-81,2300,202,-20,-111,-81,
250,38.9156249,-95.31774293333334,2025/Sep/04,17:08:10,311,480,203,2300,216253.32,55302,-101,-11,-69,11,2300,203,-13,-101,-66,2300,386,-16,-106,-81,2300,202,-20,-112,-80,2300,110,-20,-110,-81,
250,38.9156249,-95.31774291666666,2025/Sep/04,17:08:11,311,480,203,2300,216253.32,55302,-101,-13,-68,11,2300,203,-12,-101,-69,2300,386,-16,-106,-82,2300,202,-20,-111,-82,
250,38.91562493333333,-95.3177429,2025/Sep/04,17:08:12,311,480,203,2300,216253.32,55302,-101,-12,-69,11,2300,203,-12,-101,-70,2300,386,-16,-107,-82,2300,202,-20,-111,-82,
250,38.91562495,-95.31774286666666,2025/Sep/04,17:08:13,311,480,203,2300,216253.32,55302,-101,-13,-64,11,2300,203,-13,-101,-69,2300,386,-16,-105,-81,2300,202,-20,-112,-81,
250,38.91562496666667,-95.31774285,2025/Sep/04,17:08:14,311,480,203,2300,216253.32,55302,-101,-12,-68,11,2300,203,-12,-101,-70,2300,386,-16,-106,-82,2300,202,-20,-111,-82,
250,38.91562495,-95.31774285,2025/Sep/04,17:08:15,311,480,203,2300,216253.32,55302,-102,-12,-68,11,2300,203,-11,-101,-68,2300,386,-15,-105,-81,2300,202,-20,-111,-81,
250,38.91562496666667,-95.31774286666666,2025/Sep/04,17:08:16,311,480,203,2300,216253.32,55302,-101,-11,-70,11,2300,203,-11,-102,-70,2300,386,-14,-104,-82,2300,202,-20,-112,-82,
250,38.915624916666665,-95.31774286666666,2025/Sep/04,17:08:17,311,480,203,2300,216253.32,55302,-102,-12,-68,11,2300,203,-13,-102,-67,2300,386,-15,-104,-81,2300,202,-20,-111,-81,
250,38.9156249,-95.31774288333334,2025/Sep/04,17:08:18,311,480,203,2300,216253.32,55302,-101,-12,-68,10,2300,203,-14,-101,-67,2300,386,-14,-103,-80,2300,202,-20,-109,-81,
250,38.91562486666667,-95.31774296666667,2025/Sep/04,17:08:20,311,480,203,2300,216253.32,55302,-101,-12,-70,12,2300,203,-12,-101,-69,2300,386,-14,-104,-81,2300,202,-20,-112,-81,
250,38.915624816666664,-95.317743,2025/Sep/04,17:08:21,311,480,203,2300,216253.32,55302,-101,-13,-69,11,2300,203,-12,-101,-69,2300,386,-15,-103,-81,2300,202,-20,-113,-81,2300,212,-20,-115,-80,
250,38.91562483333333,-95.317743,2025/Sep/04,17:08:22,311,480,203,2300,216253.32,55302,-101,-12,-69,10,2300,203,-12,-102,-69,2300,386,-14,-104,-82,2300,202,-20,-111,-82,
250,38.91562486666667,-95.317743,2025/Sep/04,17:08:23,311,480,203,2300,216253.32,55302,-102,-12,-70,11,2300,203,-12,-102,-69,2300,386,-14,-104,-81,2300,202,-20,-111,-81,2300,212,-20,-113,-81,
250,38.91562486666667,-95.31774301666667,2025/Sep/04,17:08:24,311,480,203,2300,216253.32,55302,-102,-12,-67,11,2300,203,-12,-101,-66,2300,386,-16,-104,-81,2300,202,-20,-110,-80,2300,250,-20,-114,-81,2300,110,-20,-110,-81,
250,38.91562483333333,-95.31774303333333,2025/Sep/04,17:08:25,311,480,203,2300,216253.32,55302,-102,-12,-69,11,2300,203,-12,-102,-68,2300,386,-14,-104,-81,2300,202,-20,-112,-81,
250,38.91562485,-95.31774301666667,2025/Sep/04,17:08:26,311,480,203,2300,216253.32,55302,-102,-13,-68,11,2300,203,-12,-102,-69,2300,386,-14,-104,-81,2300,202,-20,-112,-81,
250,38.91562486666667,-95.317743,2025/Sep/04,17:08:27,311,480,203,2300,216253.32,55302,-102,-12,-69,11,2300,203,-12,-102,-69,2300,386,-13,-103,-82,2300,202,-20,-112,-82,2300,110,-20,-112,-82,
250,38.9156248,-95.31774303333333,2025/Sep/04,17:08:32,311,480,203,2300,216253.32,55302,-102,-13,-66,11,2300,203,-14,-102,-66,2300,386,-14,-103,-80,2300,202,-20,-112,-80,
250,38.915624816666664,-95.31774303333333,2025/Sep/04,17:08:33,311,480,203,2300,216253.32,55302,-102,-13,-69,11,2300,203,-13,-102,-68,2300,386,-14,-103,-81,2300,202,-20,-112,-81,
250,38.9156248,-95.31774303333333,2025/Sep/04,17:08:34,311,480,203,2300,216253.32,55302,-102,-13,-69,11,2300,203,-13,-103,-70,2300,386,-13,-102,-81,2300,202,-20,-113,-81,
250,38.91562483333333,-95.31774303333333,2025/Sep/04,17:08:35,311,480,203,2300,216253.32,55302,-102,-12,-67,11,2300,203,-12,-102,-69,2300,386,-14,-103,-82,2300,202,-20,-112,-81,
250,38.91562483333333,-95.31774303333333,2025/Sep/04,17:08:36,311,480,203,2300,216253.32,55302,-102,-13,-66,11,2300,203,-13,-102,-69,2300,386,-15,-104,-81,2300,202,-20,-112,-82,2300,281,-20,-111,-81,
250,38.91562483333333,-95.31774306666667,2025/Sep/04,17:08:37,311,480,203,2300,216253.32,55302,-102,-12,-69,11,2300,203,-12,-102,-68,2300,386,-14,-104,-82,2300,202,-20,-113,-82,
250,38.91562483333333,-95.31774308333334,2025/Sep/04,17:08:38,311,480,203,2300,216253.32,55302,-102,-12,-69,11,2300,203,-12,-102,-68,2300,386,-15,-104,-81,2300,202,-20,-112,-81,
250,38.915624816666664,-95.31774315,2025/Sep/04,17:08:39,311,480,203,2300,216253.32,55302,-102,-13,-67,11,2300,203,-13,-102,-70,2300,386,-16,-106,-79,2300,202,-20,-112,-79,2300,110,-20,-110,-80,
250,38.9156248,-95.31774318333333,2025/Sep/04,17:08:40,311,480,203,2300,216253.32,55302,-101,-12,-63,12,2300,203,-12,-101,-69,2300,386,-16,-106,-82,2300,202,-20,-112,-82,2300,110,-20,-111,-82,
250,38.91562476666667,-95.3177432,2025/Sep/04,17:08:41,311,480,203,2300,216253.32,55302,-101,-12,-70,12,2300,203,-12,-101,-64,2300,386,-15,-105,-77,2300,202,-20,-111,-78,2300,110,-20,-111,-77,2300,452,-20,-117,-78,
250,38.91562476666667,-95.31774323333333,2025/Sep/04,17:08:42,311,480,203,2300,216253.32,55302,-101,-12,-70,11,2300,203,-11,-101,-70,2300,386,-14,-104,-82,2300,202,-20,-111,-82,2300,110,-20,-111,-82,
250,38.91562473333333,-95.31774326666667,2025/Sep/04,17:08:44,311,480,203,2300,216253.32,55302,-101,-12,-68,11,2300,203,-12,-101,-70,2300,386,-13,-103,-81,2300,202,-20,-111,-81,2300,110,-20,-110,-81,
250,38.91562471666667,-95.31774326666667,2025/Sep/04,17:08:45,311,480,203,2300,216253.32,55302,-101,-11,-66,11,2300,203,-12,-101,-68,2300,386,-13,-103,-81,2300,202,-20,-111,-82,2300,110,-20,-109,-81,2300,287,-20,-115,-82,
250,38.91562471666667,-95.31774326666667,2025/Sep/04,17:08:46,311,480,203,2300,216253.32,55302,-101,-12,-68,11,2300,203,-12,-101,-68,2300,386,-13,-102,-81,2300,202,-20,-112,-81,
250,38.91562473333333,-95.31774328333333,2025/Sep/04,17:08:47,311,480,203,2300,216253.32,55302,-102,-13,-70,11,2300,203,-12,-102,-69,2300,386,-12,-102,-80,2300,202,-20,-111,-80,2300,212,-20,-117,-81,2300,110,-18,-108,-80,
250,38.91562473333333,-95.3177433,2025/Sep/04,17:08:48,311,480,203,2300,216253.32,55302,-102,-13,-67,11,2300,203,-13,-102,-67,2300,386,-14,-102,-80,2300,202,-20,-112,-80,2300,212,-20,-117,-81,
250,38.91562471666667,-95.31774333333334,2025/Sep/04,17:08:49,311,480,203,2300,216253.32,55302,-101,-12,-69,11,2300,203,-12,-101,-69,2300,386,-15,-105,-82,2300,202,-20,-112,-82,2300,53,-20,-122,-84,
250,38.91562473333333,-95.31774333333334,2025/Sep/04,17:08:50,311,480,203,2300,216253.32,55302,-102,-12,-68,11,2300,203,-13,-101,-66,2300,386,-15,-105,-80,2300,202,-20,-111,-80,
250,38.91562473333333,-95.31774333333334,2025/Sep/04,17:08:51,311,480,203,2300,216253.32,55302,-102,-13,-69,11,2300,203,-13,-102,-66,2300,386,-14,-103,-81,2300,202,-20,-113,-81,
250,38.91562473333333,-95.31774336666666,2025/Sep/04,17:08:52,311,480,203,2300,216253.32,55302,-102,-13,-68,11,2300,203,-13,-102,-67,2300,386,-14,-103,-82,2300,202,-20,-111,-81,2300,287,-20,-110,-81,2300,110,-18,-108,-82,
250,38.91562486666667,-95.31774333333334,2025/Sep/04,17:08:53,311,480,203,2300,216253.32,55302,-102,-14,-68,10,2300,203,-12,-101,-68,2300,386,-14,-104,-82,2300,202,-20,-111,-81,
250,38.91562485,-95.31774341666667,2025/Sep/04,17:08:55,311,480,203,2300,216253.32,55302,-102,-13,-69,11,2300,203,-13,-102,-68,2300,386,-14,-105,-82,2300,202,-20,-111,-82,2300,110,-18,-109,-82,
250,38.915624916666665,-95.3177434,2025/Sep/04,17:08:59,311,480,203,2300,216253.32,55302,-102,-13,-68,11,2300,203,-13,-102,-70,2300,386,-15,-106,-82,2300,202,-20,-111,-82,2300,110,-18,-109,-82,
250,38.91562493333333,-95.31774341666667,2025/Sep/04,17:09:00,311,480,203,2300,216253.32,55302,-102,-13,-68,11,2300,203,-13,-102,-69,2300,386,-15,-105,-82,2300,202,-19,-109,-82,2300,110,-18,-109,-82,
250,38.9156249,-95.31774341666667,2025/Sep/04,17:09:01,311,480,203,2300,216253.32,55302,-102,-12,-69,11,2300,203,-13,-101,-68,2300,386,-13,-104,-83,2300,202,-20,-111,-83,
250,38.91562493333333,-95.31774341666667,2025/Sep/04,17:09:02,311,480,203,2300,216253.32,55302,-101,-14,-70,11,2300,203,-14,-101,-64,2300,386,-15,-104,-78,2300,202,-20,-114,-79,2300,110,-20,-112,-78,2300,6,-20,-116,-79,
250,38.9156249,-95.31774345,2025/Sep/04,17:09:03,311,480,203,2300,216253.32,55302,-102,-12,-69,11,2300,203,-12,-102,-70,2300,386,-14,-104,-82,2300,202,-20,-112,-82,2300,6,-20,-119,-82,
250,38.91562486666667,-95.31774348333333,2025/Sep/04,17:09:04,311,480,203,2300,216253.32,55302,-102,-12,-70,11,2300,203,-12,-102,-69,2300,386,-14,-105,-82,2300,202,-20,-112,-82,
250,38.915624916666665,-95.31774343333333,2025/Sep/04,17:09:05,311,480,203,2300,216253.32,55302,-102,-14,-68,10,2300,203,-13,-102,-69,2300,386,-17,-106,-81,2300,202,-20,-110,-82,
250,38.91562488333334,-95.31774348333333,2025/Sep/04,17:09:07,311,480,203,2300,216253.32,55302,-102,-13,-69,10,2300,203,-12,-102,-70,2300,386,-15,-106,-82,2300,202,-19,-109,-82,2300,110,-15,-106,-82,2300,6,-20,-111,-82,
250,38.91562486666667,-95.31774353333333,2025/Sep/04,17:09:08,311,480,203,2300,216253.32,55302,-102,-12,-67,11,2300,203,-13,-102,-66,2300,386,-15,-105,-80,2300,202,-20,-112,-80,
250,38.91562483333333,-95.31774355,2025/Sep/04,17:09:09,311,480,203,2300,216253.32,55302,-102,-13,-64,11,2300,203,-14,-102,-63,2300,386,-15,-104,-80,2300,202,-20,-113,-79,
250,38.915624816666664,-95.31774355,2025/Sep/04,17:09:10,311,480,203,2300,216253.32,55302,-102,-13,-68,11,2300,203,-13,-102,-68,2300,386,-15,-105,-81,2300,202,-20,-113,-81,
250,38.9156248,-95.31774356666666,2025/Sep/04,17:09:11,311,480,203,2300,216253.32,55302,-102,-12,-68,11,2300,203,-12,-102,-67,2300,386,-15,-105,-80,2300,202,-20,-112,-80,
250,38.91562476666667,-95.3177436,2025/Sep/04,17:09:12,311,480,203,2300,216253.32,55302,-102,-12,-70,11,2300,203,-11,-102,-71,2300,386,-13,-104,-82,2300,202,-20,-112,-83,2300,110,-19,-110,-83,
250,38.91562475,-95.3177436,2025/Sep/04,17:09:13,311,480,203,2300,216253.32,55302,-102,-11,-69,11,2300,203,-12,-102,-70,2300,386,-16,-107,-81,2300,202,-20,-111,-81,
250,38.91562473333333,-95.31774363333334,2025/Sep/04,17:09:14,311,480,203,2300,216253.32,55302,-101,-12,-69,11,2300,203,-12,-101,-70,2300,386,-16,-106,-82,2300,202,-18,-109,-82,2300,110,-17,-107,-82,
250,38.91562473333333,-95.31774361666666,2025/Sep/04,17:09:15,311,480,203,2300,216253.32,55302,-102,-12,-69,11,2300,203,-12,-102,-70,2300,386,-14,-105,-83,2300,202,-20,-111,-83,
250,38.91562473333333,-95.31774361666666,2025/Sep/04,17:09:16,311,480,203,2300,216253.32,55302,-102,-13,-70,11,2300,203,-12,-102,-69,2300,386,-15,-105,-82,2300,202,-20,-111,-82,
250,38.91562473333333,-95.31774363333334,2025/Sep/04,17:09:17,311,480,203,2300,216253.32,55302,-102,-12,-69,11,2300,203,-12,-102,-69,2300,386,-13,-104,-83,2300,202,-19,-110,-81,2300,110,-19,-109,-82,
250,38.91562473333333,-95.31774365,2025/Sep/04,17:09:18,311,480,203,2300,216253.32,55302,-102,-12,-71,11,2300,203,-13,-102,-69,2300,386,-14,-104,-82,2300,202,-20,-111,-82,
250,38.91562473333333,-95.31774366666667,2025/Sep/04,17:09:19,311,480,203,2300,216253.32,55302,-102,-13,-67,11,2300,203,-12,-102,-69,2300,386,-16,-106,-82,2300,202,-20,-111,-82,
250,38.91562475,-95.31774366666667,2025/Sep/04,17:09:20,311,480,203,2300,216253.32,55302,-102,-12,-68,11,2300,203,-13,-102,-68,2300,386,-15,-104,-81,2300,202,-20,-109,-81,2300,6,-20,-119,-81,
250,38.91562475,-95.31774365,2025/Sep/04,17:09:21,311,480,203,2300,216253.32,55302,-102,-12,-68,11,2300,203,-13,-101,-69,2300,386,-15,-105,-82,2300,202,-20,-111,-82,2300,110,-18,-108,-82,
250,38.915624783333335,-95.31774366666667,2025/Sep/04,17:09:22,311,480,203,2300,216253.32,55302,-102,-13,-68,11,2300,203,-13,-102,-68,2300,386,-14,-105,-82,2300,202,-20,-111,-82,
250,38.91562476666667,-95.31774366666667,2025/Sep/04,17:09:23,311,480,203,2300,216253.32,55302,-102,-13,-67,11,2300,203,-12,-102,-68,2300,386,-15,-105,-82,2300,202,-20,-112,-82,2300,281,-19,-109,-82,
250,38.91562483333333,-95.31774363333334,2025/Sep/04,17:09:25,311,480,203,2300,216253.32,55302,-102,-12,-68,11,2300,203,-12,-102,-70,2300,386,-14,-105,-82,2300,202,-20,-110,-82,2300,452,-20,-120,-82,
250,38.91562483333333,-95.31774366666667,2025/Sep/04,17:09:27,311,480,203,2300,216253.32,55302,-101,-12,-67,11,2300,203,-13,-101,-65,2300,386,-15,-104,-80,2300,202,-20,-110,-80,
250,38.9156248,-95.3177437,2025/Sep/04,17:09:28,311,480,203,2300,216253.32,55302,-101,-15,-64,11,2300,203,-13,-101,-69,2300,386,-13,-102,-81,2300,202,-20,-111,-80,
250,38.9156248,-95.3177438,2025/Sep/04,17:09:30,311,480,203,2300,216253.32,55302,-102,-13,-66,10,2300,203,-13,-101,-64,2300,386,-15,-103,-80,2300,202,-20,-111,-80,
250,38.9156248,-95.31774383333334,2025/Sep/04,17:09:31,311,480,203,2300,216253.32,55302,-101,-13,-64,11,2300,203,-13,-101,-64,2300,386,-13,-103,-82,2300,202,-20,-111,-81,2300,300,-20,-118,-81,2300,308,-20,-112,-82,
250,38.9156248,-95.31774386666666,2025/Sep/04,17:09:32,311,480,203,2300,216253.32,55302,-101,-12,-69,11,2300,203,-12,-101,-69,2300,386,-14,-103,-80,2300,202,-19,-108,-80,2300,308,-20,-110,-80,
250,38.91562485,-95.31774391666667,2025/Sep/04,17:09:34,311,480,203,2300,216253.32,55302,-102,-13,-70,11,2300,203,-13,-102,-69,2300,386,-14,-104,-81,2300,202,-20,-109,-81,2300,308,-20,-114,-81,2300,110,-20,-114,-81,
250,38.91562483333333,-95.31774395,2025/Sep/04,17:09:35,311,480,203,2300,216253.32,55302,-102,-13,-69,11,2300,203,-13,-102,-69,2300,386,-14,-103,-82,2300,202,-20,-111,-82,2300,110,-20,-112,-82,
250,38.9156248,-95.317744,2025/Sep/04,17:09:36,311,480,203,2300,216253.32,55302,-102,-14,-64,11,2300,203,-14,-102,-67,2300,386,-14,-104,-81,2300,202,-19,-107,-81,2300,110,-18,-107,-81,
250,38.915624816666664,-95.31774403333333,2025/Sep/04,17:09:37,311,480,203,2300,216253.32,55302,-102,-12,-70,11,2300,203,-13,-102,-69,2300,386,-14,-104,-82,2300,202,-20,-112,-82,2300,110,-20,-111,-82,
250,38.9156248,-95.31774405,2025/Sep/04,17:09:38,311,480,203,2300,216253.32,55302,-102,-13,-70,11,2300,203,-13,-102,-70,2300,386,-15,-104,-81,2300,202,-20,-111,-81,
250,38.915624816666664,-95.3177441,2025/Sep/04,17:09:39,311,480,203,2300,216253.32,55302,-102,-12,-69,11,2300,203,-12,-102,-65,2300,386,-14,-104,-80,2300,202,-20,-110,-80,
250,38.9156248,-95.3177441,2025/Sep/04,17:09:40,311,480,203,2300,216253.32,55302,-101,-12,-68,11,2300,203,-12,-101,-69,2300,386,-14,-103,-81,2300,202,-19,-108,-81,
250,38.915624783333335,-95.31774413333333,2025/Sep/04,17:09:42,311,480,203,2300,216253.32,55302,-101,-12,-68,11,2300,203,-14,-102,-68,2300,386,-14,-103,-81,2300,202,-20,-111,-80,
250,38.915624783333335,-95.31774416666667,2025/Sep/04,17:09:43,311,480,203,2300,216253.32,55302,-102,-12,-68,10,2300,203,-13,-102,-68,2300,386,-14,-104,-81,2300,202,-20,-110,-81,
250,38.91562476666667,-95.31774418333333,2025/Sep/04,17:09:45,311,480,203,2300,216253.32,55302,-101,-13,-66,10,2300,203,-14,-101,-66,2300,386,-15,-103,-79,2300,202,-20,-111,-79,
250,38.91562476666667,-95.31774421666667,2025/Sep/04,17:09:46,311,480,203,2300,216253.32,55302,-102,-14,-66,11,2300,203,-13,-102,-67,2300,386,-14,-104,-80,2300,202,-20,-110,-80,
250,38.91562476666667,-95.31774421666667,2025/Sep/04,17:09:47,311,480,203,2300,216253.32,55302,-102,-12,-69,11,2300,203,-13,-102,-69,2300,386,-14,-104,-82,2300,202,-20,-111,-83,
250,38.91562475,-95.31774425,2025/Sep/04,17:09:48,311,480,203,2300,216253.32,55302,-102,-13,-67,10,2300,203,-13,-102,-70,2300,386,-13,-104,-83,2300,202,-19,-110,-83,2300,385,-20,-111,-83,
250,38.91562473333333,-95.31774431666666,2025/Sep/04,17:09:49,311,480,203,2300,216253.32,55302,-102,-12,-69,11,2300,203,-12,-102,-70,2300,386,-14,-104,-82,2300,202,-20,-112,-82,
250,38.91562471666667,-95.31774435,2025/Sep/04,17:09:50,311,480,203,2300,216253.32,55302,-102,-13,-67,11,2300,203,-12,-102,-70,2300,386,-14,-103,-81,2300,202,-20,-113,-81,
250,38.91562471666667,-95.31774435,2025/Sep/04,17:09:51,311,480,203,2300,216253.32,55302,-101,-11,-69,12,2300,203,-13,-101,-68,2300,386,-14,-103,-81,2300,202,-19,-108,-81,2300,289,-20,-111,-81,
250,38.91562473333333,-95.31774436666667,2025/Sep/04,17:09:53,311,480,203,2300,216253.32,55302,-101,-13,-67,11,2300,203,-13,-101,-68,2300,386,-14,-104,-79,2300,202,-20,-111,-80,
250,38.91562475,-95.3177444,2025/Sep/04,17:09:56,311,480,203,2300,216253.32,55302,-101,-13,-65,11,2300,203,-13,-101,-67,2300,386,-13,-103,-82,2300,202,-20,-114,-82,
250,38.91562475,-95.31774441666667,2025/Sep/04,17:09:57,311,480,203,2300,216253.32,55302,-101,-12,-70,11,2300,203,-12,-102,-69,2300,386,-13,-104,-83,2300,202,-20,-110,-83,2300,281,-17,-108,-83,
250,38.91562473333333,-95.31774443333333,2025/Sep/04,17:09:58,311,480,203,2300,216253.32,55302,-101,-12,-69,11,2300,203,-12,-101,-68,2300,386,-14,-105,-82,2300,202,-20,-111,-82,
250,38.91562471666667,-95.31774445,2025/Sep/04,17:09:59,311,480,203,2300,216253.32,55302,-101,-12,-67,11,2300,203,-13,-101,-65,2300,386,-15,-105,-79,2300,202,-20,-110,-79,2300,212,-20,-117,-79,2300,281,-18,-108,-79,
250,38.91562471666667,-95.31774445,2025/Sep/04,17:10:00,311,480,203,2300,216253.32,55302,-101,-12,-70,11,2300,203,-12,-101,-70,2300,386,-14,-104,-82,2300,202,-20,-111,-82,2300,212,-20,-118,-82,
250,38.91562475,-95.31774446666667,2025/Sep/04,17:10:01,311,480,203,2300,216253.32,55302,-101,-12,-68,11,2300,203,-13,-102,-68,2300,386,-15,-104,-81,2300,202,-20,-110,-81,2300,212,-20,-114,-81,
250,38.91562473333333,-95.31774446666667,2025/Sep/04,17:10:02,311,480,203,2300,216253.32,55302,-101,-11,-70,11,2300,203,-12,-101,-68,2300,386,-14,-105,-82,2300,202,-20,-112,-82,
250,38.91562471666667,-95.31774451666666,2025/Sep/04,17:10:03,311,480,203,2300,216253.32,55302,-101,-12,-68,11,2300,203,-14,-101,-66,2300,386,-13,-103,-81,2300,202,-18,-108,-81,2300,212,-20,-109,-81,2300,110,-18,-108,-81,
250,38.91562473333333,-95.31774451666666,2025/Sep/04,17:10:05,311,480,203,2300,216253.32,55302,-101,-14,-67,11,2300,203,-13,-101,-67,2300,386,-14,-104,-80,2300,202,-20,-111,-80,
250,38.91562471666667,-95.31774453333334,2025/Sep/04,17:10:06,311,480,203,2300,216253.32,55302,-101,-13,-69,11,2300,203,-13,-101,-65,2300,386,-16,-104,-80,2300,452,-20,-111,-80,2300,202,-20,-110,-80,
250,38.9156247,-95.31774455,2025/Sep/04,17:10:07,311,480,203,2300,216253.32,55302,-101,-13,-68,11,2300,203,-14,-101,-70,2300,386,-16,-105,-81,2300,202,-20,-111,-81,
250,38.91562471666667,-95.31774455,2025/Sep/04,17:10:08,311,480,203,2300,216253.32,55302,-101,-12,-69,11,2300,203,-12,-101,-68,2300,386,-14,-104,-81,2300,202,-19,-111,-81,2300,110,-19,-110,-82,
250,38.9156247,-95.31774458333334,2025/Sep/04,17:10:09,311,480,203,2300,216253.32,55302,-101,-13,-66,11,2300,203,-12,-101,-68,2300,386,-13,-104,-83,2300,202,-19,-110,-83,2300,212,-20,-118,-82,2300,110,-18,-108,-83,
250,38.9156247,-95.3177446,2025/Sep/04,17:10:10,311,480,203,2300,216253.32,55302,-101,-12,-70,11,2300,203,-12,-102,-71,2300,386,-13,-104,-83,2300,202,-20,-112,-83,2300,212,-20,-118,-83,2300,110,-19,-110,-83,
250,38.9156247,-95.3177446,2025/Sep/04,17:10:11,311,480,203,2300,216253.32,55302,-102,-12,-68,11,2300,203,-11,-102,-69,2300,386,-12,-104,-82,2300,202,-20,-112,-83,
250,38.91562471666667,-95.31774461666667,2025/Sep/04,17:10:12,311,480,203,2300,216253.32,55302,-102,-12,-70,11,2300,203,-12,-102,-69,2300,386,-13,-104,-83,2300,202,-19,-111,-83,2300,110,-18,-109,-83,
250,38.91562471666667,-95.31774463333333,2025/Sep/04,17:10:13,311,480,203,2300,216253.32,55302,-102,-13,-64,11,2300,203,-12,-102,-67,2300,386,-14,-105,-83,2300,202,-20,-111,-83,
250,38.91562473333333,-95.31774463333333,2025/Sep/04,17:10:14,311,480,203,2300,216253.32,55302,-101,-13,-67,11,2300,203,-13,-101,-70,2300,386,-16,-105,-81,2300,202,-20,-111,-81,
250,38.91562473333333,-95.31774465,2025/Sep/04,17:10:15,311,480,203,2300,216253.32,55302,-102,-12,-70,11,2300,203,-12,-102,-70,2300,386,-15,-105,-82,2300,202,-20,-112,-83,
250,38.91562473333333,-95.31774465,2025/Sep/04,17:10:16,311,480,203,2300,216253.32,55302,-102,-12,-66,11,2300,203,-12,-102,-70,2300,386,-15,-106,-83,2300,202,-20,-112,-83,
250,38.91562473333333,-95.31774463333333,2025/Sep/04,17:10:17,311,480,203,2300,216253.32,55302,-101,-12,-70,11,2300,203,-12,-102,-68,2300,386,-13,-104,-83,2300,212,-20,-115,-83,2300,202,-20,-111,-83,
250,38.91562475,-95.31774465,2025/Sep/04,17:10:18,311,480,203,2300,216253.32,55302,-101,-11,-70,11,2300,203,-12,-101,-69,2300,386,-14,-104,-82,2300,202,-19,-109,-82,
250,38.91562475,-95.31774466666667,2025/Sep/04,17:10:19,311,480,203,2300,216253.32,55302,-102,-13,-67,10,2300,203,-12,-101,-69,2300,386,-14,-104,-82,2300,202,-17,-106,-80,2300,110,-19,-109,-81,
250,38.91562475,-95.31774466666667,2025/Sep/04,17:10:20,311,480,203,2300,216253.32,55302,-102,-14,-67,11,2300,203,-12,-102,-69,2300,386,-15,-105,-82,2300,202,-19,-109,-82,
250,38.91562475,-95.3177447,2025/Sep/04,17:10:21,311,480,203,2300,216253.32,55302,-102,-13,-70,11,2300,203,-13,-102,-67,2300,386,-14,-105,-82,
250,38.91562476666667,-95.31774471666667,2025/Sep/04,17:10:24,311,480,203,2300,216253.32,55302,-102,-13,-68,11,2300,203,-12,-102,-69,2300,386,-14,-104,-81,2300,202,-20,-111,-81,
250,38.915624783333335,-95.31774471666667,2025/Sep/04,17:10:25,311,480,203,2300,216253.32,55302,-102,-12,-67,11,2300,203,-13,-102,-65,2300,386,-14,-104,-82,2300,202,-20,-111,-82,
250,38.9156248,-95.31774475,2025/Sep/04,17:10:26,311,480,203,2300,216253.32,55302,-102,-13,-66,11,2300,203,-13,-102,-66,2300,386,-14,-103,-82,2300,202,-20,-111,-82,
250,38.91562605,-95.31774721666666,2025/Sep/04,17:10:28,311,480,203,2300,216253.32,55302,-102,-12,-70,11,2300,203,-12,-101,-67,2300,386,-14,-104,-80,2300,202,-20,-111,-80,
250,38.915626716666665,-95.31775341666666,2025/Sep/04,17:10:29,311,480,203,2300,216253.32,55302,-102,-14,-70,11,2300,203,-14,-102,-67,2300,386,-16,-104,-81,2300,202,-20,-110,-80,
250,38.915624083333334,-95.31775155,2025/Sep/04,17:10:30,311,480,203,2300,216253.32,55302,-102,-12,-69,11,2300,203,-12,-102,-69,2300,386,-14,-105,-83,2300,202,-20,-111,-83,
250,38.915625483333336,-95.31775355,2025/Sep/04,17:10:31,311,480,203,2300,216253.32,55302,-102,-14,-67,11,2300,203,-12,-102,-71,2300,386,-14,-104,-81,2300,202,-20,-109,-81,
250,38.915624533333336,-95.3177594,2025/Sep/04,17:10:32,311,480,203,2300,216253.32,55302,-102,-13,-65,11,2300,203,-13,-102,-69,2300,386,-13,-104,-81,2300,202,-20,-112,-80,
250,38.915623133333334,-95.3177615,2025/Sep/04,17:10:33,311,480,203,2300,216253.32,55302,-102,-13,-67,10,2300,203,-13,-102,-68,2300,386,-13,-103,-82,2300,202,-20,-112,-82,
250,38.91562255,-95.31776165,2025/Sep/04,17:10:34,311,480,203,2300,216253.32,55302,-101,-13,-67,10,2300,203,-12,-101,-69,2300,386,-15,-105,-79,2300,202,-20,-111,-79,
250,38.915623266666664,-95.31776325,2025/Sep/04,17:10:35,311,480,203,2300,216253.32,55302,-102,-13,-68,10,2300,203,-13,-102,-66,2300,386,-15,-104,-81,2300,202,-20,-111,-81,
250,38.91562291666666,-95.31776461666666,2025/Sep/04,17:10:36,311,480,203,2300,216253.32,55302,-102,-14,-68,11,2300,203,-13,-102,-68,2300,386,-15,-104,-81,2300,202,-20,-111,-81,
250,38.91562218333333,-95.3177659,2025/Sep/04,17:10:37,311,480,203,2300,216253.32,55302,-102,-12,-69,11,2300,203,-12,-102,-69,2300,386,-14,-104,-82,2300,202,-20,-111,-83,
250,38.9156223,-95.31776598333333,2025/Sep/04,17:10:38,311,480,203,2300,216253.32,55302,-102,-12,-69,11,2300,203,-12,-102,-71,2300,386,-14,-104,-82,2300,202,-20,-112,-82,
250,38.91562186666667,-95.31776708333334,2025/Sep/04,17:10:40,311,480,203,2300,216253.32,55302,-102,-15,-66,11,2300,203,-15,-102,-66,2300,386,-15,-104,-79,2300,202,-20,-113,-79,
250,38.91562198333333,-95.31776731666666,2025/Sep/04,17:10:41,311,480,203,2300,216253.32,55302,-102,-13,-70,11,2300,203,-13,-102,-68,2300,386,-14,-104,-82,2300,202,-20,-112,-82,
250,38.91562208333333,-95.3177674,2025/Sep/04,17:10:42,311,480,203,2300,216253.32,55302,-102,-13,-69,11,2300,203,-14,-102,-65,2300,386,-15,-104,-79,2300,202,-20,-112,-79,
250,38.915622166666665,-95.31776741666667,2025/Sep/04,17:10:43,311,480,203,2300,216253.32,55302,-102,-14,-66,11,2300,203,-13,-102,-65,2300,386,-15,-103,-79,2300,202,-20,-112,-79,
250,38.9156222,-95.31776743333333,2025/Sep/04,17:10:44,311,480,203,2300,216253.32,55302,-102,-13,-67,12,2300,203,-13,-102,-67,2300,386,-14,-103,-82,2300,202,-20,-110,-82,2300,353,-20,-111,-82,
250,38.91562221666667,-95.31776743333333,2025/Sep/04,17:10:45,311,480,203,2300,216253.32,55302,-102,-13,-70,11,2300,203,-12,-102,-70,2300,386,-13,-104,-83,2300,202,-20,-111,-83,
250,38.9156222,-95.31776745,2025/Sep/04,17:10:46,311,480,203,2300,216253.32,55302,-102,-14,-64,11,2300,203,-15,-102,-64,2300,386,-16,-104,-79,2300,202,-20,-112,-79,
250,38.91562221666667,-95.31776746666667,2025/Sep/04,17:10:47,311,480,203,2300,216253.32,55302,-102,-13,-70,11,2300,203,-12,-102,-70,2300,386,-14,-104,-81,2300,202,-20,-111,-81,
250,38.91562226666667,-95.31776746666667,2025/Sep/04,17:10:48,311,480,203,2300,216253.32,55302,-102,-12,-71,12,2300,203,-11,-102,-67,2300,386,-13,-104,-83,2300,202,-20,-111,-82,2300,17,-20,-116,-82,2300,110,-20,-110,-83,
250,38.91562231666666,-95.3177675,2025/Sep/04,17:10:49,311,480,203,2300,216253.32,55302,-102,-12,-69,11,2300,203,-13,-102,-69,2300,386,-15,-105,-81,2300,202,-20,-112,-81,2300,308,-20,-112,-81,
250,38.91562223333333,-95.3177675,2025/Sep/04,17:10:53,311,480,203,2300,216253.32,55302,-102,-13,-69,11,2300,203,-13,-102,-71,2300,386,-15,-105,-79,2300,202,-20,-112,-79,
250,38.91562223333333,-95.31776746666667,2025/Sep/04,17:10:54,311,480,203,2300,216253.32,55302,-102,-12,-69,11,2300,203,-12,-102,-70,2300,386,-14,-105,-82,2300,202,-20,-112,-82,2300,308,-20,-115,-82,
250,38.91562223333333,-95.3177675,2025/Sep/04,17:10:55,311,480,203,2300,216253.32,55302,-102,-15,-65,11,2300,203,-15,-102,-66,2300,386,-16,-104,-81,2300,202,-20,-112,-82,2300,308,-20,-112,-81,
250,38.91562223333333,-95.31776751666666,2025/Sep/04,17:10:56,311,480,203,2300,216253.32,55302,-102,-13,-68,11,2300,203,-13,-102,-70,2300,386,-16,-105,-81,2300,202,-20,-111,-81,
250,38.91562221666667,-95.31776753333334,2025/Sep/04,17:10:57,311,480,203,2300,216253.32,55302,-102,-12,-70,11,2300,203,-12,-102,-68,2300,386,-14,-104,-82,2300,202,-20,-110,-81,
250,38.91562223333333,-95.31776756666666,2025/Sep/04,17:10:58,311,480,203,2300,216253.32,55302,-102,-14,-66,11,2300,203,-14,-102,-70,2300,386,-15,-104,-80,2300,202,-20,-112,-80,
250,38.91562221666667,-95.31776753333334,2025/Sep/04,17:10:59,311,480,203,2300,216253.32,55302,-102,-14,-65,11,2300,203,-15,-102,-67,2300,386,-16,-105,-80,2300,202,-20,-113,-80,
250,38.91562226666667,-95.31776758333334,2025/Sep/04,17:11:01,311,480,203,2300,216253.32,55302,-102,-15,-67,11,2300,203,-15,-102,-66,2300,386,-17,-105,-80,2300,202,-20,-112,-80,
250,38.9156223,-95.31776755,2025/Sep/04,17:11:02,311,480,203,2300,216253.32,55302,-102,-15,-66,11,2300,203,-15,-102,-65,2300,386,-16,-104,-80,2300,202,-20,-113,-80,
250,38.91562233333333,-95.31776756666666,2025/Sep/04,17:11:04,311,480,203,2300,216253.32,55302,-102,-13,-68,11,2300,203,-12,-102,-68,2300,386,-15,-105,-82,2300,202,-20,-111,-82,
250,38.91562233333333,-95.31776755,2025/Sep/04,17:11:05,311,480,203,2300,216253.32,55302,-102,-13,-69,11,2300,203,-13,-102,-65,2300,386,-15,-104,-81,2300,202,-20,-112,-81,
250,38.91562235,-95.31776753333334,2025/Sep/04,17:11:06,311,480,203,2300,216253.32,55302,-102,-13,-69,11,2300,203,-13,-102,-66,2300,386,-14,-104,-82,2300,202,-20,-112,-82,
250,38.91562233333333,-95.31776751666666,2025/Sep/04,17:11:07,311,480,203,2300,216253.32,55302,-102,-14,-67,11,2300,203,-13,-102,-70,2300,386,-16,-105,-81,2300,202,-20,-112,-82,
250,38.9156223,-95.31776748333333,2025/Sep/04,17:11:08,311,480,203,2300,216253.32,55302,-102,-12,-70,11,2300,203,-12,-102,-70,2300,386,-14,-105,-82,2300,202,-20,-111,-83,
250,38.915622283333335,-95.31776751666666,2025/Sep/04,17:11:09,311,480,203,2300,216253.32,55302,-102,-12,-69,11,2300,203,-12,-102,-68,2300,386,-14,-105,-81,2300,202,-20,-111,-80,
250,38.915622283333335,-95.31776751666666,2025/Sep/04,17:11:10,311,480,203,2300,216253.32,55302,-102,-15,-66,11,2300,203,-15,-102,-64,2300,386,-16,-105,-80,2300,202,-20,-112,-80,
250,38.91562235,-95.31776753333334,2025/Sep/04,17:11:11,311,480,203,2300,216253.32,55302,-102,-12,-70,11,2300,203,-12,-102,-69,2300,386,-15,-105,-81,2300,202,-20,-111,-81,
250,38.91562235,-95.31776753333334,2025/Sep/04,17:11:12,311,480,203,2300,216253.32,55302,-102,-12,-69,11,2300,203,-12,-102,-68,2300,386,-14,-104,-83,2300,202,-20,-111,-83,
250,38.91562235,-95.31776751666666,2025/Sep/04,17:11:13,311,480,203,2300,216253.32,55302,-102,-15,-66,11,2300,203,-15,-102,-66,2300,386,-16,-105,-80,2300,202,-20,-112,-80,
250,38.91562236666667,-95.31776755,2025/Sep/04,17:11:14,311,480,203,2300,216253.32,55302,-102,-13,-68,11,2300,203,-13,-102,-69,2300,386,-16,-106,-82,2300,202,-20,-113,-82,
250,38.91562236666667,-95.31776755,2025/Sep/04,17:11:16,311,480,203,2300,216253.32,55302,-102,-14,-68,11,2300,203,-14,-102,-68,2300,386,-16,-105,-80,2300,202,-20,-112,-80,
250,38.91562235,-95.31776755,2025/Sep/04,17:11:17,311,480,203,2300,216253.32,55302,-102,-13,-69,11,2300,203,-12,-102,-67,2300,386,-16,-105,-82,2300,202,-20,-111,-81,
250,38.915622416666665,-95.31776756666666,2025/Sep/04,17:11:18,311,480,203,2300,216253.32,55302,-102,-15,-65,11,2300,203,-12,-102,-66,2300,386,-15,-104,-80,2300,202,-20,-112,-80,
250,38.915622416666665,-95.31776763333333,2025/Sep/04,17:11:21,311,480,203,2300,216253.32,55302,-102,-12,-69,11,2300,203,-13,-102,-70,2300,386,-15,-104,-81,2300,202,-20,-112,-81,
250,38.91562243333333,-95.31776763333333,2025/Sep/04,17:11:22,311,480,203,2300,216253.32,55302,-102,-12,-70,11,2300,203,-12,-102,-69,2300,386,-15,-105,-82,2300,202,-20,-111,-82,2300,110,-19,-109,-82,
250,38.91562246666667,-95.31776765,2025/Sep/04,17:11:23,311,480,203,2300,216253.32,55302,-102,-13,-67,11,2300,203,-13,-102,-65,2300,386,-16,-106,-81,2300,202,-20,-112,-82,2300,110,-19,-109,-81,
250,38.915622416666665,-95.31776765,2025/Sep/04,17:11:24,311,480,203,2300,216253.32,55302,-102,-15,-65,10,2300,203,-14,-103,-69,2300,386,-16,-105,-83,2300,202,-20,-112,-83,2300,110,-20,-110,-83,
250,38.915622383333336,-95.31776766666667,2025/Sep/04,17:11:25,311,480,203,2300,216253.32,55302,-102,-14,-70,11,2300,203,-12,-102,-70,2300,386,-14,-105,-83,2300,202,-20,-114,-83,2300,110,-19,-110,-83,
250,38.915622383333336,-95.31776768333333,2025/Sep/04,17:11:27,311,480,203,2300,216253.32,55302,-102,-12,-70,11,2300,203,-12,-102,-68,2300,386,-14,-105,-83,2300,202,-20,-113,-83,2300,110,-19,-110,-83,
250,38.9156224,-95.3177677,2025/Sep/04,17:11:28,311,480,203,2300,216253.32,55302,-102,-13,-66,11,2300,203,-13,-102,-67,2300,386,-15,-105,-82,2300,202,-20,-113,-82,2300,212,-20,-117,-82,
250,38.91562245,-95.31776768333333,2025/Sep/04,17:11:29,311,480,203,2300,216253.32,55302,-102,-13,-65,11,2300,203,-13,-102,-69,2300,386,-14,-104,-82,2300,212,-20,-118,-83,2300,202,-20,-112,-83,
250,38.91562243333333,-95.3177677,2025/Sep/04,17:11:30,311,480,203,2300,216253.32,55302,-102,-12,-69,11,2300,203,-12,-102,-70,2300,386,-13,-104,-83,
250,38.9156224,-95.3177677,2025/Sep/04,17:11:31,311,480,203,2300,216253.32,55302,-102,-12,-67,11,2300,203,-12,-102,-69,2300,386,-14,-104,-81,
250,38.915622416666665,-95.31776773333333,2025/Sep/04,17:11:32,311,480,203,2300,216253.32,55302,-102,-14,-66,11,2300,203,-15,-102,-66,2300,386,-15,-103,-79,2300,202,-20,-112,-79,
250,38.91562245,-95.31776773333333,2025/Sep/04,17:11:33,311,480,203,2300,216253.32,55302,-102,-12,-69,11,2300,203,-12,-102,-68,2300,386,-13,-104,-82,2300,202,-20,-111,-82,
250,38.915622416666665,-95.31776773333333,2025/Sep/04,17:11:34,311,480,203,2300,216253.32,55302,-102,-12,-68,11,2300,203,-12,-102,-70,2300,386,-15,-104,-82,2300,202,-20,-112,-82,
250,38.91562243333333,-95.31776771666667,2025/Sep/04,17:11:35,311,480,203,2300,216253.32,55302,-102,-14,-70,11,2300,203,-14,-102,-65,2300,386,-15,-104,-81,2300,202,-20,-112,-81,
250,38.91562243333333,-95.31776773333333,2025/Sep/04,17:11:36,311,480,203,2300,216253.32,55302,-102,-13,-66,11,2300,203,-13,-102,-67,2300,386,-14,-104,-81,
250,38.91562246666667,-95.31776771666667,2025/Sep/04,17:11:37,311,480,203,2300,216253.32,55302,-102,-12,-67,11,2300,203,-15,-102,-65,2300,386,-15,-103,-80,2300,202,-20,-113,-80,
250,38.91562246666667,-95.31776776666666,2025/Sep/04,17:11:39,311,480,203,2300,216253.32,55302,-102,-14,-68,11,2300,203,-13,-102,-70,2300,386,-15,-104,-79,2300,202,-20,-113,-80,
250,38.91562248333334,-95.31776783333333,2025/Sep/04,17:11:40,311,480,203,2300,216253.32,55302,-102,-12,-70,11,2300,203,-12,-102,-67,2300,386,-13,-103,-82,2300,202,-20,-112,-82,
250,38.91562246666667,-95.31776783333333,2025/Sep/04,17:11:41,311,480,203,2300,216253.32,55302,-102,-12,-65,11,2300,203,-13,-102,-65,2300,386,-14,-104,-82,2300,202,-20,-112,-82,2300,212,-20,-119,-83,
250,38.91562248333334,-95.31776785,2025/Sep/04,17:11:42,311,480,203,2300,216253.32,55302,-102,-14,-65,11,2300,203,-13,-102,-69,2300,386,-14,-104,-82,2300,202,-20,-112,-82,2300,212,-20,-117,-83,
250,38.915622516666666,-95.31776786666667,2025/Sep/04,17:11:43,311,480,203,2300,216253.32,55302,-102,-12,-67,11,2300,203,-13,-102,-70,2300,386,-13,-103,-80,2300,202,-20,-112,-81,2300,110,-19,-109,-80,
250,38.91562248333334,-95.31776788333333,2025/Sep/04,17:11:44,311,480,203,2300,216253.32,55302,-102,-15,-65,11,2300,203,-14,-102,-70,2300,386,-15,-105,-81,2300,202,-20,-112,-82,2300,110,-20,-110,-81,
250,38.91562243333333,-95.31776786666667,2025/Sep/04,17:11:45,311,480,203,2300,216253.32,55302,-102,-12,-69,11,2300,203,-12,-102,-66,2300,386,-15,-105,-83,2300,202,-20,-112,-83,2300,110,-20,-111,-83,
250,38.91562243333333,-95.31776786666667,2025/Sep/04,17:11:46,311,480,203,2300,216253.32,55302,-102,-12,-68,11,2300,203,-14,-102,-69,2300,386,-16,-105,-81,2300,202,-20,-112,-81,2300,110,-20,-111,-81,
250,38.915622416666665,-95.31776793333333,2025/Sep/04,17:11:49,311,480,203,2300,216253.32,55302,-102,-14,-66,11,2300,203,-15,-102,-66,2300,386,-16,-106,-83,2300,202,-20,-114,-83,2300,110,-20,-111,-83,
250,38.91562248333334,-95.31776791666667,2025/Sep/04,17:11:50,311,480,203,2300,216253.32,55302,-102,-12,-69,11,2300,203,-12,-102,-69,2300,386,-14,-105,-83,2300,202,-20,-113,-83,2300,110,-19,-110,-83,
250,38.915622516666666,-95.31776795,2025/Sep/04,17:11:51,311,480,203,2300,216253.32,55302,-102,-13,-66,11,2300,203,-13,-102,-68,2300,386,-15,-105,-82,2300,202,-20,-113,-82,2300,110,-20,-111,-83,
250,38.915622516666666,-95.31776793333333,2025/Sep/04,17:11:53,311,480,203,2300,216253.32,55302,-102,-12,-68,11,2300,203,-12,-102,-70,2300,386,-14,-105,-82,2300,202,-20,-113,-82,2300,110,-20,-110,-83,
250,38.91562246666667,-95.31776791666667,2025/Sep/04,17:11:54,311,480,203,2300,216253.32,55302,-102,-13,-68,11,2300,203,-13,-102,-69,2300,386,-15,-105,-82,2300,202,-20,-113,-82,2300,110,-20,-110,-82,
250,38.91562243333333,-95.31776791666667,2025/Sep/04,17:11:55,311,480,203,2300,216253.32,55302,-102,-14,-67,11,2300,203,-14,-102,-66,2300,386,-15,-106,-82,2300,202,-20,-113,-83,2300,110,-20,-111,-82,
250,38.91562246666667,-95.3177679,2025/Sep/04,17:11:56,311,480,203,2300,216253.32,55302,-102,-14,-66,10,2300,203,-15,-102,-66,2300,386,-16,-106,-80,2300,202,-20,-113,-80,2300,110,-20,-111,-80,
250,38.9156225,-95.31776793333333,2025/Sep/04,17:11:57,311,480,203,2300,216253.32,55302,-102,-13,-66,11,2300,203,-14,-102,-69,2300,386,-14,-105,-83,2300,202,-20,-113,-83,2300,110,-20,-111,-83,2300,452,-20,-119,-83,
250,38.915622516666666,-95.31776795,2025/Sep/04,17:11:58,311,480,203,2300,216253.32,55302,-102,-13,-70,11,2300,203,-13,-102,-68,2300,386,-14,-104,-78,2300,202,-20,-113,-78,2300,110,-20,-112,-78,2300,452,-20,-117,-79,
250,38.9156225,-95.31776796666666,2025/Sep/04,17:11:59,311,480,203,2300,216253.32,55302,-102,-14,-68,11,2300,203,-15,-103,-66,2300,386,-16,-105,-80,2300,202,-20,-113,-80,2300,281,-20,-110,-80,
250,38.9156225,-95.31776798333334,2025/Sep/04,17:12:00,311,480,203,2300,216253.32,55302,-102,-12,-71,11,2300,203,-12,-102,-70,2300,386,-15,-105,-82,2300,202,-20,-112,-82,
250,38.91562248333334,-95.31776795,2025/Sep/04,17:12:01,311,480,203,2300,216253.32,55302,-102,-13,-70,11,2300,203,-13,-102,-69,2300,386,-15,-105,-80,2300,202,-20,-112,-80,
250,38.91562246666667,-95.31776791666667,2025/Sep/04,17:12:02,311,480,203,2300,216253.32,55302,-103,-12,-67,11,2300,203,-12,-103,-70,2300,386,-15,-106,-82,2300,202,-20,-112,-82,2300,110,-20,-110,-82,
250,38.91562248333334,-95.3177679,2025/Sep/04,17:12:03,311,480,203,2300,216253.32,55302,-102,-12,-71,12,2300,203,-12,-102,-71,2300,386,-14,-105,-83,2300,202,-20,-113,-82,2300,110,-20,-112,-82,
250,38.9156225,-95.31776788333333,2025/Sep/04,17:12:05,311,480,203,2300,216253.32,55302,-102,-14,-65,11,2300,203,-15,-102,-66,2300,386,-18,-106,-80,2300,202,-20,-113,-80,2300,110,-20,-113,-80,
250,38.91562246666667,-95.31776786666667,2025/Sep/04,17:12:06,311,480,203,2300,216253.32,55302,-102,-15,-70,12,2300,203,-14,-102,-69,2300,386,-15,-106,-82,2300,202,-20,-112,-82,
250,38.91562248333334,-95.31776786666667,2025/Sep/04,17:12:07,311,480,203,2300,216253.32,55302,-102,-12,-69,11,2300,203,-13,-102,-66,2300,386,-15,-105,-82,2300,202,-20,-113,-82,2300,308,-20,-112,-81,
250,38.91562248333334,-95.31776785,2025/Sep/04,17:12:08,311,480,203,2300,216253.32,55302,-102,-14,-67,11,2300,203,-14,-102,-67,2300,386,-15,-105,-80,2300,202,-20,-114,-81,2300,110,-20,-113,-81,
250,38.91562255,-95.31776788333333,2025/Sep/04,17:12:09,311,480,203,2300,216253.32,55302,-102,-13,-69,11,2300,203,-13,-102,-70,2300,386,-15,-105,-81,2300,202,-20,-112,-81,2300,110,-20,-111,-81,2300,289,-20,-119,-82,
250,38.91562255,-95.3177679,2025/Sep/04,17:12:10,311,480,203,2300,216253.32,55302,-101,-15,-65,12,2300,203,-14,-101,-67,2300,386,-16,-106,-79,2300,202,-20,-111,-79,2300,110,-20,-110,-79,2300,289,-20,-117,-79,
250,38.91562256666667,-95.3177679,2025/Sep/04,17:12:11,311,480,203,2300,216253.32,55302,-101,-13,-67,11,2300,203,-12,-101,-68,2300,386,-15,-104,-80,2300,202,-20,-109,-81,2300,110,-18,-107,-81,2300,289,-20,-115,-80,
250,38.91562258333333,-95.3177679,2025/Sep/04,17:12:12,311,480,203,2300,216253.32,55302,-102,-12,-70,11,2300,203,-13,-102,-72,2300,386,-16,-105,-79,2300,202,-20,-113,-80,
250,38.91562256666667,-95.31776791666667,2025/Sep/04,17:12:13,311,480,203,2300,216253.32,55302,-102,-13,-70,11,2300,203,-13,-102,-69,2300,386,-15,-105,-82,2300,202,-20,-111,-82,
250,38.915622533333334,-95.31776788333333,2025/Sep/04,17:12:15,311,480,203,2300,216253.32,55302,-101,-15,-70,11,2300,203,-15,-101,-63,2300,386,-17,-105,-78,2300,202,-20,-113,-78,
250,38.915622533333334,-95.31776791666667,2025/Sep/04,17:12:18,311,480,203,2300,216253.32,55302,-102,-13,-72,12,2300,203,-13,-102,-67,2300,386,-15,-105,-81,2300,202,-20,-112,-81,
250,38.9156225,-95.3177679,2025/Sep/04,17:12:19,311,480,203,2300,216253.32,55302,-101,-14,-67,12,2300,203,-13,-101,-67,2300,386,-15,-105,-81,2300,202,-20,-111,-81,2300,110,-20,-110,-81,
250,38.91562246666667,-95.3177679,2025/Sep/04,17:12:20,311,480,203,2300,216253.32,55302,-101,-12,-70,12,2300,203,-12,-101,-70,2300,386,-14,-105,-82,2300,202,-20,-113,-82,
250,38.91562243333333,-95.3177679,2025/Sep/04,17:12:21,311,480,203,2300,216253.32,55302,-101,-14,-65,11,2300,203,-14,-101,-67,2300,386,-16,-105,-79,2300,202,-20,-112,-79,
250,38.91562246666667,-95.31776793333333,2025/Sep/04,17:12:22,311,480,203,2300,216253.32,55302,-101,-14,-69,11,2300,203,-14,-101,-64,2300,386,-16,-105,-78,2300,202,-20,-110,-78,
250,38.91562246666667,-95.31776796666666,2025/Sep/04,17:12:23,311,480,203,2300,216253.32,55302,-102,-13,-69,11,2300,203,-13,-102,-69,2300,386,-15,-104,-81,2300,202,-20,-111,-81,2300,143,-20,-118,-81,
250,38.9156225,-95.3177679,2025/Sep/04,17:12:24,311,480,203,2300,216253.32,55302,-102,-12,-70,11,2300,203,-12,-102,-71,2300,386,-14,-104,-81,2300,202,-20,-112,-81,
250,38.91562235,-95.31776791666667,2025/Sep/04,17:12:27,311,480,203,2300,216253.32,55302,-102,-12,-71,12,2300,203,-12,-101,-70,2300,386,-15,-105,-81,2300,194,-20,-119,-81,
250,38.915622383333336,-95.31776795,2025/Sep/04,17:12:28,311,480,203,2300,216253.32,55302,-101,-13,-70,11,2300,203,-12,-102,-70,2300,386,-15,-105,-82,
250,38.9156224,-95.31776796666666,2025/Sep/04,17:12:29,311,480,203,2300,216253.32,55302,-101,-12,-67,11,2300,203,-13,-101,-66,2300,386,-16,-106,-81,
250,38.91562236666667,-95.31776798333334,2025/Sep/04,17:12:30,311,480,203,2300,216253.32,55302,-102,-14,-64,11,2300,203,-14,-102,-64,2300,386,-15,-104,-80,2300,202,-20,-112,-80,
250,38.915622416666665,-95.31776798333334,2025/Sep/04,17:12:31,311,480,203,2300,216253.32,55302,-102,-14,-68,11,2300,203,-14,-102,-66,2300,386,-15,-104,-78,2300,202,-20,-111,-79,
250,38.91562236666667,-95.31776798333334,2025/Sep/04,17:12:32,311,480,203,2300,216253.32,55302,-101,-14,-64,11,2300,203,-13,-101,-69,2300,386,-15,-106,-81,2300,202,-20,-109,-82,
250,38.91562235,-95.31776798333334,2025/Sep/04,17:12:33,311,480,203,2300,216253.32,55302,-101,-13,-67,11,2300,203,-13,-101,-67,2300,386,-15,-104,-81,2300,202,-20,-111,-80,
250,38.91562235,-95.31776796666666,2025/Sep/04,17:12:34,311,480,203,2300,216253.32,55302,-101,-14,-68,11,2300,203,-14,-102,-67,2300,386,-16,-104,-80,2300,202,-20,-113,-80,
250,38.91562235,-95.317768,2025/Sep/04,17:12:35,311,480,203,2300,216253.32,55302,-101,-15,-67,12,2300,203,-13,-101,-66,2300,386,-15,-104,-82,2300,202,-20,-112,-82,
250,38.91562236666667,-95.31776798333334,2025/Sep/04,17:12:37,311,480,203,2300,216253.32,55302,-101,-14,-67,11,2300,203,-14,-101,-65,2300,386,-16,-104,-78,2300,202,-20,-113,-77,
250,38.91562235,-95.31776801666666,2025/Sep/04,17:12:38,311,480,203,2300,216253.32,55302,-101,-14,-69,11,2300,203,-13,-101,-68,2300,386,-15,-105,-81,2300,202,-20,-112,-81,
250,38.91562233333333,-95.31776803333334,2025/Sep/04,17:12:40,311,480,203,2300,216253.32,55302,-101,-14,-67,11,2300,203,-14,-101,-64,2300,386,-16,-106,-82,2300,202,-20,-112,-82,
250,38.9156223,-95.317768,2025/Sep/04,17:12:41,311,480,203,2300,216253.32,55302,-102,-13,-67,10,2300,203,-13,-102,-68,2300,386,-15,-105,-82,2300,202,-20,-112,-82,
250,38.91562233333333,-95.31776801666666,2025/Sep/04,17:12:42,311,480,203,2300,216253.32,55302,-102,-14,-67,11,2300,203,-13,-102,-70,2300,386,-15,-106,-82,2300,202,-20,-112,-82,2300,463,-20,-119,-83,
250,38.9156223,-95.31776805,2025/Sep/04,17:12:43,311,480,203,2300,216253.32,55302,-102,-15,-68,11,2300,203,-14,-102,-67,2300,386,-15,-105,-81,2300,202,-20,-112,-81,
250,38.9156224,-95.3177681,2025/Sep/04,17:12:46,311,480,203,2300,216253.32,55302,-102,-15,-64,11,2300,203,-15,-101,-64,2300,386,-15,-104,-79,2300,202,-20,-112,-79,
250,38.9156224,-95.31776811666667,2025/Sep/04,17:12:47,311,480,203,2300,216253.32,55302,-102,-15,-71,11,2300,203,-15,-102,-69,2300,386,-15,-104,-80,2300,202,-20,-112,-80,
250,38.915622383333336,-95.31776811666667,2025/Sep/04,17:12:48,311,480,203,2300,216253.32,55302,-101,-13,-68,12,2300,203,-13,-101,-67,2300,386,-17,-107,-82,2300,202,-20,-112,-83,
250,38.91562236666667,-95.31776813333333,2025/Sep/04,17:12:50,311,480,203,2300,216253.32,55302,-102,-14,-67,12,2300,203,-14,-102,-70,2300,386,-20,-109,-81,2300,202,-20,-111,-81,
250,38.91562236666667,-95.31776813333333,2025/Sep/04,17:12:51,311,480,203,2300,216253.32,55302,-101,-14,-71,11,2300,203,-14,-101,-65,2300,386,-19,-107,-80,2300,202,-20,-113,-80,
250,38.91562233333333,-95.31776818333333,2025/Sep/04,17:12:52,311,480,203,2300,216253.32,55302,-102,-16,-65,11,2300,203,-15,-102,-65,2300,386,-17,-106,-80,2300,202,-20,-114,-80,
250,38.91562235,-95.31776821666666,2025/Sep/04,17:12:53,311,480,203,2300,216253.32,55302,-102,-12,-68,11,2300,203,-12,-102,-70,2300,386,-16,-105,-81,2300,202,-20,-111,-81,
250,38.91562233333333,-95.31776826666666,2025/Sep/04,17:12:54,311,480,203,2300,216253.32,55302,-102,-14,-64,11,2300,203,-14,-102,-69,2300,386,-16,-106,-83,2300,202,-20,-113,-83,
250,38.91562235,-95.3177683,2025/Sep/04,17:12:55,311,480,203,2300,216253.32,55302,-102,-14,-65,11,2300,203,-13,-102,-63,2300,386,-15,-106,-79,2300,202,-20,-113,-80,
250,38.915622383333336,-95.31776831666667,2025/Sep/04,17:12:56,311,480,203,2300,216253.32,55302,-102,-12,-68,12,2300,203,-12,-102,-69,2300,386,-18,-108,-81,2300,202,-20,-111,-81,
250,38.91562236666667,-95.31776833333333,2025/Sep/04,17:12:57,311,480,203,2300,216253.32,55302,-102,-13,-67,10,2300,203,-12,-102,-70,2300,386,-15,-105,-83,2300,202,-20,-112,-83,2300,212,-20,-119,-83,
250,38.91562233333333,-95.31776831666667,2025/Sep/04,17:12:59,311,480,203,2300,216253.32,55302,-102,-12,-67,11,2300,203,-12,-102,-70,2300,386,-15,-105,-82,2300,202,-20,-111,-82,
250,38.915622416666665,-95.31776835,2025/Sep/04,17:13:02,311,480,203,2300,216253.32,55302,-102,-13,-69,11,2300,203,-13,-102,-69,2300,386,-16,-106,-81,2300,202,-20,-111,-81,
250,38.91562235,-95.31776838333333,2025/Sep/04,17:13:03,311,480,203,2300,216253.32,55302,-101,-12,-71,11,2300,203,-12,-101,-69,2300,386,-15,-105,-83,2300,202,-20,-111,-82,
250,38.91562231666666,-95.3177684,2025/Sep/04,17:13:04,311,480,203,2300,216253.32,55302,-101,-13,-68,11,2300,203,-13,-101,-68,2300,386,-15,-104,-80,
250,38.91562233333333,-95.31776838333333,2025/Sep/04,17:13:05,311,480,203,2300,216253.32,55302,-101,-15,-70,11,2300,203,-16,-102,-63,2300,386,-16,-103,-79,2300,202,-20,-114,-79,
250,38.91562233333333,-95.31776838333333,2025/Sep/04,17:13:06,311,480,203,2300,216253.32,55302,-102,-16,-64,11,2300,203,-16,-102,-68,2300,386,-16,-104,-82,2300,202,-20,-113,-82,
250,38.91562231666666,-95.3177684,2025/Sep/04,17:13:07,311,480,203,2300,216253.32,55302,-102,-13,-67,10,2300,203,-14,-102,-65,2300,386,-16,-105,-80,2300,202,-20,-111,-80,
250,38.91562231666666,-95.31776843333333,2025/Sep/04,17:13:08,311,480,203,2300,216253.32,55302,-102,-15,-66,10,2300,203,-15,-102,-70,2300,386,-18,-106,-79,2300,202,-20,-112,-79,2300,110,-20,-111,-79,
250,38.91562235,-95.31776846666666,2025/Sep/04,17:13:09,311,480,203,2300,216253.32,55302,-102,-14,-69,10,2300,203,-14,-102,-68,2300,386,-16,-106,-82,2300,202,-20,-111,-82,
250,38.91562236666667,-95.31776845,2025/Sep/04,17:13:10,311,480,203,2300,216253.32,55302,-102,-13,-70,10,2300,203,-13,-102,-70,2300,386,-16,-106,-82,2300,202,-20,-111,-82,
250,38.91562235,-95.31776846666666,2025/Sep/04,17:13:11,311,480,203,2300,216253.32,55302,-102,-13,-69,11,2300,203,-15,-102,-69,2300,386,-15,-105,-81,2300,202,-20,-113,-81,2300,110,-20,-110,-81,2300,89,-20,-117,-80,
250,38.91562236666667,-95.31776846666666,2025/Sep/04,17:13:15,311,480,203,2300,216253.32,55302,-102,-15,-65,10,2300,203,-14,-102,-70,2300,386,-15,-105,-82,2300,202,-20,-112,-82,2300,110,-20,-110,-82,
250,38.91562235,-95.31776848333334,2025/Sep/04,17:13:16,311,480,203,2300,216253.32,55302,-102,-12,-67,11,2300,203,-12,-102,-70,2300,386,-15,-106,-83,2300,202,-20,-111,-83,
250,38.915622383333336,-95.31776848333334,2025/Sep/04,17:13:17,311,480,203,2300,216253.32,55302,-101,-14,-70,11,2300,203,-15,-101,-64,2300,386,-17,-106,-79,2300,202,-20,-112,-78,
250,38.915622383333336,-95.31776851666666,2025/Sep/04,17:13:18,311,480,203,2300,216253.32,55302,-101,-14,-67,11,2300,203,-14,-101,-67,2300,110,-20,-111,-80,2300,202,-20,-111,-80,
250,38.915622383333336,-95.31776853333334,2025/Sep/04,17:13:19,311,480,203,2300,216253.32,55302,-101,-14,-68,10,2300,203,-14,-101,-68,2300,110,-20,-112,-80,2300,202,-20,-111,-80,2300,332,-20,-114,-80,
250,38.91562235,-95.31776855,2025/Sep/04,17:13:20,311,480,203,2300,216253.32,55302,-101,-14,-65,11,2300,203,-13,-101,-68,2300,110,-20,-110,-82,2300,202,-20,-111,-81,2300,386,-16,-106,-82,2300,332,-20,-110,-81,
250,38.91562235,-95.31776853333334,2025/Sep/04,17:13:21,311,480,203,2300,216253.32,55302,-101,-13,-67,11,2300,203,-14,-101,-65,2300,110,-20,-110,-80,2300,202,-20,-111,-80,2300,386,-15,-105,-80,2300,212,-20,-118,-80,
250,38.91562231666666,-95.31776853333334,2025/Sep/04,17:13:22,311,480,203,2300,216253.32,55302,-101,-14,-66,11,2300,203,-14,-101,-66,2300,110,-20,-110,-80,2300,202,-20,-112,-81,2300,386,-16,-105,-81,
250,38.91562235,-95.31776855,2025/Sep/04,17:13:23,311,480,203,2300,216253.32,55302,-102,-15,-66,11,2300,203,-14,-102,-69,2300,110,-20,-111,-83,2300,202,-20,-112,-83,2300,386,-16,-106,-83,2300,212,-20,-118,-83,
250,38.915622383333336,-95.31776856666667,2025/Sep/04,17:13:24,311,480,203,2300,216253.32,55302,-101,-14,-67,11,2300,203,-13,-101,-69,2300,110,-20,-111,-82,2300,202,-20,-112,-82,2300,386,-14,-104,-82,
250,38.91562233333333,-95.31776858333333,2025/Sep/04,17:13:26,311,480,203,2300,216253.32,55302,-101,-12,-70,12,2300,203,-12,-101,-68,2300,110,-20,-110,-81,2300,202,-20,-112,-81,2300,386,-15,-105,-81,
250,38.915622383333336,-95.31776855,2025/Sep/04,17:13:27,311,480,203,2300,216253.32,55302,-102,-12,-69,11,2300,203,-12,-102,-69,2300,386,-14,-105,-82,2300,202,-20,-113,-82,
250,38.9156224,-95.31776853333334,2025/Sep/04,17:13:28,311,480,203,2300,216253.32,55302,-101,-16,-65,11,2300,203,-16,-101,-66,2300,386,-16,-105,-79,2300,202,-20,-111,-79,
250,38.91562243333333,-95.31776855,2025/Sep/04,17:13:29,311,480,203,2300,216253.32,55302,-101,-12,-70,12,2300,203,-12,-101,-69,2300,386,-14,-105,-83,2300,202,-20,-112,-82,2300,110,-18,-109,-83,
250,38.91562246666667,-95.31776853333334,2025/Sep/04,17:13:30,311,480,203,2300,216253.32,55302,-102,-14,-65,11,2300,203,-14,-102,-68,2300,386,-16,-106,-81,2300,202,-20,-113,-82,2300,110,-20,-109,-82,
250,38.91562245,-95.31776853333334,2025/Sep/04,17:13:31,311,480,203,2300,216253.32,55302,-101,-13,-66,11,2300,203,-13,-101,-70,2300,386,-16,-105,-82,2300,202,-20,-112,-82,2300,110,-19,-109,-82,
250,38.91562246666667,-95.31776853333334,2025/Sep/04,17:13:32,311,480,203,2300,216253.32,55302,-101,-12,-68,11,2300,203,-12,-101,-69,2300,386,-14,-104,-77,2300,202,-20,-112,-77,2300,110,-20,-109,-77,
250,38.9156225,-95.31776853333334,2025/Sep/04,17:13:33,311,480,203,2300,216253.32,55302,-101,-15,-66,11,2300,203,-15,-101,-65,2300,386,-17,-105,-79,2300,202,-20,-112,-79,2300,110,-20,-109,-79,
250,38.9156225,-95.31776851666666,2025/Sep/04,17:13:34,311,480,203,2300,216253.32,55302,-101,-15,-65,11,2300,203,-15,-101,-68,2300,386,-16,-105,-80,2300,202,-20,-112,-79,2300,110,-19,-109,-79,
250,38.91562243333333,-95.31776851666666,2025/Sep/04,17:13:35,311,480,203,2300,216253.32,55302,-102,-15,-64,11,2300,203,-15,-102,-66,2300,386,-16,-105,-79,2300,202,-20,-114,-79,2300,110,-20,-109,-79,
250,38.91562245,-95.3177685,2025/Sep/04,17:13:36,311,480,203,2300,216253.32,55302,-102,-14,-70,11,2300,203,-14,-102,-66,2300,386,-15,-104,-80,2300,202,-20,-112,-80,2300,110,-20,-109,-80,2300,281,-20,-110,-81,
250,38.9156225,-95.3177685,2025/Sep/04,17:13:38,311,480,203,2300,216253.32,55302,-101,-13,-68,11,2300,203,-13,-101,-69,2300,386,-14,-105,-82,2300,202,-20,-111,-82,2300,110,-19,-110,-82,
250,38.91562248333334,-95.31776853333334,2025/Sep/04,17:13:39,311,480,203,2300,216253.32,55302,-101,-13,-66,12,2300,203,-14,-101,-67,2300,386,-15,-104,-80,2300,202,-20,-113,-80,2300,110,-20,-110,-79,
250,38.9156225,-95.31776855,2025/Sep/04,17:13:40,311,480,203,2300,216253.32,55302,-101,-13,-65,11,2300,203,-14,-101,-65,2300,386,-15,-104,-79,2300,202,-20,-112,-79,2300,110,-20,-110,-79,
250,38.91562246666667,-95.31776856666667,2025/Sep/04,17:13:43,311,480,203,2300,216253.32,55302,-102,-14,-66,11,2300,203,-14,-102,-66,2300,386,-16,-104,-79,2300,202,-20,-113,-79,2300,110,-20,-110,-79,
250,38.91562243333333,-95.31776856666667,2025/Sep/04,17:13:44,311,480,203,2300,216253.32,55302,-102,-14,-70,11,2300,203,-13,-102,-70,2300,386,-14,-104,-83,2300,202,-20,-111,-83,2300,110,-20,-111,-84,2300,212,-20,-121,-83,
250,38.91562243333333,-95.31776856666667,2025/Sep/04,17:13:45,311,480,203,2300,216253.32,55302,-101,-14,-69,11,2300,203,-13,-101,-70,2300,386,-15,-105,-80,2300,202,-20,-110,-80,2300,110,-20,-110,-81,
250,38.91562243333333,-95.31776853333334,2025/Sep/04,17:13:46,311,480,203,2300,216253.32,55302,-101,-14,-66,11,2300,203,-14,-101,-69,2300,386,-16,-105,-79,2300,212,-20,-117,-79,2300,202,-20,-111,-79,
250,38.91562243333333,-95.31776853333334,2025/Sep/04,17:13:47,311,480,203,2300,216253.32,55302,-101,-14,-69,11,2300,203,-14,-102,-68,2300,386,-17,-106,-81,2300,202,-20,-112,-81,
250,38.91562246666667,-95.31776856666667,2025/Sep/04,17:13:48,311,480,203,2300,216253.32,55302,-101,-13,-67,11,2300,203,-13,-101,-69,2300,386,-15,-105,-82,2300,202,-20,-112,-82,2300,110,-20,-110,-82,
250,38.91562246666667,-95.31776856666667,2025/Sep/04,17:13:49,311,480,203,2300,216253.32,55302,-101,-14,-68,11,2300,203,-14,-101,-68,2300,386,-17,-106,-79,2300,202,-20,-114,-79,2300,110,-20,-111,-79,
250,38.91562246666667,-95.31776856666667,2025/Sep/04,17:13:50,311,480,203,2300,216253.32,55302,-101,-15,-65,11,2300,203,-15,-102,-67,2300,386,-16,-105,-80,2300,202,-20,-113,-80,
250,38.9156225,-95.31776855,2025/Sep/04,17:13:51,311,480,203,2300,216253.32,55302,-102,-12,-70,11,2300,203,-12,-101,-69,2300,386,-14,-105,-82,2300,202,-20,-111,-82,
250,38.9156225,-95.31776856666667,2025/Sep/04,17:13:52,311,480,203,2300,216253.32,55302,-101,-13,-67,11,2300,203,-13,-102,-69,2300,386,-15,-105,-81,2300,202,-20,-111,-81,
250,38.915622516666666,-95.31776858333333,2025/Sep/04,17:13:53,311,480,203,2300,216253.32,55302,-102,-14,-67,11,2300,203,-14,-102,-67,2300,386,-16,-105,-80,2300,202,-20,-111,-80,
250,38.915622533333334,-95.3177686,2025/Sep/04,17:13:54,311,480,203,2300,216253.32,55302,-101,-14,-67,11,2300,203,-13,-101,-69,2300,386,-14,-104,-82,2300,202,-20,-111,-81,
250,38.91562256666667,-95.31776858333333,2025/Sep/04,17:13:55,311,480,203,2300,216253.32,55302,-102,-14,-70,11,2300,203,-13,-102,-68,2300,386,-14,-104,-82,2300,202,-20,-111,-82,2300,110,-19,-109,-82,
250,38.91562261666667,-95.31776856666667,2025/Sep/04,17:13:56,311,480,203,2300,216253.32,55302,-102,-15,-66,11,2300,203,-15,-102,-64,2300,386,-16,-105,-79,2300,202,-20,-114,-79,
250,38.91562261666667,-95.31776856666667,2025/Sep/04,17:13:57,311,480,203,2300,216253.32,55302,-101,-13,-69,11,2300,203,-13,-101,-67,2300,386,-15,-105,-81,2300,202,-20,-110,-81,
250,38.9156226,-95.31776855,2025/Sep/04,17:13:58,311,480,203,2300,216253.32,55302,-102,-15,-67,11,2300,203,-15,-102,-66,2300,386,-16,-105,-80,2300,202,-20,-112,-80,
250,38.91562261666667,-95.31776853333334,2025/Sep/04,17:13:59,311,480,203,2300,216253.32,55302,-102,-13,-69,11,2300,203,-13,-102,-67,2300,386,-16,-106,-80,2300,202,-20,-111,-81,2300,110,-20,-110,-80,
250,38.915622633333335,-95.31776853333334,2025/Sep/04,17:14:01,311,480,203,2300,216253.32,55302,-102,-14,-66,10,2300,203,-15,-102,-66,2300,386,-16,-106,-81,2300,202,-20,-112,-81,2300,110,-20,-111,-81,
250,38.915622666666664,-95.31776851666666,2025/Sep/04,17:14:02,311,480,203,2300,216253.32,55302,-102,-13,-69,11,2300,203,-12,-102,-69,2300,386,-15,-106,-82,2300,202,-20,-112,-83,2300,110,-20,-111,-83,
250,38.91562265,-95.31776853333334,2025/Sep/04,17:14:03,311,480,203,2300,216253.32,55302,-102,-14,-68,11,2300,203,-14,-102,-67,2300,386,-16,-106,-80,2300,202,-20,-110,-80,2300,110,-20,-111,-80,2300,6,-20,-118,-80,
250,38.915622633333335,-95.3177685,2025/Sep/04,17:14:04,311,480,203,2300,216253.32,55302,-102,-15,-65,11,2300,203,-15,-102,-66,2300,386,-17,-105,-80,2300,202,-20,-112,-80,2300,110,-20,-113,-80,2300,6,-20,-117,-80,
250,38.91562268333333,-95.31776851666666,2025/Sep/04,17:14:05,311,480,203,2300,216253.32,55302,-102,-13,-68,11,2300,203,-13,-102,-69,2300,386,-15,-105,-81,2300,202,-20,-111,-82,2300,110,-20,-113,-82,2300,6,-20,-118,-81,
250,38.9156227,-95.3177685,2025/Sep/04,17:14:06,311,480,203,2300,216253.32,55302,-101,-14,-69,11,2300,203,-14,-102,-66,2300,386,-16,-105,-80,2300,202,-20,-111,-80,2300,110,-20,-114,-81,2300,6,-20,-117,-80,
250,38.915622633333335,-95.31776851666666,2025/Sep/04,17:14:08,311,480,203,2300,216253.32,55302,-102,-15,-66,11,2300,203,-12,-101,-68,2300,386,-14,-104,-82,2300,202,-20,-111,-82,2300,110,-20,-110,-82,2300,20,-20,-118,-82,
250,38.91562283333333,-95.31776851666666,2025/Sep/04,17:14:12,311,480,203,2300,216253.32,55302,-101,-12,-67,11,2300,203,-13,-101,-66,2300,386,-14,-104,-81,2300,202,-20,-110,-82,2300,110,-20,-110,-82,
250,38.91562285,-95.31776853333334,2025/Sep/04,17:14:13,311,480,203,2300,216253.32,55302,-101,-14,-68,11,2300,203,-14,-101,-68,2300,386,-15,-104,-81,2300,202,-20,-111,-81,
250,38.915622866666666,-95.31776853333334,2025/Sep/04,17:14:14,311,480,203,2300,216253.32,55302,-101,-13,-67,11,2300,203,-13,-101,-67,2300,386,-15,-104,-81,2300,202,-20,-110,-81,
250,38.91562285,-95.31776855,2025/Sep/04,17:14:15,311,480,203,2300,216253.32,55302,-101,-15,-65,11,2300,203,-15,-101,-65,2300,386,-16,-104,-79,2300,202,-20,-111,-79,2300,110,-20,-110,-79,
250,38.91562285,-95.31776858333333,2025/Sep/04,17:14:16,311,480,203,2300,216253.32,55302,-101,-13,-65,11,2300,203,-13,-101,-69,2300,386,-15,-104,-82,2300,202,-20,-110,-82,2300,110,-20,-112,-82,
250,38.91562281666667,-95.3177686,2025/Sep/04,17:14:17,311,480,203,2300,216253.32,55302,-101,-14,-65,11,2300,203,-14,-101,-68,2300,386,-14,-104,-79,2300,202,-20,-111,-79,2300,110,-20,-113,-79,
250,38.91562283333333,-95.3177686,2025/Sep/04,17:14:18,311,480,203,2300,216253.32,55302,-101,-13,-67,11,2300,203,-13,-101,-69,2300,386,-14,-104,-81,2300,202,-20,-111,-81,2300,110,-20,-111,-82,
250,38.91562281666667,-95.3177686,2025/Sep/04,17:14:19,311,480,203,2300,216253.32,55302,-101,-14,-68,11,2300,203,-13,-101,-68,2300,386,-14,-103,-81,2300,202,-20,-110,-81,2300,110,-20,-112,-82,
250,38.9156228,-95.31776856666667,2025/Sep/04,17:14:20,311,480,203,2300,216253.32,55302,-101,-12,-68,11,2300,203,-13,-101,-68,2300,386,-15,-104,-79,2300,202,-20,-110,-79,2300,110,-20,-113,-80,
250,38.9156228,-95.31776855,2025/Sep/04,17:14:21,311,480,203,2300,216253.32,55302,-101,-15,-64,11,2300,203,-14,-101,-68,2300,386,-16,-105,-82,2300,202,-20,-112,-82,2300,110,-20,-113,-82,
250,38.91562283333333,-95.31776855,2025/Sep/04,17:14:22,311,480,203,2300,216253.32,55302,-101,-13,-65,11,2300,203,-13,-101,-69,2300,386,-14,-103,-81,2300,202,-20,-110,-82,2300,6,-20,-119,-81,
250,38.91562283333333,-95.31776856666667,2025/Sep/04,17:14:23,311,480,203,2300,216253.32,55302,-101,-15,-68,11,2300,203,-14,-101,-66,2300,386,-15,-104,-81,2300,202,-20,-111,-81,
250,38.915622866666666,-95.31776858333333,2025/Sep/04,17:14:25,311,480,203,2300,216253.32,55302,-101,-13,-67,11,2300,203,-13,-101,-68,2300,202,-20,-111,-81,2300,386,-16,-105,-81,2300,110,-20,-117,-81,
250,38.9156229,-95.3177686,2025/Sep/04,17:14:26,311,480,203,2300,216253.32,55302,-101,-13,-68,11,2300,203,-13,-101,-69,2300,202,-20,-111,-82,2300,386,-14,-105,-83,
250,38.91562291666666,-95.3177686,2025/Sep/04,17:14:27,311,480,203,2300,216253.32,55302,-101,-13,-69,12,2300,203,-13,-101,-66,2300,202,-20,-110,-79,
250,38.91562291666666,-95.3177686,2025/Sep/04,17:14:28,311,480,203,2300,216253.32,55302,-101,-12,-67,11,2300,203,-12,-101,-69,2300,202,-20,-111,-82,2300,386,-15,-105,-82,2300,212,-20,-115,-82,
250,38.91562293333333,-95.3177686,2025/Sep/04,17:14:29,311,480,203,2300,216253.32,55302,-101,-12,-68,11,2300,203,-12,-101,-68,2300,202,-20,-111,-81,2300,386,-15,-105,-81,
250,38.915622983333336,-95.3177686,2025/Sep/04,17:14:30,311,480,203,2300,216253.32,55302,-102,-13,-70,11,2300,203,-12,-102,-69,2300,202,-20,-111,-82,2300,386,-13,-105,-82,2300,110,-20,-113,-82,
250,38.91562296666667,-95.31776861666667,2025/Sep/04,17:14:31,311,480,203,2300,216253.32,55302,-102,-12,-69,12,2300,203,-12,-102,-69,2300,202,-20,-111,-82,2300,386,-14,-105,-82,2300,110,-20,-114,-82,
250,38.915622983333336,-95.31776861666667,2025/Sep/04,17:14:33,311,480,203,2300,216253.32,55302,-101,-13,-65,11,2300,203,-13,-101,-66,2300,202,-20,-110,-82,2300,386,-16,-106,-82,2300,110,-18,-109,-82,
250,38.91562303333333,-95.3177686,2025/Sep/04,17:14:34,311,480,203,2300,216253.32,55302,-101,-13,-65,10,2300,203,-14,-101,-66,2300,202,-20,-111,-80,2300,386,-15,-105,-80,2300,110,-20,-110,-80,
250,38.91562306666667,-95.3177686,2025/Sep/04,17:14:35,311,480,203,2300,216253.32,55302,-102,-12,-69,11,2300,203,-13,-102,-64,2300,202,-20,-110,-78,2300,386,-14,-104,-78,2300,6,-20,-118,-79,
250,38.915623116666666,-95.31776861666667,2025/Sep/04,17:14:37,311,480,203,2300,216253.32,55302,-101,-12,-68,12,2300,203,-12,-101,-69,2300,202,-20,-111,-82,2300,386,-15,-106,-81,2300,6,-20,-119,-82,
250,38.915623133333334,-95.31776858333333,2025/Sep/04,17:14:40,311,480,203,2300,216253.32,55302,-102,-12,-70,11,2300,203,-13,-102,-66,2300,202,-20,-111,-81,2300,289,-20,-119,-81,2300,110,-20,-110,-80,
250,38.91562315,-95.3177686,2025/Sep/04,17:14:41,311,480,203,2300,216253.32,55302,-102,-15,-66,11,2300,203,-15,-102,-65,2300,202,-20,-114,-79,2300,110,-20,-114,-78,2300,289,-20,-117,-79,
250,38.915623116666666,-95.3177686,2025/Sep/04,17:14:43,311,480,203,2300,216253.32,55302,-102,-14,-65,11,2300,203,-14,-102,-67,2300,202,-20,-111,-78,2300,110,-20,-111,-78,2300,386,-17,-104,-78,2300,6,-20,-117,-78,
250,38.915623116666666,-95.31776856666667,2025/Sep/04,17:14:45,311,480,203,2300,216253.32,55302,-102,-13,-69,11,2300,203,-13,-102,-69,2300,202,-20,-111,-81,2300,110,-20,-110,-81,2300,386,-14,-103,-81,2300,6,-20,-116,-80,
250,38.915623116666666,-95.31776858333333,2025/Sep/04,17:14:48,311,480,203,2300,216253.32,55302,-102,-14,-69,11,2300,203,-15,-102,-64,2300,202,-20,-113,-80,2300,110,-20,-110,-81,2300,386,-16,-104,-81,2300,6,-20,-116,-81,
250,38.91562318333333,-95.31776858333333,2025/Sep/04,17:14:49,311,480,203,2300,216253.32,55302,-102,-13,-69,11,2300,203,-12,-102,-69,2300,202,-20,-112,-81,2300,110,-20,-111,-81,2300,386,-13,-102,-81,
250,38.91562318333333,-95.3177686,2025/Sep/04,17:14:50,311,480,203,2300,216253.32,55302,-102,-12,-69,11,2300,203,-12,-102,-69,2300,202,-20,-111,-81,2300,386,-14,-103,-82,2300,110,-20,-114,-82,
250,38.91562321666667,-95.31776858333333,2025/Sep/04,17:14:51,311,480,203,2300,216253.32,55302,-102,-14,-68,11,2300,203,-14,-102,-70,2300,202,-20,-111,-81,2300,386,-16,-105,-81,2300,110,-20,-112,-81,
250,38.915623233333335,-95.3177686,2025/Sep/04,17:14:52,311,480,203,2300,216253.32,55302,-102,-13,-69,11,2300,203,-13,-102,-68,2300,202,-20,-111,-82,2300,386,-16,-106,-82,2300,110,-20,-114,-82,2300,281,-20,-111,-82,
250,38.91562321666667,-95.3177686,2025/Sep/04,17:14:53,311,480,203,2300,216253.32,55302,-102,-12,-70,11,2300,203,-12,-102,-68,2300,202,-20,-112,-81,2300,386,-16,-107,-81,2300,110,-20,-110,-82,2300,281,-20,-111,-82,
250,38.915623266666664,-95.31776861666667,2025/Sep/04,17:14:54,311,480,203,2300,216253.32,55302,-102,-13,-66,11,2300,203,-14,-102,-66,2300,202,-20,-112,-82,2300,386,-15,-105,-81,2300,110,-20,-113,-82,
250,38.91562328333333,-95.31776858333333,2025/Sep/04,17:14:55,311,480,203,2300,216253.32,55302,-102,-14,-66,11,2300,203,-14,-102,-66,2300,202,-20,-111,-80,2300,386,-18,-107,-80,2300,110,-20,-111,-80,2300,32,-20,-117,-80,
250,38.915623233333335,-95.31776858333333,2025/Sep/04,17:14:56,311,480,203,2300,216253.32,55302,-102,-14,-66,11,2300,203,-13,-102,-67,2300,202,-20,-112,-83,2300,386,-17,-106,-82,2300,110,-20,-110,-82,
250,38.915623266666664,-95.31776858333333,2025/Sep/04,17:14:57,311,480,203,2300,216253.32,55302,-101,-13,-68,11,2300,203,-13,-102,-70,2300,202,-20,-112,-82,2300,386,-16,-105,-82,2300,110,-19,-108,-82,
250,38.91562321666667,-95.31776858333333,2025/Sep/04,17:14:58,311,480,203,2300,216253.32,55302,-102,-12,-69,11,2300,203,-14,-102,-66,2300,202,-20,-112,-79,2300,386,-15,-104,-79,2300,110,-20,-109,-79,
250,38.91562321666667,-95.31776858333333,2025/Sep/04,17:14:59,311,480,203,2300,216253.32,55302,-102,-15,-66,10,2300,203,-14,-101,-69,2300,202,-20,-113,-82,2300,386,-15,-104,-82,2300,110,-20,-109,-82,
250,38.91562318333333,-95.31776858333333,2025/Sep/04,17:15:01,311,480,203,2300,216253.32,55302,-102,-13,-70,11,2300,203,-13,-103,-69,2300,386,-14,-105,-84,
250,38.91562316666667,-95.31776858333333,2025/Sep/04,17:15:03,311,480,203,2300,216253.32,55302,-102,-14,-68,11,2300,203,-14,-102,-69,2300,386,-16,-105,-81,2300,202,-20,-114,-82,2300,110,-20,-111,-81,
250,38.9156232,-95.31776858333333,2025/Sep/04,17:15:04,311,480,203,2300,216253.32,55302,-102,-12,-69,11,2300,203,-12,-102,-68,2300,386,-15,-104,-80,2300,202,-20,-110,-80,2300,110,-20,-112,-80,
250,38.915623233333335,-95.31776855,2025/Sep/04,17:15:05,311,480,203,2300,216253.32,55302,-102,-14,-66,11,2300,203,-14,-102,-69,2300,386,-15,-104,-80,2300,202,-20,-111,-81,2300,110,-20,-112,-81,
250,38.91562325,-95.31776856666667,2025/Sep/04,17:15:08,311,480,203,2300,216253.32,55302,-102,-13,-66,11,2300,203,-14,-102,-66,2300,386,-16,-104,-79,2300,202,-20,-113,-79,2300,110,-20,-112,-79,
250,38.915623233333335,-95.31776853333334,2025/Sep/04,17:15:09,311,480,203,2300,216253.32,55302,-101,-13,-66,12,2300,203,-13,-101,-63,2300,386,-15,-104,-81,2300,202,-20,-112,-80,2300,110,-20,-110,-81,2300,212,-20,-118,-80,
250,38.915623266666664,-95.31776855,2025/Sep/04,17:15:12,311,480,203,2300,216253.32,55302,-101,-11,-69,11,2300,203,-12,-101,-69,2300,386,-15,-104,-81,2300,202,-20,-112,-81,
250,38.91562331666667,-95.31776853333334,2025/Sep/04,17:15:13,311,480,203,2300,216253.32,55302,-102,-12,-70,12,2300,203,-12,-101,-69,2300,386,-14,-104,-81,2300,202,-20,-111,-81,
250,38.91562328333333,-95.31776853333334,2025/Sep/04,17:15:15,311,480,203,2300,216253.32,55302,-101,-15,-65,12,2300,203,-15,-101,-64,2300,386,-17,-105,-79,2300,202,-20,-110,-79,
250,38.915623266666664,-95.3177685,2025/Sep/04,17:15:16,311,480,203,2300,216253.32,55302,-101,-12,-69,11,2300,203,-13,-101,-67,2300,386,-16,-105,-79,
250,38.91562328333333,-95.31776851666666,2025/Sep/04,17:15:17,311,480,203,2300,216253.32,55302,-102,-15,-66,11,2300,203,-14,-102,-66,2300,386,-19,-106,-79,
250,38.915623233333335,-95.31776853333334,2025/Sep/04,17:15:18,311,480,203,2300,216253.32,55302,-102,-15,-65,11,2300,203,-15,-102,-65,2300,110,-20,-110,-78,2300,202,-20,-114,-79,2300,386,-20,-107,-79,
250,38.915623233333335,-95.31776853333334,2025/Sep/04,17:15:19,311,480,203,2300,216253.32,55302,-101,-14,-67,11,2300,203,-14,-101,-67,2300,110,-20,-109,-80,2300,202,-20,-112,-80,2300,386,-18,-106,-80,
250,38.915623233333335,-95.31776855,2025/Sep/04,17:15:20,311,480,203,2300,216253.32,55302,-101,-13,-66,11,2300,203,-13,-102,-67,2300,110,-20,-109,-79,2300,202,-20,-113,-79,2300,386,-16,-104,-79,
250,38.91562318333333,-95.31776853333334,2025/Sep/04,17:15:21,311,480,203,2300,216253.32,55302,-101,-13,-66,11,2300,203,-13,-101,-69,2300,386,-15,-103,-79,2300,202,-20,-112,-80,2300,212,-20,-115,-79,
250,38.91562318333333,-95.31776855,2025/Sep/04,17:15:24,311,480,203,2300,216253.32,55302,-102,-13,-66,11,2300,203,-14,-102,-65,2300,386,-16,-105,-82,2300,202,-20,-112,-82,2300,110,-20,-110,-82,
250,38.915623233333335,-95.31776855,2025/Sep/04,17:15:25,311,480,203,2300,216253.32,55302,-101,-14,-66,12,2300,203,-13,-101,-69,2300,386,-16,-106,-80,2300,202,-20,-112,-81,2300,110,-19,-109,-80,
250,38.91562325,-95.31776851666666,2025/Sep/04,17:15:26,311,480,203,2300,216253.32,55302,-101,-13,-69,11,2300,203,-13,-101,-66,2300,386,-17,-107,-81,2300,202,-20,-111,-82,2300,110,-20,-110,-81,2300,308,-20,-111,-81,
250,38.915623233333335,-95.3177685,2025/Sep/04,17:15:27,311,480,203,2300,216253.32,55302,-101,-12,-68,11,2300,203,-12,-101,-70,2300,386,-15,-106,-82,2300,202,-20,-110,-82,2300,110,-19,-110,-82,2300,308,-18,-109,-82,
250,38.9156233,-95.31776851666666,2025/Sep/04,17:15:28,311,480,203,2300,216253.32,55302,-101,-11,-66,11,2300,203,-13,-101,-72,2300,386,-16,-106,-79,2300,202,-20,-112,-79,2300,110,-20,-110,-79,2300,308,-20,-110,-79,
250,38.91562328333333,-95.31776851666666,2025/Sep/04,17:15:29,311,480,203,2300,216253.32,55302,-101,-13,-67,11,2300,203,-12,-101,-70,2300,386,-18,-107,-82,2300,202,-20,-112,-82,2300,110,-20,-112,-81,
250,38.91562331666667,-95.31776851666666,2025/Sep/04,17:15:30,311,480,203,2300,216253.32,55302,-102,-12,-67,11,2300,203,-13,-101,-65,2300,386,-18,-107,-80,2300,202,-20,-112,-80,2300,110,-20,-111,-80,2300,89,-20,-118,-81,
250,38.91562328333333,-95.31776851666666,2025/Sep/04,17:15:31,311,480,203,2300,216253.32,55302,-102,-13,-68,11,2300,203,-12,-102,-71,2300,386,-17,-107,-83,2300,202,-20,-112,-83,2300,110,-20,-113,-83,
250,38.9156233,-95.31776851666666,2025/Sep/04,17:15:32,311,480,203,2300,216253.32,55302,-102,-12,-69,11,2300,203,-12,-102,-70,2300,386,-15,-105,-81,2300,202,-20,-111,-82,2300,110,-20,-110,-81,
250,38.915623333333336,-95.31776853333334,2025/Sep/04,17:15:33,311,480,203,2300,216253.32,55302,-102,-15,-70,11,2300,203,-12,-102,-69,2300,386,-15,-106,-83,2300,202,-20,-112,-83,2300,110,-20,-111,-83,
250,38.915623266666664,-95.31776853333334,2025/Sep/04,17:15:37,311,480,203,2300,216253.32,55302,-102,-12,-67,11,2300,203,-13,-102,-66,2300,386,-17,-107,-81,2300,202,-20,-113,-80,2300,110,-20,-111,-80,
250,38.91562325,-95.31776853333334,2025/Sep/04,17:15:38,311,480,203,2300,216253.32,55302,-102,-12,-70,11,2300,203,-12,-102,-69,2300,386,-15,-105,-82,2300,202,-20,-111,-82,2300,110,-20,-116,-82,2300,281,-20,-110,-82,
250,38.915623233333335,-95.3177685,2025/Sep/04,17:15:39,311,480,203,2300,216253.32,55302,-102,-14,-65,12,2300,203,-14,-102,-70,2300,386,-17,-106,-80,2300,202,-20,-114,-80,2300,110,-20,-113,-80,
250,38.915623266666664,-95.31776848333334,2025/Sep/04,17:15:40,311,480,203,2300,216253.32,55302,-101,-12,-69,11,2300,203,-12,-101,-68,2300,386,-15,-104,-81,2300,202,-20,-111,-81,2300,110,-20,-112,-81,
250,38.91562325,-95.31776846666666,2025/Sep/04,17:15:41,311,480,203,2300,216253.32,55302,-102,-12,-69,11,2300,203,-12,-101,-69,2300,386,-16,-105,-82,2300,202,-20,-112,-82,
250,38.915623233333335,-95.31776848333334,2025/Sep/04,17:15:42,311,480,203,2300,216253.32,55302,-101,-13,-68,11,2300,203,-13,-101,-69,2300,386,-17,-107,-80,
250,38.915623233333335,-95.3177685,2025/Sep/04,17:15:43,311,480,203,2300,216253.32,55302,-101,-12,-69,12,2300,203,-12,-101,-69,2300,386,-19,-109,-80,2300,202,-20,-112,-80,
250,38.915623233333335,-95.3177685,2025/Sep/04,17:15:44,311,480,203,2300,216253.32,55302,-101,-13,-68,11,2300,203,-13,-101,-67,2300,386,-17,-107,-79,
250,38.915623233333335,-95.31776851666666,2025/Sep/04,17:15:45,311,480,203,2300,216253.32,55302,-101,-13,-69,11,2300,203,-13,-101,-68,2300,386,-19,-109,-82,2300,202,-20,-113,-82,
250,38.91562325,-95.31776853333334,2025/Sep/04,17:15:46,311,480,203,2300,216253.32,55302,-101,-14,-66,11,2300,203,-15,-101,-65,2300,386,-17,-106,-79,2300,202,-20,-114,-78,
250,38.91562335,-95.31776853333334,2025/Sep/04,17:15:48,311,480,203,2300,216253.32,55302,-101,-14,-69,11,2300,203,-13,-102,-70,2300,386,-15,-105,-82,2300,202,-20,-111,-82,
250,38.91562331666667,-95.31776856666667,2025/Sep/04,17:15:49,311,480,203,2300,216253.32,55302,-101,-12,-70,12,2300,203,-13,-101,-66,2300,386,-16,-106,-79,2300,202,-20,-113,-79,2300,212,-20,-117,-79,
250,38.9156233,-95.31776856666667,2025/Sep/04,17:15:50,311,480,203,2300,216253.32,55302,-101,-14,-70,11,2300,203,-14,-101,-68,2300,386,-16,-106,-82,2300,202,-20,-113,-82,2300,212,-20,-118,-82,
250,38.91562331666667,-95.31776861666667,2025/Sep/04,17:15:51,311,480,203,2300,216253.32,55302,-101,-13,-67,11,2300,203,-12,-101,-69,2300,386,-14,-105,-83,2300,202,-18,-108,-82,2300,212,-20,-116,-82,2300,110,-16,-108,-83,
250,38.91562331666667,-95.31776861666667,2025/Sep/04,17:15:52,311,480,203,2300,216253.32,55302,-101,-13,-68,11,2300,203,-14,-101,-66,2300,386,-14,-103,-78,2300,212,-20,-117,-78,
250,38.9156233,-95.31776861666667,2025/Sep/04,17:15:53,311,480,203,2300,216253.32,55302,-101,-12,-68,12,2300,203,-12,-101,-68,2300,386,-16,-106,-82,2300,212,-20,-114,-82,2300,202,-19,-109,-82,
250,38.915623266666664,-95.31776863333333,2025/Sep/04,17:15:54,311,480,203,2300,216253.32,55302,-101,-11,-70,11,2300,203,-11,-101,-69,2300,202,-19,-110,-82,
250,38.91562325,-95.31776858333333,2025/Sep/04,17:15:56,311,480,203,2300,216253.32,55302,-101,-13,-66,11,2300,203,-13,-101,-70,2300,202,-20,-112,-81,2300,386,-17,-107,-82,
250,38.9156233,-95.3177686,2025/Sep/04,17:15:57,311,480,203,2300,216253.32,55302,-101,-14,-65,11,2300,203,-14,-101,-65,2300,202,-20,-111,-79,2300,386,-16,-105,-79,2300,110,-20,-114,-79,
250,38.9156233,-95.3177686,2025/Sep/04,17:15:58,311,480,203,2300,216253.32,55302,-101,-13,-67,12,2300,203,-13,-101,-66,2300,202,-20,-112,-81,2300,386,-16,-106,-81,
250,38.91562331666667,-95.31776863333333,2025/Sep/04,17:16:00,311,480,203,2300,216253.32,55302,-101,-12,-69,12,2300,203,-12,-101,-66,2300,202,-20,-112,-81,2300,386,-17,-106,-81,
250,38.91562328333333,-95.31776868333333,2025/Sep/04,17:16:01,311,480,203,2300,216253.32,55302,-101,-13,-65,11,2300,203,-14,-101,-65,2300,202,-20,-111,-79,2300,386,-17,-105,-79,2300,308,-20,-111,-79,2300,256,-20,-117,-78,
250,38.915623333333336,-95.31776868333333,2025/Sep/04,17:16:02,311,480,203,2300,216253.32,55302,-101,-13,-68,11,2300,203,-15,-101,-64,2300,202,-20,-112,-79,2300,386,-17,-105,-79,
250,38.91562328333333,-95.31776875,2025/Sep/04,17:16:04,311,480,203,2300,216253.32,55302,-101,-14,-67,12,2300,203,-14,-101,-66,2300,202,-20,-112,-80,2300,386,-17,-107,-80,2300,281,-20,-112,-80,
250,38.9156233,-95.31776876666666,2025/Sep/04,17:16:05,311,480,203,2300,216253.32,55302,-101,-14,-66,11,2300,203,-14,-101,-63,2300,202,-20,-113,-80,2300,386,-19,-109,-80,2300,110,-20,-111,-80,
250,38.91562331666667,-95.31776875,2025/Sep/04,17:16:07,311,480,203,2300,216253.32,55302,-101,-14,-64,12,2300,203,-14,-101,-66,2300,202,-20,-112,-80,2300,110,-20,-111,-80,2300,386,-19,-108,-80,
250,38.91562331666667,-95.31776875,2025/Sep/04,17:16:08,311,480,203,2300,216253.32,55302,-101,-14,-68,11,2300,203,-14,-101,-66,2300,202,-20,-112,-81,2300,386,-18,-107,-80,
250,38.915623333333336,-95.31776875,2025/Sep/04,17:16:09,311,480,203,2300,216253.32,55302,-101,-14,-66,11,2300,203,-14,-101,-66,2300,202,-20,-112,-80,2300,386,-18,-107,-80,
250,38.91562335,-95.31776875,2025/Sep/04,17:16:10,311,480,203,2300,216253.32,55302,-101,-14,-66,12,2300,203,-14,-101,-67,2300,202,-20,-113,-80,2300,386,-17,-106,-80,2300,406,-20,-117,-80,
250,38.915623266666664,-95.31776875,2025/Sep/04,17:16:11,311,480,203,2300,216253.32,55302,-101,-14,-66,12,2300,203,-14,-101,-67,2300,202,-20,-113,-80,2300,386,-17,-106,-80,2300,406,-20,-118,-80,
250,38.915623266666664,-95.31776876666666,2025/Sep/04,17:16:13,311,480,203,2300,216253.32,55302,-101,-15,-64,13,2300,203,-14,-101,-66,2300,202,-20,-112,-79,2300,386,-18,-107,-79,
250,38.915623266666664,-95.31776876666666,2025/Sep/04,17:16:14,311,480,203,2300,216253.32,55302,-100,-13,-67,12,2300,203,-14,-101,-66,2300,202,-20,-111,-79,2300,110,-20,-109,-79,
250,38.91562328333333,-95.31776878333334,2025/Sep/04,17:16:15,311,480,203,2300,216253.32,55302,-101,-11,-69,12,2300,203,-11,-101,-69,2300,202,-20,-112,-82,2300,452,-20,-118,-82,
250,38.91562328333333,-95.31776876666666,2025/Sep/04,17:16:16,311,480,203,2300,216253.32,55302,-101,-11,-69,12,2300,203,-11,-101,-68,2300,202,-20,-112,-81,2300,110,-20,-111,-81,2300,386,-17,-108,-81,
250,38.91562328333333,-95.31776878333334,2025/Sep/04,17:16:17,311,480,203,2300,216253.32,55302,-101,-13,-64,12,2300,203,-14,-101,-64,2300,202,-20,-112,-78,2300,386,-17,-107,-78,2300,481,-20,-115,-76,
250,38.91562331666667,-95.31776878333334,2025/Sep/04,17:16:19,311,480,203,2300,216253.32,55302,-101,-14,-67,12,2300,203,-14,-101,-66,2300,202,-20,-111,-79,2300,386,-16,-106,-80,
250,38.9156233,-95.3177688,2025/Sep/04,17:16:20,311,480,203,2300,216253.32,55302,-102,-13,-68,11,2300,203,-13,-101,-68,2300,202,-20,-112,-82,2300,386,-16,-106,-82,
250,38.91562328333333,-95.31776881666667,2025/Sep/04,17:16:21,311,480,203,2300,216253.32,55302,-101,-13,-69,12,2300,203,-15,-101,-65,2300,202,-20,-113,-79,2300,386,-18,-106,-79,2300,110,-20,-113,-79,2300,367,-20,-115,-78,2300,59,-20,-115,-78,
250,38.91562328333333,-95.31776876666666,2025/Sep/04,17:16:22,311,480,203,2300,216253.32,55302,-101,-12,-69,11,2300,203,-12,-101,-69,2300,202,-20,-111,-82,2300,386,-16,-106,-81,2300,110,-20,-111,-81,
250,38.915623266666664,-95.31776878333334,2025/Sep/04,17:16:23,311,480,203,2300,216253.32,55302,-101,-12,-67,12,2300,203,-12,-101,-66,2300,202,-20,-113,-80,2300,386,-15,-105,-80,
250,38.91562331666667,-95.31776881666667,2025/Sep/04,17:16:25,311,480,203,2300,216253.32,55302,-101,-14,-64,12,2300,203,-14,-101,-66,2300,202,-20,-111,-80,2300,386,-17,-106,-80,
250,38.9156233,-95.31776883333333,2025/Sep/04,17:16:26,311,480,203,2300,216253.32,55302,-101,-13,-69,12,2300,203,-13,-101,-67,2300,202,-20,-112,-82,2300,386,-16,-106,-82,2300,110,-20,-111,-82,
250,38.915623366666665,-95.3177688,2025/Sep/04,17:16:27,311,480,203,2300,216253.32,55302,-101,-13,-70,12,2300,203,-13,-102,-69,2300,202,-20,-112,-82,2300,386,-16,-105,-82,2300,110,-20,-110,-82,
250,38.915623366666665,-95.31776878333334,2025/Sep/04,17:16:28,311,480,203,2300,216253.32,55302,-102,-13,-70,11,2300,203,-12,-102,-68,2300,202,-20,-112,-82,2300,386,-16,-106,-81,2300,110,-20,-111,-82,2300,212,-20,-118,-82,
250,38.915623366666665,-95.31776878333334,2025/Sep/04,17:16:29,311,480,203,2300,216253.32,55302,-101,-14,-66,11,2300,203,-14,-102,-65,2300,202,-20,-112,-80,2300,386,-18,-106,-80,2300,110,-20,-110,-80,
250,38.915623366666665,-95.31776876666666,2025/Sep/04,17:16:30,311,480,203,2300,216253.32,55302,-101,-12,-70,11,2300,203,-13,-101,-69,2300,202,-20,-112,-81,2300,386,-17,-106,-81,2300,110,-20,-112,-81,
250,38.9156235,-95.31776878333334,2025/Sep/04,17:16:33,311,480,203,2300,216253.32,55302,-101,-13,-67,11,2300,203,-12,-102,-69,2300,202,-20,-111,-82,2300,386,-16,-106,-82,2300,110,-18,-108,-82,
250,38.915623483333334,-95.3177688,2025/Sep/04,17:16:35,311,480,203,2300,216253.32,55302,-101,-13,-65,11,2300,203,-13,-101,-70,2300,202,-20,-112,-80,2300,386,-17,-106,-81,
250,38.9156235,-95.31776881666667,2025/Sep/04,17:16:36,311,480,203,2300,216253.32,55302,-101,-15,-65,11,2300,203,-14,-101,-69,2300,202,-20,-112,-82,2300,386,-16,-105,-82,
250,38.9156235,-95.31776883333333,2025/Sep/04,17:16:37,311,480,203,2300,216253.32,55302,-101,-13,-65,11,2300,203,-13,-101,-68,2300,202,-20,-112,-80,2300,386,-15,-105,-80,
250,38.91562351666666,-95.31776885,2025/Sep/04,17:16:38,311,480,203,2300,216253.32,55302,-101,-14,-69,11,2300,203,-14,-101,-69,2300,202,-20,-112,-81,2300,386,-15,-104,-81,
250,38.91562353333333,-95.31776886666667,2025/Sep/04,17:16:39,311,480,203,2300,216253.32,55302,-101,-12,-68,11,2300,203,-13,-101,-68,2300,202,-20,-111,-80,2300,386,-15,-105,-80,
250,38.915623466666666,-95.31776888333333,2025/Sep/04,17:16:40,311,480,203,2300,216253.32,55302,-101,-12,-68,11,2300,203,-13,-101,-69,2300,202,-20,-112,-81,2300,386,-15,-104,-80,
250,38.91562351666666,-95.31776891666667,2025/Sep/04,17:16:41,311,480,203,2300,216253.32,55302,-101,-13,-67,11,2300,203,-13,-101,-68,2300,202,-20,-112,-80,2300,386,-14,-104,-80,2300,67,-20,-119,-82,
250,38.91562353333333,-95.31776891666667,2025/Sep/04,17:16:42,311,480,203,2300,216253.32,55302,-101,-13,-68,11,2300,203,-13,-101,-68,2300,202,-20,-112,-80,2300,386,-15,-105,-81,
250,38.91562356666667,-95.31776888333333,2025/Sep/04,17:16:44,311,480,203,2300,216253.32,55302,-101,-12,-64,11,2300,203,-12,-101,-68,2300,202,-20,-111,-82,2300,386,-13,-102,-82,2300,110,-20,-110,-82,
250,38.915623583333335,-95.31776891666667,2025/Sep/04,17:16:47,311,480,203,2300,216253.32,55302,-101,-14,-63,11,2300,203,-14,-101,-64,2300,202,-20,-110,-80,2300,386,-14,-104,-79,2300,110,-20,-110,-78,
250,38.91562366666667,-95.31776896666666,2025/Sep/04,17:16:48,311,480,203,2300,216253.32,55302,-101,-12,-69,11,2300,203,-12,-101,-69,2300,202,-20,-111,-80,2300,386,-13,-104,-80,2300,110,-18,-109,-80,
250,38.91562366666667,-95.31776896666666,2025/Sep/04,17:16:49,311,480,203,2300,216253.32,55302,-101,-12,-70,11,2300,203,-12,-101,-69,2300,202,-20,-112,-81,2300,386,-12,-103,-81,2300,212,-20,-116,-81,2300,110,-20,-113,-81,
250,38.91562366666667,-95.31776895,2025/Sep/04,17:16:50,311,480,203,2300,216253.32,55302,-101,-14,-67,11,2300,203,-14,-101,-69,2300,202,-20,-113,-79,2300,386,-15,-104,-79,
250,38.91562368333334,-95.31776896666666,2025/Sep/04,17:16:51,311,480,203,2300,216253.32,55302,-101,-12,-70,11,2300,203,-12,-101,-64,2300,202,-20,-111,-81,2300,386,-15,-105,-81,
250,38.9156237,-95.31776895,2025/Sep/04,17:16:52,311,480,203,2300,216253.32,55302,-101,-12,-68,11,2300,203,-12,-102,-70,2300,202,-20,-112,-82,2300,386,-14,-104,-83,
250,38.915623716666666,-95.31776896666666,2025/Sep/04,17:16:53,311,480,203,2300,216253.32,55302,-101,-12,-68,11,2300,203,-12,-101,-69,2300,202,-20,-112,-81,2300,386,-16,-105,-81,2300,212,-20,-118,-81,
250,38.915623716666666,-95.31776898333334,2025/Sep/04,17:16:54,311,480,203,2300,216253.32,55302,-101,-12,-69,11,2300,203,-11,-101,-69,2300,202,-20,-112,-82,2300,386,-13,-103,-82,2300,212,-20,-114,-82,
250,38.91562368333334,-95.317769,2025/Sep/04,17:16:56,311,480,203,2300,216253.32,55302,-101,-15,-66,10,2300,203,-12,-101,-67,2300,202,-20,-111,-82,2300,386,-15,-104,-82,
250,38.91562368333334,-95.31776898333334,2025/Sep/04,17:16:58,311,480,203,2300,216253.32,55302,-101,-13,-71,12,2300,203,-12,-101,-68,2300,202,-20,-112,-81,2300,386,-13,-103,-81,
250,38.91562365,-95.317769,2025/Sep/04,17:17:01,311,480,203,2300,216253.32,55302,-101,-12,-68,11,2300,203,-12,-101,-69,2300,202,-19,-111,-83,2300,386,-14,-104,-82,2300,232,-20,-114,-82,2300,212,-20,-114,-82,
250,38.91562365,-95.31776901666667,2025/Sep/04,17:17:02,311,480,203,2300,216253.32,55302,-101,-11,-69,11,2300,203,-12,-101,-69,2300,202,-20,-112,-79,2300,386,-14,-104,-79,2300,110,-20,-110,-79,2300,212,-20,-116,-80,
250,38.91562365,-95.31776901666667,2025/Sep/04,17:17:03,311,480,203,2300,216253.32,55302,-101,-15,-64,11,2300,203,-15,-101,-64,2300,202,-20,-114,-78,2300,386,-17,-105,-78,2300,212,-20,-116,-78,
250,38.91562365,-95.31776901666667,2025/Sep/04,17:17:04,311,480,203,2300,216253.32,55302,-101,-11,-68,12,2300,203,-12,-101,-71,2300,202,-20,-111,-81,2300,386,-14,-104,-81,
250,38.91562365,-95.31776901666667,2025/Sep/04,17:17:05,311,480,203,2300,216253.32,55302,-101,-11,-70,12,2300,203,-12,-101,-70,2300,202,-20,-111,-82,2300,386,-14,-104,-82,2300,212,-20,-119,-82,
250,38.91562366666667,-95.31776898333334,2025/Sep/04,17:17:06,311,480,203,2300,216253.32,55302,-101,-14,-66,11,2300,203,-14,-101,-66,2300,202,-20,-111,-79,2300,386,-16,-105,-79,2300,110,-20,-111,-79,
250,38.91562363333333,-95.31776901666667,2025/Sep/04,17:17:07,311,480,203,2300,216253.32,55302,-101,-14,-65,12,2300,203,-14,-101,-65,2300,202,-20,-113,-82,2300,386,-16,-105,-82,
250,38.91562365,-95.31776896666666,2025/Sep/04,17:17:10,311,480,203,2300,216253.32,55302,-101,-13,-69,12,2300,203,-12,-101,-68,2300,202,-20,-113,-82,2300,386,-15,-105,-81,2300,110,-20,-110,-81,
250,38.91562366666667,-95.31776895,2025/Sep/04,17:17:11,311,480,203,2300,216253.32,55302,-101,-12,-66,11,2300,203,-12,-101,-68,2300,386,-14,-104,-80,2300,202,-20,-112,-80,
250,38.915623616666664,-95.31776895,2025/Sep/04,17:17:12,311,480,203,2300,216253.32,55302,-101,-13,-64,11,2300,203,-14,-101,-64,2300,386,-15,-103,-80,2300,202,-20,-111,-79,
250,38.91562365,-95.31776895,2025/Sep/04,17:17:13,311,480,203,2300,216253.32,55302,-101,-14,-68,12,2300,203,-13,-101,-68,2300,386,-14,-103,-81,2300,202,-20,-112,-81,
250,38.91562356666667,-95.31776891666667,2025/Sep/04,17:17:14,311,480,203,2300,216253.32,55302,-101,-13,-65,11,2300,203,-14,-101,-68,2300,386,-14,-103,-81,2300,202,-20,-113,-81,2300,212,-20,-117,-81,
250,38.915623616666664,-95.31776891666667,2025/Sep/04,17:17:15,311,480,203,2300,216253.32,55302,-101,-14,-69,11,2300,203,-13,-101,-67,2300,386,-14,-102,-80,2300,212,-20,-116,-80,2300,202,-20,-112,-80,
250,38.915623616666664,-95.31776891666667,2025/Sep/04,17:17:16,311,480,203,2300,216253.32,55302,-101,-13,-65,11,2300,203,-14,-100,-63,2300,386,-14,-102,-77,2300,202,-20,-111,-77,2300,212,-20,-114,-78,
250,38.915623616666664,-95.31776895,2025/Sep/04,17:17:17,311,480,203,2300,216253.32,55302,-101,-14,-69,11,2300,203,-14,-101,-66,2300,386,-13,-102,-81,2300,202,-20,-111,-81,
250,38.9156236,-95.31776896666666,2025/Sep/04,17:17:18,311,480,203,2300,216253.32,55302,-101,-13,-66,11,2300,203,-14,-101,-66,2300,386,-14,-103,-78,2300,202,-20,-112,-78,
250,38.9156236,-95.31776898333334,2025/Sep/04,17:17:19,311,480,203,2300,216253.32,55302,-101,-14,-68,11,2300,203,-13,-101,-67,2300,386,-13,-103,-80,2300,202,-20,-111,-80,
250,38.915623583333335,-95.31776903333333,2025/Sep/04,17:17:20,311,480,203,2300,216253.32,55302,-101,-13,-67,12,2300,203,-13,-101,-69,2300,386,-15,-103,-78,2300,202,-20,-110,-79,
250,38.915623583333335,-95.31776905,2025/Sep/04,17:17:22,311,480,203,2300,216253.32,55302,-101,-12,-69,12,2300,203,-12,-101,-69,2300,386,-14,-103,-82,2300,202,-20,-111,-82,2300,110,-20,-115,-82,
250,38.915623583333335,-95.31776903333333,2025/Sep/04,17:17:23,311,480,203,2300,216253.32,55302,-101,-11,-69,12,2300,203,-11,-101,-70,2300,386,-13,-103,-82,2300,202,-20,-111,-82,2300,110,-20,-115,-82,
250,38.915623583333335,-95.317769,2025/Sep/04,17:17:24,311,480,203,2300,216253.32,55302,-100,-12,-69,11,2300,203,-13,-101,-63,2300,386,-13,-103,-80,2300,202,-20,-110,-80,2300,110,-20,-115,-80,
250,38.9156236,-95.31776903333333,2025/Sep/04,17:17:25,311,480,203,2300,216253.32,55302,-101,-13,-68,11,2300,203,-13,-101,-68,2300,386,-14,-104,-81,2300,202,-20,-111,-82,2300,110,-20,-112,-81,
250,38.915623583333335,-95.31776905,2025/Sep/04,17:17:26,311,480,203,2300,216253.32,55302,-101,-13,-69,12,2300,203,-12,-101,-67,2300,386,-14,-103,-81,2300,202,-20,-112,-81,2300,110,-20,-109,-81,2300,19,-20,-113,-81,
250,38.915623583333335,-95.31776908333333,2025/Sep/04,17:17:30,311,480,203,2300,216253.32,55302,-101,-13,-69,11,2300,203,-13,-101,-69,2300,386,-15,-104,-82,2300,202,-20,-112,-82,2300,110,-20,-111,-82,
250,38.91562355,-95.31776908333333,2025/Sep/04,17:17:31,311,480,203,2300,216253.32,55302,-101,-12,-69,12,2300,203,-12,-101,-69,2300,386,-14,-104,-82,2300,202,-20,-111,-82,2300,110,-20,-110,-82,
250,38.91562353333333,-95.3177691,2025/Sep/04,17:17:32,311,480,203,2300,216253.32,55302,-101,-13,-64,12,2300,203,-13,-101,-66,2300,386,-16,-104,-78,2300,202,-20,-113,-78,2300,110,-20,-110,-79,
250,38.91562356666667,-95.31776906666667,2025/Sep/04,17:17:34,311,480,203,2300,216253.32,55302,-101,-12,-67,11,2300,203,-12,-101,-66,2300,386,-14,-104,-81,2300,202,-20,-111,-81,2300,110,-20,-111,-81,
250,38.9156236,-95.31776905,2025/Sep/04,17:17:35,311,480,203,2300,216253.32,55302,-101,-13,-69,11,2300,203,-12,-101,-68,2300,386,-16,-105,-82,2300,202,-20,-111,-82,2300,287,-20,-116,-82,
250,38.915623583333335,-95.31776906666667,2025/Sep/04,17:17:36,311,480,203,2300,216253.32,55302,-101,-14,-65,12,2300,203,-14,-101,-65,2300,386,-17,-106,-81,2300,202,-20,-111,-82,2300,212,-20,-114,-81,2300,110,-20,-111,-82,
250,38.915623616666664,-95.31776906666667,2025/Sep/04,17:17:37,311,480,203,2300,216253.32,55302,-101,-13,-66,11,2300,203,-13,-101,-69,2300,386,-16,-106,-82,2300,202,-20,-110,-82,2300,110,-20,-112,-82,2300,212,-20,-119,-82,
250,38.9156236,-95.3177691,2025/Sep/04,17:17:38,311,480,203,2300,216253.32,55302,-101,-13,-67,11,2300,203,-13,-101,-68,2300,386,-15,-104,-82,2300,202,-20,-112,-82,2300,110,-20,-110,-82,
250,38.9156236,-95.31776911666667,2025/Sep/04,17:17:39,311,480,203,2300,216253.32,55302,-102,-13,-68,11,2300,203,-13,-102,-69,2300,386,-16,-106,-83,2300,110,-20,-110,-82,2300,202,-20,-113,-82,
250,38.9156236,-95.31776913333333,2025/Sep/04,17:17:40,311,480,203,2300,216253.32,55302,-102,-14,-67,12,2300,203,-14,-102,-66,2300,386,-17,-106,-80,2300,110,-20,-110,-80,2300,202,-20,-113,-80,
250,38.91562356666667,-95.31776915,2025/Sep/04,17:17:42,311,480,203,2300,216253.32,55302,-101,-13,-66,12,2300,203,-13,-101,-69,2300,386,-16,-106,-83,2300,110,-20,-110,-83,2300,202,-20,-112,-82,
250,38.91562356666667,-95.31776915,2025/Sep/04,17:17:43,311,480,203,2300,216253.32,55302,-101,-15,-65,11,2300,203,-15,-101,-66,2300,386,-18,-107,-79,2300,110,-20,-111,-79,2300,202,-20,-113,-79,
250,38.91562356666667,-95.31776915,2025/Sep/04,17:17:45,311,480,203,2300,216253.32,55302,-101,-15,-67,11,2300,203,-14,-101,-68,2300,386,-16,-105,-80,2300,110,-20,-113,-80,2300,202,-20,-113,-80,
250,38.91562353333333,-95.31776916666666,2025/Sep/04,17:17:46,311,480,203,2300,216253.32,55302,-101,-14,-67,12,2300,203,-14,-101,-67,2300,386,-17,-106,-81,2300,110,-20,-112,-81,2300,202,-20,-112,-80,
250,38.91562351666666,-95.31776918333334,2025/Sep/04,17:17:47,311,480,203,2300,216253.32,55302,-101,-14,-67,12,2300,203,-14,-101,-66,2300,386,-16,-106,-81,2300,110,-20,-111,-81,2300,202,-20,-111,-81,
250,38.91562353333333,-95.31776918333334,2025/Sep/04,17:17:48,311,480,203,2300,216253.32,55302,-101,-14,-66,12,2300,203,-14,-101,-66,2300,386,-16,-106,-80,2300,110,-20,-111,-80,2300,202,-20,-112,-80,
250,38.91562353333333,-95.31776918333334,2025/Sep/04,17:17:49,311,480,203,2300,216253.32,55302,-101,-14,-66,11,2300,203,-14,-101,-66,2300,386,-15,-105,-79,2300,110,-20,-113,-79,2300,202,-20,-112,-79,
250,38.91562355,-95.3177692,2025/Sep/04,17:17:50,311,480,203,2300,216253.32,55302,-101,-15,-65,11,2300,203,-15,-101,-65,2300,386,-16,-105,-80,2300,110,-20,-112,-80,2300,202,-20,-113,-80,
250,38.915623583333335,-95.31776921666666,2025/Sep/04,17:17:51,311,480,203,2300,216253.32,55302,-101,-14,-67,12,2300,203,-14,-101,-66,2300,386,-16,-105,-81,2300,110,-20,-114,-80,2300,202,-20,-112,-81,2300,438,-20,-115,-80,
250,38.9156236,-95.31776921666666,2025/Sep/04,17:17:52,311,480,203,2300,216253.32,55302,-101,-14,-67,11,2300,203,-14,-101,-67,2300,386,-16,-104,-80,2300,110,-20,-116,-80,2300,202,-20,-113,-80,
250,38.915623583333335,-95.31776923333334,2025/Sep/04,17:17:53,311,480,203,2300,216253.32,55302,-101,-13,-67,12,2300,203,-13,-101,-67,2300,386,-16,-105,-80,2300,110,-20,-114,-80,2300,202,-20,-113,-80,
250,38.9156236,-95.31776925,2025/Sep/04,17:17:54,311,480,203,2300,216253.32,55302,-101,-12,-70,11,2300,203,-15,-101,-68,2300,386,-15,-104,-81,2300,202,-20,-113,-81,
250,38.9156236,-95.31776925,2025/Sep/04,17:17:55,311,480,203,2300,216253.32,55302,-101,-14,-64,11,2300,203,-15,-101,-64,2300,386,-16,-104,-81,2300,202,-20,-113,-81,2300,110,-20,-113,-80,
250,38.9156237,-95.31776928333333,2025/Sep/04,17:17:59,311,480,203,2300,216253.32,55302,-101,-11,-70,12,2300,203,-11,-101,-69,2300,386,-16,-106,-81,2300,202,-20,-111,-81,
250,38.91562368333334,-95.3177693,2025/Sep/04,17:18:00,311,480,203,2300,216253.32,55302,-101,-12,-63,11,2300,203,-12,-101,-70,2300,386,-14,-104,-82,2300,202,-20,-111,-82,
250,38.9156237,-95.31776926666667,2025/Sep/04,17:18:02,311,480,203,2300,216253.32,55302,-101,-12,-68,12,2300,203,-12,-101,-70,2300,386,-14,-104,-81,2300,202,-20,-113,-81,
250,38.9156237,-95.31776926666667,2025/Sep/04,17:18:03,311,480,203,2300,216253.32,55302,-101,-12,-68,12,2300,203,-12,-101,-68,2300,386,-16,-105,-81,2300,202,-20,-112,-81,
250,38.915623716666666,-95.31776923333334,2025/Sep/04,17:18:05,311,480,203,2300,216253.32,55302,-101,-14,-65,12,2300,203,-14,-101,-68,2300,386,-20,-108,-80,2300,202,-20,-112,-80,
250,38.91562375,-95.31776925,2025/Sep/04,17:18:06,311,480,203,2300,216253.32,55302,-101,-12,-70,12,2300,203,-12,-101,-65,2300,386,-17,-108,-82,2300,202,-20,-111,-82,
250,38.91562375,-95.31776925,2025/Sep/04,17:18:07,311,480,203,2300,216253.32,55302,-101,-13,-69,12,2300,203,-13,-101,-69,2300,386,-17,-107,-80,2300,202,-20,-112,-80,
250,38.915623733333334,-95.31776926666667,2025/Sep/04,17:18:08,311,480,203,2300,216253.32,55302,-101,-13,-67,12,2300,203,-13,-101,-66,2300,386,-17,-106,-81,2300,202,-20,-112,-81,
250,38.91562366666667,-95.31776926666667,2025/Sep/04,17:18:10,311,480,203,2300,216253.32,55302,-101,-13,-68,11,2300,203,-12,-101,-69,2300,386,-16,-105,-80,2300,202,-20,-112,-80,
250,38.91562366666667,-95.31776928333333,2025/Sep/04,17:18:11,311,480,203,2300,216253.32,55302,-101,-13,-68,11,2300,203,-13,-101,-66,2300,386,-16,-105,-82,
250,38.91562365,-95.31776928333333,2025/Sep/04,17:18:12,311,480,203,2300,216253.32,55302,-101,-13,-70,11,2300,203,-13,-101,-69,2300,386,-15,-105,-81,2300,202,-20,-107,-80,
250,38.91562365,-95.31776933333333,2025/Sep/04,17:18:14,311,480,203,2300,216253.32,55302,-101,-14,-70,11,2300,203,-15,-101,-65,2300,386,-16,-105,-78,2300,202,-20,-112,-78,
250,38.915623616666664,-95.31776933333333,2025/Sep/04,17:18:15,311,480,203,2300,216253.32,55302,-101,-15,-63,11,2300,203,-14,-101,-68,2300,386,-16,-105,-80,2300,202,-20,-112,-80,
250,38.9156236,-95.31776935,2025/Sep/04,17:18:16,311,480,203,2300,216253.32,55302,-101,-12,-69,11,2300,203,-12,-101,-70,2300,386,-16,-105,-80,2300,202,-20,-112,-80,
250,38.915623616666664,-95.31776935,2025/Sep/04,17:18:17,311,480,203,2300,216253.32,55302,-101,-13,-68,11,2300,203,-13,-101,-68,2300,386,-15,-104,-82,2300,202,-20,-112,-81,2300,110,-20,-115,-81,
250,38.91562363333333,-95.31776936666667,2025/Sep/04,17:18:18,311,480,203,2300,216253.32,55302,-101,-12,-69,11,2300,203,-12,-101,-68,2300,386,-16,-105,-80,2300,202,-20,-111,-80,2300,110,-20,-114,-81,
250,38.915623616666664,-95.31776936666667,2025/Sep/04,17:18:19,311,480,203,2300,216253.32,55302,-101,-13,-69,11,2300,203,-14,-102,-66,2300,386,-16,-104,-80,2300,202,-20,-113,-80,2300,110,-20,-114,-81,
250,38.91562366666667,-95.31776938333333,2025/Sep/04,17:18:21,311,480,203,2300,216253.32,55302,-102,-14,-66,11,2300,203,-13,-102,-69,2300,386,-16,-105,-82,2300,202,-20,-111,-81,2300,110,-20,-112,-81,
250,38.91562365,-95.31776938333333,2025/Sep/04,17:18:22,311,480,203,2300,216253.32,55302,-102,-13,-69,11,2300,203,-13,-102,-68,2300,386,-15,-105,-80,2300,202,-20,-111,-80,2300,110,-20,-111,-80,2300,289,-20,-119,-81,
250,38.91562368333334,-95.31776941666666,2025/Sep/04,17:18:23,311,480,203,2300,216253.32,55302,-102,-13,-69,11,2300,203,-13,-102,-68,2300,386,-15,-104,-81,2300,202,-20,-111,-82,2300,110,-20,-111,-81,2300,281,-20,-110,-82,
250,38.91562366666667,-95.31776938333333,2025/Sep/04,17:18:24,311,480,203,2300,216253.32,55302,-101,-13,-69,11,2300,203,-14,-101,-65,2300,386,-16,-105,-79,2300,202,-20,-112,-79,2300,110,-20,-109,-79,
250,38.915623716666666,-95.31776938333333,2025/Sep/04,17:18:27,311,480,203,2300,216253.32,55302,-101,-15,-66,12,2300,203,-15,-101,-66,2300,386,-16,-104,-79,2300,202,-20,-114,-79,2300,110,-20,-111,-79,
250,38.91562378333333,-95.31776935,2025/Sep/04,17:18:28,311,480,203,2300,216253.32,55302,-101,-13,-69,11,2300,203,-14,-101,-66,2300,386,-16,-105,-80,2300,202,-20,-112,-80,2300,110,-20,-112,-79,
250,38.9156238,-95.31776936666667,2025/Sep/04,17:18:29,311,480,203,2300,216253.32,55302,-101,-15,-67,11,2300,203,-14,-101,-68,2300,386,-14,-103,-80,2300,202,-20,-112,-80,2300,110,-20,-111,-80,2300,212,-20,-116,-80,
250,38.9156238,-95.31776938333333,2025/Sep/04,17:18:30,311,480,203,2300,216253.32,55302,-101,-13,-67,11,2300,203,-13,-101,-68,2300,386,-15,-104,-81,2300,202,-20,-113,-81,
250,38.91562381666667,-95.31776936666667,2025/Sep/04,17:18:33,311,480,203,2300,216253.32,55302,-101,-14,-68,11,2300,203,-13,-101,-68,2300,386,-15,-105,-81,2300,202,-20,-112,-81,
250,38.9156238,-95.31776938333333,2025/Sep/04,17:18:35,311,480,203,2300,216253.32,55302,-101,-13,-69,11,2300,203,-14,-101,-65,2300,386,-16,-105,-79,2300,202,-20,-113,-79,
250,38.91562381666667,-95.31776936666667,2025/Sep/04,17:18:36,311,480,203,2300,216253.32,55302,-102,-15,-65,11,2300,203,-15,-101,-66,2300,386,-17,-105,-81,2300,202,-20,-113,-81,
250,38.91562385,-95.31776935,2025/Sep/04,17:18:37,311,480,203,2300,216253.32,55302,-101,-13,-67,12,2300,203,-13,-101,-68,2300,386,-17,-106,-79,2300,202,-20,-112,-80,
250,38.91562381666667,-95.31776938333333,2025/Sep/04,17:18:38,311,480,203,2300,216253.32,55302,-101,-15,-66,12,2300,203,-15,-101,-67,2300,386,-19,-108,-79,2300,202,-20,-113,-79,
250,38.915623866666664,-95.31776938333333,2025/Sep/04,17:18:39,311,480,203,2300,216253.32,55302,-101,-13,-65,12,2300,203,-13,-101,-67,2300,386,-17,-106,-79,2300,202,-20,-112,-79,
250,38.915623866666664,-95.31776936666667,2025/Sep/04,17:18:40,311,480,203,2300,216253.32,55302,-101,-12,-68,11,2300,203,-13,-101,-68,2300,386,-18,-107,-80,2300,202,-19,-107,-80,2300,110,-19,-108,-80,
250,38.915623866666664,-95.31776938333333,2025/Sep/04,17:18:41,311,480,203,2300,216253.32,55302,-101,-13,-67,12,2300,203,-13,-101,-67,2300,386,-18,-107,-82,2300,202,-20,-112,-81,
250,38.91562388333333,-95.31776938333333,2025/Sep/04,17:18:43,311,480,203,2300,216253.32,55302,-101,-12,-69,12,2300,203,-12,-101,-68,2300,386,-17,-107,-82,2300,202,-20,-111,-82,
250,38.91562395,-95.31776935,2025/Sep/04,17:18:45,311,480,203,2300,216253.32,55302,-101,-12,-68,12,2300,203,-12,-101,-69,2300,386,-17,-107,-80,
250,38.91562395,-95.31776931666667,2025/Sep/04,17:18:46,311,480,203,2300,216253.32,55302,-101,-15,-65,11,2300,203,-15,-101,-65,2300,386,-18,-107,-79,2300,202,-20,-112,-79,
250,38.91562391666667,-95.31776933333333,2025/Sep/04,17:18:47,311,480,203,2300,216253.32,55302,-101,-13,-66,12,2300,203,-13,-101,-67,2300,386,-17,-106,-81,2300,202,-20,-111,-81,
250,38.91562385,-95.31776938333333,2025/Sep/04,17:18:48,311,480,203,2300,216253.32,55302,-101,-14,-68,11,2300,203,-14,-101,-65,2300,386,-18,-107,-80,2300,202,-20,-111,-81,
250,38.91562388333333,-95.31776938333333,2025/Sep/04,17:18:49,311,480,203,2300,216253.32,55302,-101,-13,-68,11,2300,203,-13,-101,-67,2300,386,-16,-106,-82,2300,202,-20,-111,-82,2300,212,-20,-115,-82,
250,38.91562385,-95.31776938333333,2025/Sep/04,17:18:50,311,480,203,2300,216253.32,55302,-101,-14,-66,12,2300,203,-14,-101,-65,2300,386,-19,-107,-80,2300,202,-20,-112,-79,
250,38.91562391666667,-95.31776936666667,2025/Sep/04,17:18:51,311,480,203,2300,216253.32,55302,-101,-12,-68,11,2300,203,-11,-101,-69,2300,386,-16,-105,-81,2300,202,-20,-110,-82,
250,38.915623933333336,-95.31776936666667,2025/Sep/04,17:18:52,311,480,203,2300,216253.32,55302,-101,-12,-67,11,2300,203,-11,-101,-70,2300,386,-16,-106,-82,2300,202,-17,-108,-82,2300,308,-17,-107,-82,2300,110,-18,-108,-81,
250,38.915623866666664,-95.31776938333333,2025/Sep/04,17:18:55,311,480,203,2300,216253.32,55302,-101,-13,-65,11,2300,203,-14,-101,-68,2300,386,-17,-106,-79,2300,202,-20,-111,-79,
250,38.91562385,-95.31776938333333,2025/Sep/04,17:18:56,311,480,203,2300,216253.32,55302,-101,-12,-68,11,2300,203,-12,-101,-69,2300,386,-17,-105,-80,2300,202,-20,-110,-80,
250,38.91562385,-95.31776941666666,2025/Sep/04,17:18:58,311,480,203,2300,216253.32,55302,-101,-13,-65,11,2300,203,-14,-101,-68,2300,386,-18,-106,-81,2300,202,-20,-111,-81,
250,38.91562381666667,-95.31776945,2025/Sep/04,17:18:59,311,480,203,2300,216253.32,55302,-101,-12,-69,11,2300,203,-12,-101,-69,2300,386,-18,-108,-82,2300,202,-20,-111,-82,
250,38.915623833333335,-95.31776945,2025/Sep/04,17:19:00,311,480,203,2300,216253.32,55302,-101,-12,-70,11,2300,203,-12,-101,-70,2300,386,-16,-107,-83,2300,202,-20,-110,-83,2300,110,-20,-110,-83,
250,38.91562385,-95.31776943333334,2025/Sep/04,17:19:01,311,480,203,2300,216253.32,55302,-101,-12,-69,12,2300,203,-12,-101,-69,2300,386,-19,-109,-81,2300,202,-20,-111,-81,2300,110,-19,-110,-82,
250,38.91562376666667,-95.31776941666666,2025/Sep/04,17:19:02,311,480,203,2300,216253.32,55302,-101,-11,-70,12,2300,203,-11,-101,-70,2300,386,-17,-107,-82,2300,202,-20,-112,-82,2300,110,-20,-111,-82,
250,38.91562376666667,-95.31776941666666,2025/Sep/04,17:19:03,311,480,203,2300,216253.32,55302,-101,-11,-70,11,2300,203,-11,-101,-70,2300,386,-15,-105,-82,2300,202,-20,-110,-82,2300,110,-20,-111,-82,
250,38.91562378333333,-95.3177694,2025/Sep/04,17:19:04,311,480,203,2300,216253.32,55302,-102,-15,-66,10,2300,203,-16,-102,-65,2300,386,-16,-105,-78,2300,202,-20,-114,-78,2300,110,-20,-111,-78,
250,38.915623733333334,-95.31776938333333,2025/Sep/04,17:19:05,311,480,203,2300,216253.32,55302,-101,-13,-67,10,2300,203,-13,-101,-68,2300,386,-14,-104,-81,2300,202,-20,-112,-81,2300,110,-20,-111,-81,
250,38.915623733333334,-95.3177694,2025/Sep/04,17:19:06,311,480,203,2300,216253.32,55302,-102,-14,-67,11,2300,203,-15,-102,-66,2300,386,-16,-105,-79,2300,202,-20,-112,-79,
250,38.915623716666666,-95.31776936666667,2025/Sep/04,17:19:09,311,480,203,2300,216253.32,55302,-101,-15,-66,11,2300,203,-14,-101,-67,2300,386,-19,-108,-80,2300,202,-20,-112,-80,
250,38.91562368333334,-95.31776935,2025/Sep/04,17:19:10,311,480,203,2300,216253.32,55302,-101,-13,-68,11,2300,203,-13,-101,-64,2300,386,-17,-105,-79,2300,202,-20,-110,-79,2300,212,-20,-111,-79,
250,38.915623733333334,-95.31776935,2025/Sep/04,17:19:11,311,480,203,2300,216253.32,55302,-101,-12,-69,12,2300,203,-12,-101,-68,2300,386,-17,-106,-81,2300,202,-20,-112,-81,2300,110,-20,-111,-81,
250,38.915623733333334,-95.31776936666667,2025/Sep/04,17:19:12,311,480,203,2300,216253.32,55302,-101,-13,-64,12,2300,203,-13,-101,-68,2300,386,-17,-106,-78,2300,202,-20,-111,-78,2300,212,-20,-117,-80,2300,110,-20,-114,-79,
250,38.915623716666666,-95.31776935,2025/Sep/04,17:19:13,311,480,203,2300,216253.32,55302,-101,-12,-67,12,2300,203,-12,-101,-65,2300,386,-18,-107,-80,2300,202,-20,-111,-80,2300,125,-20,-118,-80,
250,38.915623716666666,-95.31776936666667,2025/Sep/04,17:19:14,311,480,203,2300,216253.32,55302,-101,-12,-70,11,2300,203,-12,-101,-67,2300,386,-17,-106,-80,2300,202,-20,-111,-80,2300,212,-20,-117,-79,
250,38.9156237,-95.31776936666667,2025/Sep/04,17:19:15,311,480,203,2300,216253.32,55302,-101,-14,-66,11,2300,203,-15,-101,-68,2300,386,-18,-106,-78,2300,202,-20,-112,-78,
250,38.91562368333334,-95.31776935,2025/Sep/04,17:19:16,311,480,203,2300,216253.32,55302,-101,-14,-68,12,2300,203,-14,-101,-66,2300,386,-17,-106,-80,2300,202,-20,-112,-80,2300,110,-20,-112,-80,
250,38.915623716666666,-95.31776936666667,2025/Sep/04,17:19:17,311,480,203,2300,216253.32,55302,-101,-14,-69,11,2300,203,-14,-101,-63,2300,386,-16,-105,-78,2300,202,-20,-113,-78,2300,110,-20,-112,-78,
250,38.915623716666666,-95.31776936666667,2025/Sep/04,17:19:18,311,480,203,2300,216253.32,55302,-101,-14,-65,11,2300,203,-15,-101,-66,2300,386,-16,-105,-78,2300,202,-20,-113,-78,2300,110,-20,-113,-78,
250,38.915623733333334,-95.31776935,2025/Sep/04,17:19:19,311,480,203,2300,216253.32,55302,-101,-13,-69,11,2300,203,-12,-101,-70,2300,386,-14,-104,-81,2300,202,-20,-112,-81,2300,110,-20,-114,-82,
250,38.91562381666667,-95.31776936666667,2025/Sep/04,17:19:23,311,480,203,2300,216253.32,55302,-101,-12,-69,11,2300,203,-12,-101,-69,2300,386,-14,-105,-82,2300,202,-20,-111,-82,2300,110,-20,-114,-82,
250,38.91562381666667,-95.31776936666667,2025/Sep/04,17:19:24,311,480,203,2300,216253.32,55302,-101,-12,-70,12,2300,203,-12,-101,-68,2300,386,-14,-104,-81,2300,202,-20,-111,-81,2300,110,-20,-113,-81,
250,38.91562381666667,-95.31776936666667,2025/Sep/04,17:19:25,311,480,203,2300,216253.32,55302,-101,-13,-69,12,2300,203,-14,-101,-65,2300,386,-15,-104,-78,2300,202,-20,-112,-78,2300,110,-20,-113,-78,
250,38.91562381666667,-95.31776938333333,2025/Sep/04,17:19:26,311,480,203,2300,216253.32,55302,-102,-12,-69,12,2300,203,-12,-102,-69,2300,386,-16,-106,-81,2300,202,-20,-112,-81,2300,110,-20,-112,-81,
250,38.91562381666667,-95.31776938333333,2025/Sep/04,17:19:27,311,480,203,2300,216253.32,55302,-101,-12,-69,11,2300,203,-12,-101,-67,2300,386,-14,-105,-83,2300,202,-20,-111,-82,2300,110,-20,-113,-82,
250,38.915623833333335,-95.31776936666667,2025/Sep/04,17:19:28,311,480,203,2300,216253.32,55302,-101,-12,-69,11,2300,203,-12,-101,-69,2300,386,-14,-104,-82,2300,202,-20,-111,-83,2300,110,-20,-114,-83,
250,38.91562385,-95.31776938333333,2025/Sep/04,17:19:30,311,480,203,2300,216253.32,55302,-101,-12,-70,11,2300,203,-13,-101,-66,2300,386,-14,-104,-82,2300,202,-20,-110,-82,2300,110,-18,-108,-82,
250,38.915623866666664,-95.31776936666667,2025/Sep/04,17:19:32,311,480,203,2300,216253.32,55302,-101,-13,-69,12,2300,203,-12,-101,-69,2300,386,-15,-105,-82,2300,202,-20,-110,-82,2300,110,-20,-110,-82,
250,38.9156239,-95.31776936666667,2025/Sep/04,17:19:33,311,480,203,2300,216253.32,55302,-101,-12,-68,11,2300,203,-12,-101,-69,2300,386,-16,-105,-79,2300,202,-20,-111,-79,2300,110,-20,-109,-78,
250,38.91562391666667,-95.31776938333333,2025/Sep/04,17:19:34,311,480,203,2300,216253.32,55302,-101,-14,-68,11,2300,203,-13,-101,-68,2300,386,-15,-104,-82,2300,202,-20,-111,-82,2300,110,-20,-110,-82,2300,212,-20,-117,-81,
250,38.91562953333333,-95.31777118333333,2025/Sep/04,17:19:35,311,480,203,2300,216253.32,55302,-101,-13,-69,11,2300,203,-14,-101,-64,2300,386,-15,-103,-77,2300,202,-20,-112,-77,2300,110,-20,-111,-77,2300,212,-20,-115,-77,
250,38.91563285,-95.31777158333334,2025/Sep/04,17:19:36,311,480,203,2300,216253.32,55302,-101,-15,-64,10,2300,203,-15,-101,-70,2300,386,-16,-104,-79,2300,202,-20,-113,-80,2300,110,-20,-109,-79,
250,38.91563311666667,-95.31776923333334,2025/Sep/04,17:19:37,311,480,203,2300,216253.32,55302,-101,-12,-69,12,2300,203,-12,-101,-66,2300,386,-15,-104,-82,2300,202,-20,-110,-82,2300,212,-20,-118,-82,2300,110,-19,-109,-82,
250,38.91563275,-95.31777011666667,2025/Sep/04,17:19:38,311,480,203,2300,216253.32,55302,-101,-13,-65,11,2300,203,-13,-101,-69,2300,386,-15,-104,-82,2300,202,-20,-112,-82,2300,110,-19,-109,-82,
250,38.91563346666667,-95.31776993333334,2025/Sep/04,17:19:39,311,480,203,2300,216253.32,55302,-101,-12,-68,12,2300,203,-13,-101,-63,2300,386,-15,-104,-79,2300,202,-20,-111,-79,2300,212,-20,-117,-79,
250,38.91563421666667,-95.31777086666666,2025/Sep/04,17:19:40,311,480,203,2300,216253.32,55302,-101,-15,-65,12,2300,203,-15,-101,-66,2300,386,-17,-105,-80,2300,202,-20,-112,-80,2300,110,-20,-110,-80,
250,38.91563601666667,-95.31777123333333,2025/Sep/04,17:19:41,311,480,203,2300,216253.32,55302,-100,-11,-69,12,2300,203,-11,-100,-69,2300,386,-15,-105,-82,2300,202,-20,-109,-81,2300,110,-19,-109,-82,
250,38.91563425,-95.31777345,2025/Sep/04,17:19:42,311,480,203,2300,216253.32,55302,-101,-13,-66,11,2300,203,-13,-101,-67,2300,386,-15,-105,-78,2300,212,-20,-116,-78,
250,38.915632083333335,-95.31777136666666,2025/Sep/04,17:19:44,311,480,203,2300,216253.32,55302,-100,-11,-69,12,2300,203,-11,-100,-69,2300,386,-15,-105,-82,2300,202,-20,-112,-82,
250,38.91562935,-95.31776756666666,2025/Sep/04,17:19:45,311,480,203,2300,216253.32,55302,-101,-12,-69,11,2300,203,-12,-101,-68,2300,386,-14,-105,-82,2300,202,-20,-111,-82,2300,110,-18,-109,-82,
250,38.91562865,-95.31776701666666,2025/Sep/04,17:19:46,311,480,203,2300,216253.32,55302,-101,-13,-65,12,2300,203,-13,-101,-65,2300,386,-15,-105,-80,2300,202,-20,-112,-80,2300,110,-20,-112,-80,
250,38.91562903333333,-95.31776673333333,2025/Sep/04,17:19:47,311,480,203,2300,216253.32,55302,-101,-12,-69,12,2300,203,-11,-101,-70,2300,386,-14,-105,-82,2300,202,-20,-110,-82,
250,38.91562918333333,-95.31776671666667,2025/Sep/04,17:19:48,311,480,203,2300,216253.32,55302,-101,-15,-68,11,2300,203,-11,-101,-69,2300,386,-13,-103,-82,2300,202,-20,-111,-82,
250,38.9156291,-95.3177668,2025/Sep/04,17:19:51,311,480,203,2300,216253.32,55302,-101,-12,-68,11,2300,203,-13,-101,-66,2300,386,-14,-104,-80,2300,202,-20,-111,-80,
250,38.91562916666667,-95.31776678333334,2025/Sep/04,17:19:52,311,480,203,2300,216253.32,55302,-101,-13,-68,11,2300,203,-13,-101,-64,2300,386,-14,-103,-82,2300,202,-20,-111,-81,2300,194,-20,-113,-82,2300,110,-20,-114,-81,
250,38.91562913333333,-95.31776675,2025/Sep/04,17:19:53,311,480,203,2300,216253.32,55302,-102,-12,-70,11,2300,203,-12,-101,-69,2300,386,-14,-103,-82,2300,202,-20,-113,-82,2300,110,-20,-111,-82,
250,38.91562915,-95.31776675,2025/Sep/04,17:19:54,311,480,203,2300,216253.32,55302,-101,-13,-69,11,2300,203,-13,-101,-70,2300,386,-17,-106,-81,2300,202,-20,-113,-80,
250,38.91562906666667,-95.31776671666667,2025/Sep/04,17:19:56,311,480,203,2300,216253.32,55302,-101,-11,-70,11,2300,203,-11,-101,-69,2300,386,-14,-105,-82,2300,202,-20,-111,-82,
250,38.91562906666667,-95.31776673333333,2025/Sep/04,17:19:57,311,480,203,2300,216253.32,55302,-101,-12,-69,12,2300,203,-12,-101,-69,2300,386,-16,-106,-81,2300,202,-20,-110,-81,
250,38.915629083333336,-95.31776671666667,2025/Sep/04,17:19:58,311,480,203,2300,216253.32,55302,-101,-13,-70,11,2300,203,-14,-101,-66,2300,386,-17,-105,-79,2300,202,-20,-111,-79,2300,110,-20,-111,-79,2300,142,-20,-118,-78,
250,38.91562913333333,-95.31776678333334,2025/Sep/04,17:19:59,311,480,203,2300,216253.32,55302,-101,-12,-69,11,2300,203,-12,-101,-69,2300,386,-14,-104,-82,2300,202,-20,-111,-82,2300,110,-20,-111,-82,
250,38.91562915,-95.31776676666667,2025/Sep/04,17:20:00,311,480,203,2300,216253.32,55302,-101,-12,-69,11,2300,203,-12,-101,-69,2300,386,-14,-104,-82,2300,202,-20,-110,-82,2300,110,-20,-112,-82,
250,38.915629116666665,-95.31776675,2025/Sep/04,17:20:01,311,480,203,2300,216253.32,55302,-101,-14,-68,11,2300,203,-14,-102,-67,2300,386,-16,-105,-81,
250,38.91562913333333,-95.31776678333334,2025/Sep/04,17:20:02,311,480,203,2300,216253.32,55302,-101,-12,-68,11,2300,203,-11,-101,-69,2300,386,-14,-104,-82,2300,202,-18,-109,-82,2300,110,-17,-107,-82,
250,38.91562913333333,-95.31776673333333,2025/Sep/04,17:20:04,311,480,203,2300,216253.32,55302,-101,-12,-69,12,2300,203,-12,-101,-69,2300,386,-15,-105,-82,2300,202,-20,-111,-82,2300,110,-19,-109,-82,
250,38.91562915,-95.31776676666667,2025/Sep/04,17:20:05,311,480,203,2300,216253.32,55302,-101,-14,-69,11,2300,203,-12,-101,-69,2300,386,-14,-104,-83,2300,202,-20,-111,-83,
250,38.91562916666667,-95.3177668,2025/Sep/04,17:20:07,311,480,203,2300,216253.32,55302,-101,-12,-68,11,2300,203,-13,-101,-65,2300,386,-15,-105,-79,2300,202,-20,-110,-79,
250,38.91562918333333,-95.31776681666666,2025/Sep/04,17:20:08,311,480,203,2300,216253.32,55302,-101,-14,-70,11,2300,203,-13,-101,-69,2300,386,-15,-104,-82,2300,202,-20,-112,-82,
250,38.915629216666666,-95.31776683333334,2025/Sep/04,17:20:09,311,480,203,2300,216253.32,55302,-101,-12,-67,11,2300,203,-12,-101,-66,2300,386,-14,-104,-81,2300,202,-20,-111,-81,
250,38.915629233333334,-95.31776685,2025/Sep/04,17:20:10,311,480,203,2300,216253.32,55302,-101,-11,-69,11,2300,203,-11,-101,-69,2300,386,-15,-105,-82,2300,202,-20,-112,-81,2300,212,-20,-119,-81,
250,38.91562928333333,-95.31776688333333,2025/Sep/04,17:20:11,311,480,203,2300,216253.32,55302,-101,-13,-69,11,2300,203,-12,-101,-71,2300,386,-15,-105,-80,2300,202,-20,-111,-80,2300,212,-20,-118,-80,
250,38.915629216666666,-95.3177669,2025/Sep/04,17:20:12,311,480,203,2300,216253.32,55302,-101,-12,-65,11,2300,203,-12,-101,-65,2300,386,-15,-104,-79,2300,202,-20,-112,-79,
250,38.91562925,-95.3177669,2025/Sep/04,17:20:13,311,480,203,2300,216253.32,55302,-101,-15,-65,11,2300,203,-13,-101,-70,2300,386,-15,-104,-82,2300,202,-20,-112,-82,2300,212,-20,-118,-82,
250,38.91562925,-95.31776683333334,2025/Sep/04,17:20:14,311,480,203,2300,216253.32,55302,-101,-11,-69,11,2300,203,-11,-101,-69,2300,386,-13,-103,-83,2300,202,-20,-112,-82,
250,38.91562926666667,-95.31776685,2025/Sep/04,17:20:15,311,480,203,2300,216253.32,55302,-101,-11,-68,11,2300,203,-12,-101,-68,2300,386,-13,-102,-80,2300,202,-20,-111,-81,
250,38.9156293,-95.31776685,2025/Sep/04,17:20:16,311,480,203,2300,216253.32,55302,-101,-12,-70,11,2300,203,-12,-102,-68,2300,386,-15,-105,-82,2300,212,-20,-120,-82,2300,202,-20,-112,-82,
250,38.91562935,-95.3177669,2025/Sep/04,17:20:21,311,480,203,2300,216253.32,55302,-102,-12,-69,12,2300,203,-12,-102,-70,2300,386,-14,-104,-82,2300,212,-20,-119,-82,
250,38.915629366666664,-95.31776695,2025/Sep/04,17:20:22,311,480,203,2300,216253.32,55302,-102,-14,-66,11,2300,203,-14,-102,-64,2300,386,-16,-105,-81,2300,212,-20,-117,-80,
250,38.91562941666667,-95.31776691666667,2025/Sep/04,17:20:23,311,480,203,2300,216253.32,55302,-101,-12,-68,11,2300,203,-13,-101,-68,2300,386,-16,-105,-81,2300,212,-20,-119,-82,
250,38.91562938333333,-95.31776693333333,2025/Sep/04,17:20:24,311,480,203,2300,216253.32,55302,-101,-12,-69,11,2300,203,-12,-101,-70,2300,386,-14,-104,-81,2300,212,-20,-116,-81,2300,202,-19,-110,-81,2300,110,-18,-109,-81,
250,38.915629366666664,-95.31776691666667,2025/Sep/04,17:20:25,311,480,203,2300,216253.32,55302,-101,-13,-66,11,2300,203,-13,-101,-66,2300,386,-15,-105,-81,2300,212,-20,-116,-81,2300,202,-20,-112,-80,
250,38.915629433333336,-95.31776691666667,2025/Sep/04,17:20:26,311,480,203,2300,216253.32,55302,-101,-12,-69,12,2300,203,-12,-101,-68,2300,386,-14,-104,-81,2300,202,-20,-111,-81,
250,38.915629433333336,-95.31776691666667,2025/Sep/04,17:20:27,311,480,203,2300,216253.32,55302,-101,-14,-65,11,2300,203,-12,-101,-65,2300,386,-14,-104,-82,2300,202,-20,-112,-81,
250,38.91562941666667,-95.31776698333333,2025/Sep/04,17:20:28,311,480,203,2300,216253.32,55302,-101,-13,-68,11,2300,203,-13,-101,-65,2300,386,-14,-104,-81,2300,202,-20,-112,-80,
250,38.91562945,-95.31776698333333,2025/Sep/04,17:20:29,311,480,203,2300,216253.32,55302,-101,-12,-67,11,2300,203,-12,-101,-68,2300,386,-14,-103,-81,2300,202,-20,-112,-81,
250,38.91562945,-95.31776698333333,2025/Sep/04,17:20:30,311,480,203,2300,216253.32,55302,-101,-12,-68,12,2300,203,-11,-101,-70,2300,386,-13,-103,-82,2300,202,-20,-112,-82,2300,110,-20,-111,-83,2300,289,-20,-120,-83,
250,38.91562951666667,-95.31776696666667,2025/Sep/04,17:20:31,311,480,203,2300,216253.32,55302,-101,-12,-63,12,2300,203,-14,-101,-65,2300,386,-15,-104,-78,2300,202,-20,-113,-78,2300,110,-20,-113,-78,
250,38.91562956666667,-95.317767,2025/Sep/04,17:20:32,311,480,203,2300,216253.32,55302,-101,-12,-68,11,2300,203,-12,-101,-69,2300,386,-15,-105,-82,2300,202,-20,-110,-82,2300,110,-20,-111,-82,
250,38.91562953333333,-95.31776703333334,2025/Sep/04,17:20:33,311,480,203,2300,216253.32,55302,-101,-13,-65,11,2300,203,-13,-101,-69,2300,386,-16,-105,-82,2300,202,-20,-112,-81,2300,110,-20,-113,-81,
250,38.91562951666667,-95.31776703333334,2025/Sep/04,17:20:35,311,480,203,2300,216253.32,55302,-101,-12,-69,12,2300,203,-12,-101,-70,2300,386,-15,-104,-82,2300,202,-20,-112,-81,2300,110,-20,-112,-82,
250,38.91562955,-95.31776703333334,2025/Sep/04,17:20:36,311,480,203,2300,216253.32,55302,-101,-12,-69,11,2300,203,-12,-101,-70,2300,386,-14,-104,-82,2300,202,-20,-111,-82,2300,110,-20,-112,-82,
250,38.9156296,-95.31776703333334,2025/Sep/04,17:20:37,311,480,203,2300,216253.32,55302,-101,-13,-68,11,2300,203,-14,-101,-64,2300,386,-16,-105,-79,2300,202,-20,-114,-79,2300,110,-20,-113,-79,
250,38.9156296,-95.31776703333334,2025/Sep/04,17:20:38,311,480,203,2300,216253.32,55302,-101,-13,-71,12,2300,203,-12,-101,-69,2300,386,-14,-104,-82,2300,202,-20,-112,-81,
250,38.91562961666666,-95.31776705,2025/Sep/04,17:20:39,311,480,203,2300,216253.32,55302,-102,-12,-69,11,2300,203,-12,-101,-69,2300,386,-14,-104,-82,2300,202,-20,-112,-82,
250,38.91562956666667,-95.31776705,2025/Sep/04,17:20:41,311,480,203,2300,216253.32,55302,-102,-12,-68,11,2300,203,-13,-101,-64,2300,386,-16,-105,-80,2300,202,-20,-112,-80,
250,38.91562956666667,-95.31776701666666,2025/Sep/04,17:20:43,311,480,203,2300,216253.32,55302,-102,-12,-70,11,2300,203,-12,-102,-71,2300,386,-15,-105,-82,2300,202,-20,-112,-82,2300,110,-20,-110,-81,
250,38.91562955,-95.317767,2025/Sep/04,17:20:44,311,480,203,2300,216253.32,55302,-102,-12,-69,11,2300,203,-11,-102,-69,2300,386,-15,-105,-83,2300,202,-20,-111,-83,2300,110,-20,-111,-83,2300,212,-20,-119,-83,
250,38.91562956666667,-95.31776701666666,2025/Sep/04,17:20:46,311,480,203,2300,216253.32,55302,-101,-15,-64,11,2300,203,-13,-101,-69,2300,386,-15,-104,-78,2300,202,-20,-112,-78,
250,38.91562956666667,-95.31776708333334,2025/Sep/04,17:20:49,311,480,203,2300,216253.32,55302,-102,-14,-69,11,2300,203,-13,-102,-71,2300,386,-15,-104,-81,2300,202,-20,-113,-81,2300,110,-20,-112,-81,
250,38.91562953333333,-95.31776713333333,2025/Sep/04,17:20:50,311,480,203,2300,216253.32,55302,-102,-12,-70,12,2300,203,-13,-102,-70,2300,386,-15,-104,-81,2300,202,-20,-111,-81,2300,281,-20,-114,-82,2300,110,-19,-109,-81,
250,38.91562956666667,-95.31776711666667,2025/Sep/04,17:20:52,311,480,203,2300,216253.32,55302,-102,-13,-69,11,2300,203,-13,-102,-66,2300,386,-15,-105,-81,2300,202,-20,-112,-82,2300,110,-20,-110,-82,2300,289,-20,-118,-82,
250,38.91562955,-95.31776711666667,2025/Sep/04,17:20:53,311,480,203,2300,216253.32,55302,-102,-12,-70,12,2300,203,-12,-102,-68,2300,386,-15,-105,-81,2300,202,-20,-111,-81,2300,110,-20,-111,-81,2300,289,-20,-118,-80,
250,38.915629583333335,-95.3177671,2025/Sep/04,17:20:55,311,480,203,2300,216253.32,55302,-102,-12,-70,11,2300,203,-12,-102,-68,2300,386,-14,-104,-82,2300,202,-20,-111,-82,2300,110,-20,-110,-82,
250,38.91562961666666,-95.31776713333333,2025/Sep/04,17:20:56,311,480,203,2300,216253.32,55302,-101,-12,-69,11,2300,203,-13,-101,-65,2300,386,-14,-104,-81,2300,202,-20,-113,-81,2300,110,-20,-110,-81,
250,38.91562961666666,-95.31776715,2025/Sep/04,17:20:58,311,480,203,2300,216253.32,55302,-101,-12,-69,11,2300,203,-12,-101,-69,2300,386,-15,-104,-81,2300,202,-20,-112,-81,
250,38.9156296,-95.31776715,2025/Sep/04,17:20:59,311,480,203,2300,216253.32,55302,-101,-11,-70,11,2300,203,-12,-101,-69,2300,386,-14,-104,-81,2300,202,-20,-112,-81,
250,38.91562966666667,-95.31776718333333,2025/Sep/04,17:21:01,311,480,203,2300,216253.32,55302,-101,-12,-65,11,2300,203,-12,-101,-69,2300,386,-14,-103,-82,2300,202,-20,-112,-81,
250,38.9156297,-95.31776721666667,2025/Sep/04,17:21:02,311,480,203,2300,216253.32,55302,-101,-11,-69,11,2300,203,-11,-101,-69,2300,386,-14,-104,-81,2300,202,-20,-112,-81,2300,212,-20,-112,-81,
250,38.91562963333333,-95.31776723333333,2025/Sep/04,17:21:03,311,480,203,2300,216253.32,55302,-101,-11,-70,11,2300,203,-11,-101,-70,2300,386,-14,-104,-82,2300,202,-20,-111,-82,
250,38.91562956666667,-95.31776726666666,2025/Sep/04,17:21:04,311,480,203,2300,216253.32,55302,-101,-13,-65,11,2300,203,-14,-101,-64,2300,386,-16,-104,-80,2300,202,-20,-112,-80,2300,110,-20,-109,-80,
250,38.91562955,-95.31776728333334,2025/Sep/04,17:21:05,
250,38.915618183333336,-95.31774583333333,2025/Sep/04,17:50:31,311,480,203,2300,216253.32,55302,-101,-12,-64,11,2300,203,-12,-101,-68,2300,386,-15,-104,-81,2300,281,-16,-106,-81,2300,202,-20,-110,-81,2300,212,-20,-118,-81,
250,38.915618116666664,-95.3177458,2025/Sep/04,17:50:34,311,480,203,2300,216253.32,55302,-102,-16,-69,12,2300,203,-15,-102,-69,2300,386,-16,-103,-80,2300,212,-20,-116,-80,2300,202,-20,-111,-80,2300,281,-18,-107,-80,
250,38.915618083333335,-95.31774576666666,2025/Sep/04,17:50:35,311,480,203,2300,216253.32,55302,-100,-14,-67,12,2300,203,-13,-100,-67,2300,386,-20,-111,-79,2300,281,-18,-106,-80,2300,202,-20,-109,-79,2300,332,-18,-106,-80,
250,38.91561801666667,-95.31774581666667,2025/Sep/04,17:50:37,311,480,203,2300,216253.32,55302,-100,-14,-67,11,2300,203,-14,-101,-64,2300,386,-20,-111,-81,2300,281,-16,-106,-81,2300,202,-20,-110,-81,2300,332,-18,-107,-80,
250,38.91561801666667,-95.3177458,2025/Sep/04,17:50:38,311,480,203,2300,216253.32,55302,-102,-13,-68,11,2300,203,-13,-103,-69,2300,386,-18,-109,-83,2300,281,-15,-105,-82,2300,202,-19,-110,-83,2300,332,-16,-106,-82,2300,170,-19,-109,-83,
250,38.91561806666667,-95.31774578333334,2025/Sep/04,17:50:39,311,480,203,2300,216253.32,55302,-105,-14,-71,10,2300,203,-14,-104,-70,2300,386,-17,-109,-81,2300,281,-15,-106,-81,2300,202,-20,-114,-81,2300,332,-16,-107,-81,2300,170,-20,-117,-81,
250,38.915618116666664,-95.31774583333333,2025/Sep/04,17:50:41,311,480,203,2300,216253.32,55302,-101,-12,-69,11,2300,203,-12,-100,-67,2300,386,-20,-112,-81,2300,281,-15,-106,-81,2300,202,-20,-110,-82,2300,332,-16,-107,-82,
250,38.91561806666667,-95.31774583333333,2025/Sep/04,17:50:42,311,480,203,2300,216253.32,55302,-101,-13,-64,11,2300,203,-13,-101,-69,2300,386,-20,-110,-81,2300,281,-17,-107,-81,2300,332,-20,-111,-82,
250,38.91561806666667,-95.31774585,2025/Sep/04,17:50:44,311,480,203,2300,216253.32,55302,-102,-15,-70,10,2300,203,-16,-103,-70,2300,386,-18,-108,-81,2300,332,-20,-110,-81,2300,281,-16,-106,-81,
250,38.915618116666664,-95.31774588333333,2025/Sep/04,17:50:45,311,480,203,2300,216253.32,55302,-103,-13,-69,11,2300,203,-13,-102,-67,2300,386,-20,-111,-82,2300,332,-18,-109,-81,
250,38.915618116666664,-95.31774588333333,2025/Sep/04,17:50:46,311,480,203,2300,216253.32,55302,-101,-13,-69,11,2300,203,-13,-101,-65,2300,202,-20,-111,-81,2300,386,-17,-107,-81,
250,38.9156181,-95.3177459,2025/Sep/04,17:50:47,311,480,203,2300,216253.32,55302,-100,-13,-64,11,2300,203,-13,-100,-66,2300,332,-18,-107,-81,2300,386,-18,-107,-81,2300,202,-20,-110,-81,
250,38.915618116666664,-95.31774591666667,2025/Sep/04,17:50:48,311,480,203,2300,216253.32,55302,-100,-15,-64,11,2300,203,-15,-100,-65,2300,332,-17,-107,-79,2300,386,-16,-104,-79,
250,38.91561813333333,-95.31774596666666,2025/Sep/04,17:50:51,311,480,203,2300,216253.32,55302,-100,-14,-66,10,2300,203,-14,-100,-65,2300,332,-17,-107,-80,2300,386,-16,-104,-80,
250,38.91561815,-95.31774601666666,2025/Sep/04,17:50:52,311,480,203,2300,216253.32,55302,-100,-13,-67,10,2300,203,-12,-100,-67,2300,332,-16,-106,-81,2300,386,-11,-101,-82,
250,38.91561816666667,-95.31774601666666,2025/Sep/04,17:50:53,311,480,203,2300,216253.32,55302,-100,-14,-67,11,2300,203,-14,-100,-63,2300,386,-16,-103,-79,2300,212,-20,-116,-79,2300,281,-18,-107,-79,
250,38.91561816666667,-95.31774603333334,2025/Sep/04,17:50:54,311,480,203,2300,216253.32,55302,-101,-14,-65,11,2300,203,-14,-100,-66,2300,386,-15,-103,-80,
250,38.915618183333336,-95.31774603333334,2025/Sep/04,17:50:55,311,480,203,2300,216253.32,55302,-100,-14,-64,11,2300,203,-14,-100,-64,2300,386,-17,-105,-78,
250,38.91561816666667,-95.31774603333334,2025/Sep/04,17:50:56,311,480,203,2300,216253.32,55302,-100,-14,-63,11,2300,203,-14,-100,-68,2300,386,-18,-105,-79,
250,38.91561816666667,-95.31774603333334,2025/Sep/04,17:50:57,311,480,203,2300,216253.32,55302,-100,-14,-68,11,2300,203,-13,-100,-66,2300,386,-17,-105,-82,
250,38.91561816666667,-95.31774606666667,2025/Sep/04,17:50:58,311,480,203,2300,216253.32,55302,-100,-13,-66,13,2300,203,-13,-100,-66,2300,386,-16,-106,-80,
250,38.91561816666667,-95.31774606666667,2025/Sep/04,17:50:59,311,480,203,2300,216253.32,55302,-100,-13,-68,12,2300,203,-12,-101,-69,2300,386,-13,-101,-80,2300,202,-19,-108,-82,2300,281,-14,-104,-82,2300,332,-16,-104,-80,
250,38.9156182,-95.31774605,2025/Sep/04,17:51:02,311,480,203,2300,216253.32,55302,-101,-14,-63,10,2300,203,-15,-101,-66,2300,386,-16,-104,-80,2300,202,-20,-112,-80,2300,332,-18,-106,-80,2300,281,-17,-106,-80,
250,38.91561823333333,-95.31774608333333,2025/Sep/04,17:51:03,311,480,203,2300,216253.32,55302,-101,-13,-67,10,2300,203,-14,-101,-66,2300,386,-16,-104,-80,2300,202,-20,-111,-81,2300,385,-20,-115,-81,2300,332,-20,-109,-81,
250,38.91561826666667,-95.3177461,2025/Sep/04,17:51:05,311,480,203,2300,216253.32,55302,-103,-16,-65,11,2300,203,-16,-103,-66,2300,386,-15,-104,-80,2300,202,-20,-113,-80,2300,281,-17,-106,-80,2300,170,-20,-113,-79,2300,385,-20,-113,-80,2300,37,-20,-115,-80,
250,38.91561826666667,-95.3177461,2025/Sep/04,17:51:06,311,480,203,2300,216253.32,55302,-103,-14,-66,10,2300,203,-14,-102,-66,2300,386,-16,-106,-81,2300,202,-20,-112,-81,2300,332,-19,-109,-81,2300,170,-20,-118,-81,
250,38.91561826666667,-95.31774615,2025/Sep/04,17:51:07,311,480,203,2300,216253.32,55302,-101,-13,-66,12,2300,203,-13,-101,-67,2300,386,-18,-107,-80,2300,202,-20,-110,-80,2300,281,-18,-108,-80,2300,332,-20,-110,-80,
250,38.91561826666667,-95.31774615,2025/Sep/04,17:51:08,311,480,203,2300,216253.32,55302,-100,-16,-62,11,2300,203,-16,-101,-63,2300,386,-17,-104,-78,2300,202,-20,-110,-78,2300,332,-20,-106,-78,
250,38.91561828333333,-95.31774615,2025/Sep/04,17:51:10,311,480,203,2300,216253.32,55302,-101,-14,-67,11,2300,203,-13,-101,-67,2300,386,-17,-105,-80,2300,202,-20,-110,-80,2300,281,-18,-106,-80,2300,170,-20,-113,-79,
250,38.9156183,-95.31774613333333,2025/Sep/04,17:51:11,311,480,203,2300,216253.32,55302,-100,-13,-66,11,2300,203,-13,-100,-67,2300,386,-15,-104,-80,2300,202,-20,-109,-79,2300,170,-20,-112,-79,2300,494,-20,-115,-82,2300,296,-20,-111,-79,
250,38.9156183,-95.31774615,2025/Sep/04,17:51:12,311,480,203,2300,216253.32,55302,-100,-14,-63,11,2300,203,-15,-100,-65,2300,386,-16,-104,-79,2300,202,-20,-111,-78,2300,296,-20,-117,-79,
250,38.915618333333335,-95.31774618333333,2025/Sep/04,17:51:13,311,480,203,2300,216253.32,55302,-102,-13,-66,12,2300,203,-13,-102,-67,2300,386,-17,-107,-81,2300,202,-20,-112,-81,2300,332,-16,-106,-81,2300,170,-20,-109,-81,2300,281,-17,-107,-81,
250,38.91561831666667,-95.31774618333333,2025/Sep/04,17:51:14,311,480,203,2300,216253.32,55302,-102,-13,-69,10,2300,203,-14,-102,-68,2300,386,-15,-105,-80,
250,38.91561828333333,-95.31774618333333,2025/Sep/04,17:51:15,311,480,203,2300,216253.32,55302,-102,-15,-69,10,2300,203,-15,-102,-65,2300,386,-16,-106,-79,
250,38.91561826666667,-95.31774618333333,2025/Sep/04,17:51:16,311,480,203,2300,216253.32,55302,-103,-13,-69,10,2300,203,-13,-103,-68,2300,386,-12,-103,-79,
250,38.91561826666667,-95.3177462,2025/Sep/04,17:51:17,311,480,203,2300,216253.32,55302,-102,-14,-68,9,2300,203,-14,-102,-69,2300,386,-12,-102,-81,2300,281,-17,-106,-80,
250,38.91561825,-95.3177462,2025/Sep/04,17:51:18,311,480,203,2300,216253.32,55302,-102,-13,-69,12,2300,203,-14,-101,-65,2300,386,-20,-114,-79,2300,281,-19,-107,-79,
250,38.91561823333333,-95.3177462,2025/Sep/04,17:51:19,311,480,203,2300,216253.32,55302,-102,-13,-69,11,2300,203,-13,-102,-68,2300,386,-20,-112,-82,2300,281,-19,-109,-82,
250,38.91561823333333,-95.3177462,2025/Sep/04,17:51:20,311,480,203,2300,216253.32,55302,-102,-13,-67,11,2300,203,-13,-103,-68,2300,386,-16,-106,-81,2300,281,-16,-106,-81,2300,202,-20,-112,-81,
250,38.915618216666665,-95.31774621666666,2025/Sep/04,17:51:21,311,480,203,2300,216253.32,55302,-102,-13,-68,10,2300,203,-14,-102,-63,2300,386,-20,-112,-81,2300,281,-17,-107,-81,
250,38.915618216666665,-95.31774621666666,2025/Sep/04,17:51:22,311,480,203,2300,216253.32,55302,-101,-14,-68,11,2300,203,-14,-101,-68,2300,386,-20,-111,-81,2300,281,-19,-107,-81,2300,202,-20,-111,-80,2300,332,-20,-111,-81,
250,38.91561816666667,-95.31774623333334,2025/Sep/04,17:51:23,311,480,203,2300,216253.32,55302,-101,-13,-66,11,2300,203,-14,-101,-68,2300,386,-15,-104,-82,
250,38.91561815,-95.31774623333334,2025/Sep/04,17:51:24,311,480,203,2300,216253.32,55302,-101,-15,-66,11,2300,203,-14,-101,-65,2300,386,-20,-111,-81,2300,281,-20,-110,-81,2300,332,-17,-106,-81,
250,38.91561815,-95.31774623333334,2025/Sep/04,17:51:25,311,480,203,2300,216253.32,55302,-100,-13,-64,11,2300,203,-14,-100,-66,2300,386,-16,-104,-78,
250,38.915618183333336,-95.31774626666666,2025/Sep/04,17:51:27,311,480,203,2300,216253.32,55302,-101,-12,-67,11,2300,203,-16,-101,-62,2300,386,-19,-105,-78,2300,202,-20,-111,-78,
250,38.91561815,-95.31774626666666,2025/Sep/04,17:51:30,311,480,203,2300,216253.32,55302,-101,-14,-65,11,2300,203,-14,-101,-63,2300,386,-16,-102,-77,2300,202,-20,-109,-77,
250,38.91561815,-95.31774625,2025/Sep/04,17:51:31,311,480,203,2300,216253.32,55302,-101,-12,-68,11,2300,203,-12,-101,-67,2300,386,-15,-103,-80,2300,6,-20,-117,-80,2300,212,-20,-113,-80,
250,38.91561815,-95.31774626666666,2025/Sep/04,17:51:33,311,480,203,2300,216253.32,55302,-101,-13,-66,11,2300,203,-13,-101,-67,2300,386,-13,-102,-79,2300,281,-17,-105,-79,
250,38.915618183333336,-95.31774628333334,2025/Sep/04,17:51:34,311,480,203,2300,216253.32,55302,-101,-16,-64,11,2300,203,-16,-101,-65,2300,386,-18,-105,-79,2300,281,-19,-106,-79,2300,170,-20,-115,-78,2300,110,-20,-112,-79,
250,38.91561823333333,-95.3177463,2025/Sep/04,17:51:36,311,480,203,2300,216253.32,55302,-102,-15,-64,10,2300,203,-15,-102,-64,2300,281,-20,-109,-81,2300,386,-16,-104,-81,
250,38.915618216666665,-95.31774631666667,2025/Sep/04,17:51:39,311,480,203,2300,216253.32,55302,-102,-13,-67,10,2300,203,-13,-102,-69,2300,212,-20,-114,-80,2300,386,-14,-103,-80,
250,38.915618183333336,-95.31774633333333,2025/Sep/04,17:51:40,311,480,203,2300,216253.32,55302,-102,-13,-68,10,2300,203,-13,-102,-64,2300,386,-14,-103,-81,2300,281,-20,-108,-81,
250,38.91561815,-95.31774635,2025/Sep/04,17:51:41,311,480,203,2300,216253.32,55302,-102,-14,-63,12,2300,203,-15,-101,-65,2300,386,-20,-107,-79,2300,281,-20,-109,-79,2300,332,-20,-110,-79,2300,170,-20,-115,-79,
250,38.915618116666664,-95.31774638333333,2025/Sep/04,17:51:42,311,480,203,2300,216253.32,55302,-102,-13,-69,12,2300,203,-13,-102,-69,2300,386,-18,-107,-81,2300,281,-18,-109,-80,
250,38.915618083333335,-95.31774636666667,2025/Sep/04,17:51:43,311,480,203,2300,216253.32,55302,-101,-13,-69,11,2300,203,-13,-101,-67,2300,386,-16,-106,-82,
250,38.915618116666664,-95.31774636666667,2025/Sep/04,17:51:44,311,480,203,2300,216253.32,55302,-102,-13,-70,11,2300,203,-13,-102,-69,2300,386,-18,-105,-79,2300,212,-20,-116,-80,2300,167,-20,-119,-80,
250,38.91561813333333,-95.31774641666667,2025/Sep/04,17:51:45,311,480,203,2300,216253.32,55302,-102,-13,-67,11,2300,203,-13,-102,-66,2300,386,-20,-112,-81,
250,38.9156181,-95.31774641666667,2025/Sep/04,17:51:46,311,480,203,2300,216253.32,55302,-101,-15,-68,11,2300,203,-15,-101,-68,2300,386,-20,-111,-79,2300,202,-20,-110,-79,2300,170,-20,-116,-78,
250,38.91561813333333,-95.31774638333333,2025/Sep/04,17:51:48,311,480,203,2300,216253.32,55302,-103,-12,-70,10,2300,203,-13,-103,-71,2300,386,-15,-107,-83,2300,281,-16,-107,-83,2300,202,-20,-115,-83,2300,332,-15,-107,-83,
250,38.915618216666665,-95.31774635,2025/Sep/04,17:51:51,311,480,203,2300,216253.32,55302,-101,-12,-68,11,2300,203,-12,-101,-69,2300,386,-14,-104,-81,2300,212,-20,-119,-81,2300,287,-20,-117,-81,
250,38.9156182,-95.31774636666667,2025/Sep/04,17:51:52,311,480,203,2300,216253.32,55302,-102,-12,-68,11,2300,203,-12,-102,-69,2300,386,-15,-105,-82,2300,202,-20,-113,-82,
250,38.91561815,-95.31774633333333,2025/Sep/04,17:51:54,311,480,203,2300,216253.32,55302,-104,-15,-65,9,2300,203,-12,-101,-70,2300,386,-16,-105,-81,2300,212,-20,-117,-81,2300,202,-20,-109,-81,
250,38.915618116666664,-95.3177463,2025/Sep/04,17:51:59,311,480,203,2300,216253.32,55302,-102,-12,-69,11,2300,203,-12,-102,-68,2300,386,-15,-105,-80,2300,202,-20,-112,-80,
250,38.915618116666664,-95.31774633333333,2025/Sep/04,17:52:00,311,480,203,2300,216253.32,55302,-101,-12,-69,11,2300,203,-12,-101,-68,2300,386,-15,-104,-81,2300,202,-20,-112,-80,2300,170,-20,-118,-81,
250,38.91561815,-95.31774633333333,2025/Sep/04,17:52:03,311,480,203,2300,216253.32,55302,-102,-14,-65,11,2300,203,-15,-102,-64,2300,386,-17,-105,-78,2300,212,-20,-117,-78,2300,281,-17,-106,-78,2300,110,-20,-116,-78,2300,377,-20,-118,-77,
250,38.91561816666667,-95.31774633333333,2025/Sep/04,17:52:04,311,480,203,2300,216253.32,55302,-102,-13,-69,11,2300,203,-12,-102,-69,2300,386,-16,-106,-82,2300,212,-20,-119,-82,2300,332,-16,-107,-82,2300,281,-17,-108,-82,
250,38.915618183333336,-95.31774633333333,2025/Sep/04,17:52:05,311,480,203,2300,216253.32,55302,-102,-13,-69,10,2300,203,-13,-102,-68,2300,386,-17,-108,-82,2300,332,-18,-109,-82,
250,38.915618183333336,-95.31774633333333,2025/Sep/04,17:52:06,311,480,203,2300,216253.32,55302,-102,-13,-70,10,2300,203,-14,-102,-69,2300,386,-15,-106,-81,2300,332,-20,-112,-81,
250,38.915618183333336,-95.31774633333333,2025/Sep/04,17:52:07,311,480,203,2300,216253.32,55302,-102,-15,-65,10,2300,203,-14,-102,-70,2300,386,-16,-105,-80,2300,281,-18,-107,-80,
250,38.9156182,-95.31774636666667,2025/Sep/04,17:52:08,311,480,203,2300,216253.32,55302,-102,-14,-68,10,2300,203,-14,-102,-69,2300,386,-14,-104,-81,2300,212,-20,-119,-82,
250,38.91561813333333,-95.3177464,2025/Sep/04,17:52:10,311,480,203,2300,216253.32,55302,-102,-13,-69,10,2300,203,-13,-102,-68,2300,386,-14,-103,-81,2300,281,-16,-106,-81,
250,38.91561813333333,-95.3177464,2025/Sep/04,17:52:11,311,480,203,2300,216253.32,55302,-102,-13,-65,11,2300,203,-13,-102,-67,2300,386,-15,-105,-81,2300,202,-20,-111,-81,2300,332,-17,-106,-81,2300,281,-17,-107,-81,
250,38.91561813333333,-95.31774641666667,2025/Sep/04,17:52:14,311,480,203,2300,216253.32,55302,-102,-14,-69,10,2300,203,-14,-102,-67,2300,386,-17,-106,-80,2300,202,-20,-112,-80,2300,332,-19,-109,-81,2300,170,-20,-114,-81,2300,110,-20,-115,-81,2300,281,-18,-107,-81,
250,38.9156181,-95.31774643333334,2025/Sep/04,17:52:15,311,480,203,2300,216253.32,55302,-102,-14,-68,10,2300,203,-14,-102,-68,2300,386,-16,-106,-81,2300,202,-20,-112,-82,2300,110,-20,-113,-81,2300,170,-20,-116,-82,2300,281,-16,-104,-81,2300,332,-18,-108,-82,
250,38.9156181,-95.31774645,2025/Sep/04,17:52:16,311,480,203,2300,216253.32,55302,-102,-13,-67,10,2300,203,-13,-102,-68,2300,386,-15,-105,-81,2300,202,-18,-108,-82,2300,110,-20,-113,-83,
250,38.91561813333333,-95.31774643333334,2025/Sep/04,17:52:17,311,480,203,2300,216253.32,55302,-102,-16,-63,10,2300,203,-16,-102,-69,2300,386,-17,-105,-81,2300,202,-20,-112,-81,2300,110,-20,-116,-80,2300,281,-19,-107,-81,
250,38.91561815,-95.31774641666667,2025/Sep/04,17:52:18,311,480,203,2300,216253.32,55302,-102,-14,-67,9,2300,203,-14,-102,-70,2300,386,-14,-105,-82,2300,202,-20,-112,-83,2300,110,-20,-112,-82,2300,170,-20,-115,-81,2300,281,-16,-106,-82,
250,38.91561813333333,-95.31774641666667,2025/Sep/04,17:52:19,311,480,203,2300,216253.32,55302,-102,-12,-70,10,2300,203,-14,-102,-69,2300,386,-14,-104,-80,2300,202,-19,-109,-80,2300,110,-19,-109,-80,2300,281,-16,-106,-80,
250,38.91561813333333,-95.31774643333334,2025/Sep/04,17:52:20,311,480,203,2300,216253.32,55302,-102,-14,-63,10,2300,203,-16,-101,-64,2300,386,-17,-104,-78,2300,212,-20,-116,-78,
250,38.915618083333335,-95.31774643333334,2025/Sep/04,17:52:21,311,480,203,2300,216253.32,55302,-102,-14,-68,10,2300,203,-14,-102,-68,2300,386,-16,-105,-80,2300,212,-20,-115,-80,
250,38.915618116666664,-95.31774643333334,2025/Sep/04,17:52:22,311,480,203,2300,216253.32,55302,-102,-14,-66,10,2300,203,-13,-102,-68,2300,386,-14,-104,-82,2300,281,-15,-105,-82,2300,332,-18,-109,-82,
250,38.91561806666667,-95.31774645,2025/Sep/04,17:52:24,311,480,203,2300,216253.32,55302,-102,-16,-66,9,2300,203,-15,-102,-67,2300,386,-15,-103,-80,2300,332,-19,-108,-81,
250,38.91561795,-95.31774648333334,2025/Sep/04,17:52:27,311,480,203,2300,216253.32,55302,-102,-15,-66,9,2300,203,-14,-102,-67,2300,386,-14,-103,-81,2300,332,-20,-109,-81,
250,38.91561795,-95.31774648333334,2025/Sep/04,17:52:28,311,480,203,2300,216253.32,55302,-102,-13,-68,10,2300,203,-13,-102,-69,2300,386,-15,-106,-82,2300,332,-16,-107,-82,
250,38.91561788333333,-95.31774653333333,2025/Sep/04,17:52:30,311,480,203,2300,216253.32,55302,-102,-13,-70,11,2300,203,-13,-102,-70,2300,386,-16,-107,-82,2300,110,-20,-116,-81,
250,38.91561785,-95.31774655,2025/Sep/04,17:52:31,311,480,203,2300,216253.32,55302,-101,-12,-69,10,2300,203,-12,-102,-70,2300,386,-12,-103,-81,2300,110,-20,-114,-81,2300,281,-16,-107,-81,2300,202,-19,-110,-81,
250,38.91561781666667,-95.31774655,2025/Sep/04,17:52:33,311,480,203,2300,216253.32,55302,-102,-15,-67,10,2300,203,-15,-102,-67,2300,386,-15,-103,-81,2300,332,-17,-107,-81,
250,38.91561785,-95.31774656666667,2025/Sep/04,17:52:34,311,480,203,2300,216253.32,55302,-101,-14,-68,10,2300,203,-14,-101,-67,2300,386,-14,-103,-80,2300,332,-18,-107,-80,
250,38.91561785,-95.31774656666667,2025/Sep/04,17:52:36,311,480,203,2300,216253.32,55302,-101,-14,-65,10,2300,203,-15,-101,-65,2300,386,-14,-103,-80,2300,202,-20,-113,-80,2300,212,-20,-116,-80,
250,38.91561788333333,-95.31774655,2025/Sep/04,17:52:37,311,480,203,2300,216253.32,55302,-101,-13,-68,10,2300,203,-13,-101,-68,2300,386,-13,-102,-80,2300,202,-20,-110,-81,2300,212,-20,-110,-81,2300,281,-14,-104,-80,
250,38.915617866666665,-95.31774655,2025/Sep/04,17:52:38,311,480,203,2300,216253.32,55302,-102,-14,-67,9,2300,203,-15,-102,-64,2300,386,-15,-103,-79,2300,202,-20,-114,-80,2300,212,-20,-117,-80,2300,281,-19,-108,-79,
250,38.915617866666665,-95.31774656666667,2025/Sep/04,17:52:39,311,480,203,2300,216253.32,55302,-102,-14,-66,10,2300,203,-14,-102,-69,2300,386,-16,-105,-83,2300,202,-20,-112,-83,2300,212,-20,-116,-83,2300,281,-18,-108,-83,2300,170,-20,-115,-81,
250,38.915617833333336,-95.31774658333333,2025/Sep/04,17:52:42,311,480,203,2300,216253.32,55302,-101,-12,-68,11,2300,203,-13,-101,-68,2300,332,-16,-106,-82,2300,202,-20,-111,-82,2300,281,-17,-106,-82,
250,38.915617866666665,-95.31774656666667,2025/Sep/04,17:52:43,311,480,203,2300,216253.32,55302,-102,-14,-66,10,2300,203,-16,-101,-63,2300,386,-15,-103,-78,2300,110,-20,-113,-78,2300,374,-20,-115,-79,2300,281,-20,-107,-78,
250,38.915617833333336,-95.3177466,2025/Sep/04,17:52:45,311,480,203,2300,216253.32,55302,-101,-17,-63,10,2300,203,-16,-102,-68,2300,386,-15,-101,-79,2300,332,-19,-106,-79,2300,281,-17,-105,-79,
250,38.9156178,-95.31774658333333,2025/Sep/04,17:52:46,311,480,203,2300,216253.32,55302,-102,-13,-67,10,2300,203,-13,-102,-67,2300,386,-12,-100,-80,2300,332,-18,-105,-80,2300,281,-18,-106,-80,
250,38.915617766666664,-95.31774658333333,2025/Sep/04,17:52:47,311,480,203,2300,216253.32,55302,-102,-14,-69,11,2300,203,-14,-102,-68,2300,386,-17,-107,-80,2300,281,-18,-108,-80,2300,202,-20,-114,-80,
250,38.91561775,-95.3177466,2025/Sep/04,17:52:48,311,480,203,2300,216253.32,55302,-102,-12,-68,11,2300,203,-12,-102,-70,2300,386,-15,-107,-83,2300,202,-20,-111,-84,2300,281,-18,-109,-83,
250,38.915617766666664,-95.31774658333333,2025/Sep/04,17:52:49,311,480,203,2300,216253.32,55302,-102,-13,-66,11,2300,203,-13,-102,-69,2300,386,-16,-108,-82,2300,202,-20,-111,-82,2300,281,-18,-109,-83,
250,38.91561778333333,-95.31774656666667,2025/Sep/04,17:52:51,311,480,203,2300,216253.32,55302,-102,-14,-68,11,2300,203,-14,-102,-68,2300,386,-18,-109,-83,2300,202,-20,-111,-83,2300,281,-20,-110,-83,
250,38.915617766666664,-95.31774658333333,2025/Sep/04,17:52:52,311,480,203,2300,216253.32,55302,-102,-14,-68,10,2300,203,-14,-102,-68,2300,386,-16,-106,-81,2300,202,-20,-111,-83,2300,281,-17,-107,-81,
250,38.91561781666667,-95.31774658333333,2025/Sep/04,17:52:53,311,480,203,2300,216253.32,55302,-102,-14,-68,11,2300,203,-15,-102,-68,2300,386,-18,-107,-80,2300,332,-20,-110,-80,2300,281,-20,-109,-80,
250,38.915617833333336,-95.31774661666667,2025/Sep/04,17:52:56,311,480,203,2300,216253.32,55302,-102,-15,-65,10,2300,203,-15,-102,-68,2300,386,-18,-107,-81,2300,332,-20,-112,-82,2300,281,-20,-110,-82,2300,212,-20,-118,-81,
250,38.91561785,-95.31774658333333,2025/Sep/04,17:52:57,311,480,203,2300,216253.32,55302,-102,-13,-69,11,2300,203,-13,-102,-69,2300,386,-16,-106,-82,2300,332,-20,-111,-83,2300,281,-16,-107,-82,
250,38.915617833333336,-95.3177466,2025/Sep/04,17:52:58,311,480,203,2300,216253.32,55302,-102,-12,-70,11,2300,203,-12,-102,-70,2300,386,-17,-107,-82,2300,202,-20,-112,-82,2300,296,-20,-120,-82,
250,38.915617833333336,-95.3177466,2025/Sep/04,17:52:59,311,480,203,2300,216253.32,55302,-102,-15,-66,11,2300,203,-16,-102,-62,2300,386,-18,-106,-80,2300,202,-20,-112,-79,
250,38.9156178,-95.31774663333333,2025/Sep/04,17:53:00,311,480,203,2300,216253.32,55302,-102,-13,-67,10,2300,203,-13,-102,-67,2300,386,-17,-107,-81,2300,281,-19,-109,-81,2300,202,-20,-113,-81,2300,110,-20,-116,-81,2300,47,-20,-113,-81,
250,38.915617766666664,-95.31774665,2025/Sep/04,17:53:02,311,480,203,2300,216253.32,55302,-102,-14,-68,10,2300,203,-14,-102,-66,2300,386,-15,-104,-80,2300,281,-19,-108,-80,2300,110,-20,-115,-80,2300,47,-20,-117,-80,
250,38.9156178,-95.31774665,2025/Sep/04,17:53:03,311,480,203,2300,216253.32,55302,-102,-14,-66,11,2300,203,-14,-101,-66,2300,386,-15,-104,-82,2300,281,-18,-109,-81,2300,202,-20,-112,-81,
250,38.9156178,-95.31774666666666,2025/Sep/04,17:53:04,311,480,203,2300,216253.32,55302,-102,-13,-70,11,2300,203,-13,-102,-68,2300,386,-16,-106,-82,2300,281,-18,-109,-82,2300,202,-20,-112,-82,2300,170,-20,-117,-82,
250,38.9156178,-95.31774665,2025/Sep/04,17:53:05,311,480,203,2300,216253.32,55302,-101,-13,-68,11,2300,203,-13,-101,-68,2300,386,-15,-105,-82,2300,281,-17,-108,-83,2300,110,-20,-115,-83,2300,202,-20,-112,-82,
250,38.91561781666667,-95.31774666666666,2025/Sep/04,17:53:06,311,480,203,2300,216253.32,55302,-102,-12,-70,11,2300,203,-12,-102,-67,2300,386,-13,-104,-82,2300,281,-17,-108,-82,2300,170,-20,-116,-82,2300,202,-20,-110,-82,
250,38.91561781666667,-95.31774666666666,2025/Sep/04,17:53:07,311,480,203,2300,216253.32,55302,-101,-13,-68,11,2300,203,-13,-101,-69,2300,386,-15,-105,-81,2300,281,-17,-108,-81,2300,202,-20,-110,-81,2300,170,-20,-118,-81,
250,38.9156178,-95.3177467,2025/Sep/04,17:53:10,311,480,203,2300,216253.32,55302,-101,-12,-70,11,2300,203,-12,-101,-69,2300,386,-15,-105,-82,2300,202,-20,-112,-81,2300,170,-20,-112,-82,2300,110,-20,-112,-82,
250,38.91561781666667,-95.31774668333334,2025/Sep/04,17:53:11,311,480,203,2300,216253.32,55302,-101,-14,-63,11,2300,203,-14,-102,-70,2300,386,-17,-106,-81,
250,38.91561778333333,-95.3177467,2025/Sep/04,17:53:13,311,480,203,2300,216253.32,55302,-101,-13,-69,11,2300,203,-14,-102,-66,2300,386,-15,-105,-81,2300,170,-20,-116,-81,2300,479,-20,-119,-81,
250,38.91561781666667,-95.3177467,2025/Sep/04,17:53:14,311,480,203,2300,216253.32,55302,-100,-14,-65,11,2300,203,-15,-101,-67,2300,386,-18,-105,-80,2300,170,-20,-117,-80,2300,202,-20,-111,-80,
250,38.91561785,-95.31774671666666,2025/Sep/04,17:53:16,311,480,203,2300,216253.32,55302,-101,-14,-68,11,2300,203,-14,-101,-68,2300,386,-16,-105,-82,2300,170,-20,-113,-81,
250,38.915617866666665,-95.31774675,2025/Sep/04,17:53:17,311,480,203,2300,216253.32,55302,-100,-12,-69,11,2300,203,-12,-101,-70,2300,386,-18,-108,-82,2300,170,-20,-116,-82,2300,202,-20,-110,-82,2300,281,-14,-105,-82,
250,38.91561781666667,-95.3177468,2025/Sep/04,17:53:18,311,480,203,2300,216253.32,55302,-102,-12,-69,11,2300,203,-12,-101,-70,2300,386,-15,-105,-81,2300,170,-20,-118,-81,2300,202,-20,-110,-81,
250,38.915617833333336,-95.31774681666667,2025/Sep/04,17:53:19,311,480,203,2300,216253.32,55302,-101,-14,-69,11,2300,203,-14,-101,-69,2300,386,-18,-107,-80,2300,202,-20,-112,-80,2300,281,-18,-107,-80,
250,38.915617833333336,-95.31774681666667,2025/Sep/04,17:53:20,311,480,203,2300,216253.32,55302,-101,-14,-65,10,2300,203,-13,-101,-69,2300,386,-16,-105,-82,2300,281,-16,-106,-82,2300,202,-19,-110,-82,
250,38.915617833333336,-95.31774685,2025/Sep/04,17:53:24,311,480,203,2300,216253.32,55302,-101,-12,-70,11,2300,203,-13,-101,-69,2300,386,-14,-105,-82,2300,281,-16,-107,-82,2300,202,-20,-110,-82,
250,38.915617833333336,-95.3177469,2025/Sep/04,17:53:26,311,480,203,2300,216253.32,55302,-101,-14,-68,10,2300,203,-14,-101,-64,2300,386,-15,-104,-80,2300,281,-15,-106,-83,2300,202,-20,-111,-83,2300,332,-16,-106,-80,
250,38.91561781666667,-95.31774691666666,2025/Sep/04,17:53:27,311,480,203,2300,216253.32,55302,-101,-14,-67,10,2300,203,-14,-101,-68,2300,386,-15,-105,-82,2300,281,-15,-107,-82,
250,38.91561778333333,-95.31774693333334,2025/Sep/04,17:53:29,311,480,203,2300,216253.32,55302,-101,-15,-65,11,2300,203,-15,-101,-65,2300,386,-18,-106,-81,2300,281,-17,-107,-81,2300,332,-20,-115,-81,2300,202,-20,-112,-81,
250,38.915617766666664,-95.31774693333334,2025/Sep/04,17:53:30,311,480,203,2300,216253.32,55302,-101,-14,-69,12,2300,203,-13,-101,-68,2300,386,-15,-105,-82,2300,202,-20,-112,-82,2300,281,-15,-106,-82,
250,38.915617766666664,-95.31774691666666,2025/Sep/04,17:53:31,311,480,203,2300,216253.32,55302,-102,-14,-68,10,2300,203,-14,-101,-66,2300,386,-15,-104,-80,2300,202,-20,-110,-80,2300,281,-17,-107,-80,2300,332,-20,-115,-80,
250,38.915619783333334,-95.31774973333333,2025/Sep/04,17:53:32,311,480,203,2300,216253.32,55302,-102,-16,-63,10,2300,203,-16,-101,-64,2300,386,-17,-105,-79,2300,202,-20,-112,-79,2300,281,-18,-107,-79,
260,38.915620483333335,-95.31774918333333,2025/Sep/04,17:53:33,311,480,203,2300,216253.32,55302,-102,-14,-66,10,2300,203,-14,-102,-67,2300,386,-16,-105,-80,2300,202,-20,-111,-81,2300,281,-16,-107,-80,
260,38.91562008333333,-95.3177507,2025/Sep/04,17:53:34,311,480,203,2300,216253.32,55302,-104,-14,-70,9,2300,203,-14,-105,-72,2300,386,-14,-106,-84,2300,281,-15,-107,-84,2300,332,-16,-109,-84,
260,38.91561875,-95.31774978333333,2025/Sep/04,17:53:35,311,480,203,2300,216253.32,55302,-101,-13,-67,11,2300,203,-12,-101,-71,2300,386,-16,-106,-82,2300,281,-16,-107,-83,2300,202,-19,-109,-83,2300,332,-16,-107,-83,
260,38.91562081666667,-95.31775023333333,2025/Sep/04,17:53:37,311,480,203,2300,216253.32,55302,-105,-14,-68,10,2300,203,-12,-103,-70,2300,386,-13,-104,-82,2300,281,-16,-107,-82,2300,332,-16,-108,-83,
260,38.91561936666667,-95.31775138333333,2025/Sep/04,17:53:38,311,480,203,2300,216253.32,55302,-103,-13,-71,9,2300,203,-14,-104,-71,2300,386,-13,-104,-83,2300,281,-15,-107,-83,2300,202,-20,-115,-83,
260,38.9156202,-95.31775073333333,2025/Sep/04,17:53:39,311,480,203,2300,216253.32,55302,-104,-16,-65,10,2300,203,-16,-103,-64,2300,386,-17,-105,-79,2300,281,-17,-107,-79,2300,202,-20,-113,-79,2300,170,-20,-115,-79,
260,38.91561956666666,-95.31774986666667,2025/Sep/04,17:53:40,311,480,203,2300,216253.32,55302,-101,-15,-65,11,2300,203,-14,-101,-69,2300,386,-17,-106,-81,2300,281,-16,-105,-81,2300,202,-20,-111,-82,2300,332,-19,-109,-82,
260,38.915617133333335,-95.31774635,2025/Sep/04,17:53:41,311,480,203,2300,216253.32,55302,-103,-12,-69,11,2300,203,-13,-102,-69,2300,386,-15,-106,-82,2300,281,-15,-104,-82,2300,202,-20,-113,-82,
260,38.915630766666666,-95.31775448333333,2025/Sep/04,17:53:42,311,480,203,2300,216253.32,55302,-102,-15,-66,10,2300,203,-15,-102,-66,2300,386,-15,-104,-81,2300,281,-16,-104,-81,2300,202,-20,-112,-81,
260,38.91563118333333,-95.31775271666666,2025/Sep/04,17:53:43,311,480,203,2300,216253.32,55302,-102,-13,-68,11,2300,203,-13,-102,-68,2300,386,-14,-103,-80,2300,281,-17,-106,-80,2300,202,-20,-111,-80,2300,110,-20,-116,-80,
260,38.915635183333336,-95.31775563333333,2025/Sep/04,17:53:44,311,480,203,2300,216253.32,55302,-101,-14,-66,11,2300,203,-14,-101,-69,2300,386,-15,-104,-79,2300,32,-20,-116,-79,2300,202,-20,-111,-79,
260,38.91563493333334,-95.317755,2025/Sep/04,17:53:45,311,480,203,2300,216253.32,55302,-101,-15,-65,11,2300,203,-15,-102,-66,2300,386,-15,-103,-80,2300,202,-20,-112,-80,2300,332,-20,-109,-80,2300,481,-20,-116,-79,
260,38.91563035,-95.31775285,2025/Sep/04,17:53:46,311,480,203,2300,216253.32,55302,-102,-14,-65,11,2300,203,-14,-101,-65,2300,386,-18,-106,-80,2300,202,-20,-112,-80,2300,281,-20,-108,-80,
260,38.91562628333333,-95.3177479,2025/Sep/04,17:53:47,311,480,203,2300,216253.32,55302,-103,-16,-67,10,2300,203,-16,-104,-64,2300,386,-16,-105,-82,2300,202,-20,-111,-82,
260,38.915625416666664,-95.31774455,2025/Sep/04,17:53:49,311,480,203,2300,216253.32,55302,-102,-13,-68,10,2300,203,-16,-102,-65,2300,386,-16,-103,-78,2300,202,-20,-112,-78,2300,281,-18,-105,-78,2300,170,-20,-113,-78,
260,38.91561861666667,-95.31774265,2025/Sep/04,17:53:52,311,480,203,2300,216253.32,55302,-103,-15,-68,11,2300,203,-14,-103,-68,2300,386,-16,-103,-80,2300,202,-20,-112,-80,2300,281,-16,-104,-80,2300,170,-20,-115,-81,
260,38.915619916666664,-95.31774398333333,2025/Sep/04,17:53:53,311,480,203,2300,216253.32,55302,-103,-15,-66,10,2300,203,-15,-103,-66,2300,386,-13,-103,-79,2300,385,-20,-113,-83,2300,212,-18,-107,-82,
260,38.915620966666665,-95.31774461666667,2025/Sep/04,17:53:54,311,480,203,2300,216253.32,55302,-104,-15,-64,11,2300,203,-14,-103,-71,2300,386,-15,-105,-82,2300,202,-20,-115,-82,2300,281,-17,-107,-82,
260,38.91562065,-95.31774553333334,2025/Sep/04,17:53:55,311,480,203,2300,216253.32,55302,-100,-13,-69,11,2300,203,-12,-100,-64,2300,386,-17,-106,-82,2300,202,-20,-113,-81,
260,38.91562055,-95.31774486666667,2025/Sep/04,17:53:56,311,480,203,2300,216253.32,55302,-102,-12,-69,11,2300,203,-12,-102,-69,2300,386,-17,-107,-81,2300,202,-20,-111,-81,
260,38.91562078333333,-95.31774433333334,2025/Sep/04,17:53:57,311,480,203,2300,216253.32,55302,-102,-12,-65,11,2300,203,-13,-102,-68,2300,386,-16,-106,-80,2300,202,-20,-112,-80,2300,332,-20,-107,-80,
260,38.91562068333333,-95.3177451,2025/Sep/04,17:53:58,311,480,203,2300,216253.32,55302,-102,-14,-68,10,2300,203,-13,-102,-67,2300,386,-16,-106,-82,2300,202,-20,-115,-82,2300,281,-17,-106,-82,
260,38.91562066666667,-95.31774511666667,2025/Sep/04,17:53:59,311,480,203,2300,216253.32,55302,-101,-14,-66,11,2300,203,-13,-102,-71,2300,386,-16,-106,-83,2300,202,-20,-112,-83,2300,281,-18,-107,-83,
260,38.915620616666665,-95.31774625,2025/Sep/04,17:54:01,311,480,203,2300,216253.32,55302,-101,-11,-69,11,2300,203,-11,-100,-68,2300,386,-16,-106,-81,2300,202,-19,-109,-81,
260,38.91562063333333,-95.3177464,2025/Sep/04,17:54:02,311,480,203,2300,216253.32,55302,-102,-12,-70,10,2300,203,-13,-103,-71,2300,386,-17,-108,-82,2300,202,-20,-114,-83,2300,281,-16,-107,-83,
260,38.91562065,-95.31774638333333,2025/Sep/04,17:54:03,311,480,203,2300,216253.32,55302,-103,-15,-66,11,2300,203,-15,-103,-66,2300,386,-17,-106,-81,2300,202,-20,-117,-81,2300,212,-20,-115,-81,
260,38.91562065,-95.31774636666667,2025/Sep/04,17:54:04,311,480,203,2300,216253.32,55302,-102,-13,-67,10,2300,203,-13,-102,-67,2300,386,-15,-106,-82,2300,212,-20,-114,-83,2300,202,-20,-111,-82,
260,38.91562063333333,-95.31774635,2025/Sep/04,17:54:05,311,480,203,2300,216253.32,55302,-102,-13,-67,12,2300,203,-13,-102,-67,2300,386,-18,-108,-80,2300,202,-20,-110,-80,2300,281,-18,-108,-80,
260,38.91562068333333,-95.31774633333333,2025/Sep/04,17:54:06,311,480,203,2300,216253.32,55302,-101,-13,-65,11,2300,203,-13,-101,-70,2300,386,-20,-110,-78,2300,202,-20,-110,-78,
260,38.9156207,-95.31774635,2025/Sep/04,17:54:07,311,480,203,2300,216253.32,55302,-101,-11,-70,12,2300,203,-11,-101,-70,2300,386,-16,-107,-81,2300,202,-19,-108,-81,
260,38.91562068333333,-95.31774635,2025/Sep/04,17:54:08,311,480,203,2300,216253.32,55302,-100,-12,-68,12,2300,203,-12,-100,-68,2300,386,-18,-108,-80,2300,202,-20,-109,-80,
260,38.915620716666666,-95.31774635,2025/Sep/04,17:54:09,311,480,203,2300,216253.32,55302,-100,-13,-62,12,2300,203,-13,-100,-65,2300,386,-16,-105,-78,2300,202,-20,-110,-78,2300,117,-20,-116,-79,
260,38.915620733333334,-95.31774636666667,2025/Sep/04,17:54:10,311,480,203,2300,216253.32,55302,-100,-13,-65,13,2300,203,-13,-100,-66,2300,386,-18,-109,-81,2300,202,-19,-109,-81,
260,38.91562075,-95.31774636666667,2025/Sep/04,17:54:11,311,480,203,2300,216253.32,55302,-100,-13,-65,13,2300,203,-13,-100,-68,2300,386,-20,-111,-80,2300,202,-20,-111,-81,2300,170,-20,-116,-80,
260,38.91562076666666,-95.31774655,2025/Sep/04,17:54:13,311,480,203,2300,216253.32,55302,-100,-11,-69,12,2300,203,-11,-100,-69,2300,386,-19,-110,-80,2300,202,-19,-109,-80,2300,170,-19,-110,-83,
260,38.915620733333334,-95.3177465,2025/Sep/04,17:54:14,311,480,203,2300,216253.32,55302,-100,-12,-65,12,2300,203,-12,-100,-68,2300,386,-17,-107,-80,2300,202,-20,-110,-80,2300,332,-20,-109,-80,
260,38.915620716666666,-95.31774646666666,2025/Sep/04,17:54:15,311,480,203,2300,216253.32,55302,-100,-14,-64,13,2300,203,-13,-100,-67,2300,386,-18,-108,-79,2300,202,-20,-113,-80,
260,38.9156207,-95.31774641666667,2025/Sep/04,17:54:16,311,480,203,2300,216253.32,55302,-100,-12,-68,12,2300,203,-13,-100,-66,2300,386,-16,-105,-80,2300,202,-20,-110,-81,2300,332,-19,-107,-80,
260,38.915620716666666,-95.3177464,2025/Sep/04,17:54:17,311,480,203,2300,216253.32,55302,-103,-14,-71,12,2300,203,-13,-102,-67,2300,386,-18,-108,-80,2300,281,-20,-110,-80,
260,38.915620716666666,-95.31774633333333,2025/Sep/04,17:54:20,311,480,203,2300,216253.32,55302,-103,-14,-71,11,2300,203,-13,-103,-71,2300,386,-15,-107,-83,2300,281,-18,-109,-84,
260,38.91562068333333,-95.31774631666667,2025/Sep/04,17:54:21,311,480,203,2300,216253.32,55302,-103,-14,-64,11,2300,203,-14,-103,-65,2300,386,-19,-109,-83,2300,281,-20,-109,-83,
260,38.9156207,-95.31774635,2025/Sep/04,17:54:22,311,480,203,2300,216253.32,55302,-101,-12,-67,12,2300,203,-12,-101,-68,2300,386,-15,-107,-82,
260,38.9156207,-95.31774631666667,2025/Sep/04,17:54:24,311,480,203,2300,216253.32,55302,-101,-13,-69,12,2300,203,-14,-101,-65,2300,386,-17,-107,-78,
260,38.91562068333333,-95.31774628333334,2025/Sep/04,17:54:25,311,480,203,2300,216253.32,55302,-101,-13,-67,12,2300,203,-13,-101,-67,2300,386,-18,-109,-79,2300,281,-19,-109,-80,
260,38.91562068333333,-95.31774628333334,2025/Sep/04,17:54:26,311,480,203,2300,216253.32,55302,-101,-13,-69,12,2300,203,-13,-100,-63,2300,386,-18,-108,-82,
260,38.91562066666667,-95.31774626666666,2025/Sep/04,17:54:27,311,480,203,2300,216253.32,55302,-101,-12,-68,11,2300,203,-12,-101,-67,2300,386,-17,-108,-81,2300,6,-20,-119,-81,
260,38.9156207,-95.31774626666666,2025/Sep/04,17:54:28,311,480,203,2300,216253.32,55302,-101,-11,-68,12,2300,203,-11,-101,-67,2300,386,-18,-109,-82,2300,6,-20,-114,-82,
260,38.91562068333333,-95.31774625,2025/Sep/04,17:54:29,311,480,203,2300,216253.32,55302,-101,-14,-64,11,2300,203,-15,-101,-64,2300,386,-20,-109,-80,2300,281,-20,-107,-79,
260,38.915620716666666,-95.31774626666666,2025/Sep/04,17:54:30,311,480,203,2300,216253.32,55302,-101,-15,-66,12,2300,203,-15,-101,-65,2300,386,-20,-111,-79,2300,281,-20,-108,-79,
260,38.915620733333334,-95.31774625,2025/Sep/04,17:54:31,311,480,203,2300,216253.32,55302,-101,-16,-65,12,2300,203,-16,-101,-65,2300,386,-19,-108,-78,2300,281,-20,-107,-78,
260,38.915620733333334,-95.31774626666666,2025/Sep/04,17:54:32,311,480,203,2300,216253.32,55302,-101,-14,-66,12,2300,203,-14,-101,-66,2300,386,-19,-107,-80,2300,202,-20,-112,-80,2300,281,-20,-111,-80,
260,38.915620716666666,-95.31774625,2025/Sep/04,17:54:33,311,480,203,2300,216253.32,55302,-104,-15,-69,10,2300,203,-15,-104,-67,2300,386,-17,-108,-82,2300,281,-18,-108,-82,
260,38.915620733333334,-95.31774625,2025/Sep/04,17:54:34,311,480,203,2300,216253.32,55302,-105,-16,-68,10,2300,203,-16,-104,-64,2300,386,-18,-110,-82,
260,38.91561961666667,-95.31773813333334,2025/Sep/04,17:54:36,311,480,203,2300,216253.32,55302,-102,-14,-66,12,2300,203,-14,-102,-66,2300,386,-17,-107,-80,
260,38.9156194,-95.31774048333334,2025/Sep/04,17:54:37,311,480,203,2300,216253.32,55302,-101,-13,-66,12,2300,203,-13,-101,-66,2300,386,-18,-106,-79,2300,202,-20,-111,-79,
260,38.9156159,-95.31773608333333,2025/Sep/04,17:54:38,311,480,203,2300,216253.32,55302,-102,-14,-68,12,2300,203,-14,-102,-66,2300,386,-17,-106,-80,2300,202,-20,-113,-80,
260,38.915615433333336,-95.31773421666666,2025/Sep/04,17:54:39,311,480,203,2300,216253.32,55302,-102,-14,-66,11,2300,203,-14,-102,-68,2300,386,-20,-110,-80,2300,202,-20,-114,-79,
260,38.91561578333334,-95.31773251666667,2025/Sep/04,17:54:40,311,480,203,2300,216253.32,55302,-101,-14,-66,12,2300,203,-14,-101,-66,2300,386,-20,-111,-81,2300,332,-20,-113,-81,2300,281,-18,-107,-81,
260,38.9156136,-95.31773056666667,2025/Sep/04,17:54:41,311,480,203,2300,216253.32,55302,-101,-15,-61,11,2300,203,-15,-100,-65,2300,386,-20,-112,-80,2300,202,-20,-112,-80,2300,281,-19,-106,-80,
260,38.91561213333333,-95.31773153333333,2025/Sep/04,17:54:42,311,480,203,2300,216253.32,55302,-103,-15,-67,10,2300,203,-15,-103,-67,2300,386,-19,-110,-83,2300,281,-17,-108,-83,2300,332,-19,-109,-83,
260,38.915612583333335,-95.317729,2025/Sep/04,17:54:43,311,480,203,2300,216253.32,55302,-105,-17,-67,9,2300,203,-17,-105,-66,2300,386,-15,-107,-81,2300,281,-17,-108,-82,2300,332,-20,-112,-82,
260,38.915615466666665,-95.31772985,2025/Sep/04,17:54:44,311,480,203,2300,216253.32,55302,-106,-15,-71,9,2300,203,-16,-106,-72,2300,386,-14,-107,-85,2300,281,-15,-108,-85,2300,332,-15,-108,-85,
260,38.91561158333333,-95.31773085,2025/Sep/04,17:54:45,311,480,203,2300,216253.32,55302,-106,-16,-69,9,2300,203,-15,-103,-70,2300,386,-16,-107,-84,2300,281,-17,-107,-84,2300,202,-20,-114,-84,
260,38.9156118,-95.31773208333334,2025/Sep/04,17:54:50,311,480,203,2300,216253.32,55302,-102,-14,-67,11,2300,203,-14,-102,-68,2300,386,-18,-108,-81,2300,202,-20,-113,-82,2300,281,-19,-109,-82,
260,38.91561181666667,-95.3177321,2025/Sep/04,17:54:51,311,480,203,2300,216253.32,55302,-101,-14,-69,12,2300,203,-13,-101,-70,2300,386,-18,-109,-81,2300,202,-20,-112,-81,2300,332,-16,-107,-81,
260,38.91561181666667,-95.31773213333334,2025/Sep/04,17:54:52,311,480,203,2300,216253.32,55302,-100,-12,-66,12,2300,203,-13,-100,-65,2300,386,-19,-109,-81,2300,202,-20,-110,-81,
260,38.91561181666667,-95.31773213333334,2025/Sep/04,17:54:53,311,480,203,2300,216253.32,55302,-103,-14,-68,11,2300,203,-14,-103,-69,2300,386,-17,-108,-83,2300,281,-17,-109,-83,
260,38.91561181666667,-95.3177322,2025/Sep/04,17:54:54,311,480,203,2300,216253.32,55302,-102,-13,-66,11,2300,203,-13,-102,-68,2300,386,-16,-107,-82,2300,281,-20,-111,-82,2300,332,-17,-108,-82,
260,38.9156118,-95.3177322,2025/Sep/04,17:54:55,311,480,203,2300,216253.32,55302,-101,-13,-68,11,2300,203,-13,-101,-67,2300,386,-16,-106,-81,2300,332,-20,-110,-81,
260,38.91561178333333,-95.31773218333333,2025/Sep/04,17:54:56,311,480,203,2300,216253.32,55302,-103,-14,-67,12,2300,203,-14,-102,-68,2300,386,-16,-106,-81,2300,281,-20,-112,-82,2300,212,-20,-117,-81,
260,38.91561181666667,-95.31773216666667,2025/Sep/04,17:54:57,311,480,203,2300,216253.32,55302,-102,-13,-69,12,2300,203,-13,-103,-70,2300,386,-16,-108,-84,2300,202,-20,-114,-85,2300,332,-16,-108,-85,2300,281,-16,-108,-84,
260,38.91561183333334,-95.31773218333333,2025/Sep/04,17:54:58,311,480,203,2300,216253.32,55302,-104,-16,-65,10,2300,203,-16,-105,-73,2300,386,-15,-108,-84,2300,281,-16,-107,-84,2300,332,-18,-110,-84,
260,38.91561181666667,-95.3177322,2025/Sep/04,17:54:59,311,480,203,2300,216253.32,55302,-107,-15,-72,9,2300,203,-15,-107,-71,2300,386,-14,-110,-86,2300,281,-13,-107,-86,2300,202,-20,-120,-86,2300,332,-15,-109,-86,
260,38.91561181666667,-95.31773216666667,2025/Sep/04,17:55:01,311,480,203,2300,216253.32,55302,-105,-16,-69,8,2300,203,-17,-107,-71,2300,386,-18,-110,-85,2300,281,-17,-110,-85,2300,202,-20,-118,-84,2300,332,-15,-108,-85,
260,38.91561181666667,-95.31773216666667,2025/Sep/04,17:55:02,311,480,203,2300,216253.32,55302,-107,-16,-71,9,2300,203,-16,-107,-71,2300,386,-17,-110,-85,2300,281,-16,-110,-85,2300,202,-20,-121,-85,2300,332,-14,-108,-85,
260,38.91561183333334,-95.31773216666667,2025/Sep/04,17:55:03,311,480,203,2300,216253.32,55302,-109,-16,-73,8,2300,203,-16,-109,-71,2300,386,-14,-109,-86,2300,281,-15,-110,-86,2300,202,-20,-118,-86,2300,332,-14,-109,-86,
260,38.91561185,-95.3177322,2025/Sep/04,17:55:04,311,480,203,2300,216253.32,55302,-110,-19,-70,7,2300,203,-19,-110,-70,2300,386,-13,-107,-85,2300,332,-17,-111,-85,2300,281,-17,-110,-85,2300,99,-20,-122,-85,
260,38.9156119,-95.31773221666667,2025/Sep/04,17:55:05,311,480,203,2300,216253.32,55302,-110,-18,-71,7,2300,203,-17,-110,-71,2300,386,-14,-107,-85,2300,332,-16,-110,-86,2300,281,-18,-111,-86,2300,202,-20,-121,-86,2300,110,-20,-123,-86,
260,38.915611883333334,-95.31773221666667,2025/Sep/04,17:55:06,311,480,203,2300,216253.32,55302,-109,-15,-70,9,2300,203,-14,-104,-68,2300,386,-13,-104,-83,2300,332,-15,-108,-83,2300,281,-14,-106,-83,2300,202,-15,-109,-83,2300,110,-14,-105,-83,
260,38.915611883333334,-95.31773221666667,2025/Sep/04,17:55:07,311,480,203,2300,216253.32,55302,-104,-15,-67,10,2300,203,-16,-104,-65,2300,386,-17,-106,-80,2300,332,-18,-108,-80,2300,281,-20,-109,-80,2300,110,-20,-116,-80,
260,38.91561185,-95.31773221666667,2025/Sep/04,17:55:08,311,480,203,2300,216253.32,55302,-103,-16,-67,9,2300,203,-15,-103,-68,2300,386,-16,-105,-81,2300,332,-20,-109,-81,2300,281,-20,-110,-81,
260,38.915611866666666,-95.31773223333333,2025/Sep/04,17:55:09,311,480,203,2300,216253.32,55302,-102,-15,-65,10,2300,203,-15,-102,-67,2300,386,-15,-104,-80,2300,332,-20,-110,-80,2300,202,-20,-111,-80,
260,38.91561185,-95.31773225,2025/Sep/04,17:55:10,311,480,203,2300,216253.32,55302,-103,-16,-64,10,2300,203,-16,-103,-64,2300,386,-17,-104,-79,2300,281,-20,-110,-79,2300,202,-20,-112,-79,2300,332,-20,-110,-79,
260,38.91561183333334,-95.31773223333333,2025/Sep/04,17:55:12,311,480,203,2300,216253.32,55302,-103,-14,-67,10,2300,203,-13,-103,-69,2300,386,-14,-103,-81,2300,281,-20,-109,-80,2300,332,-19,-107,-80,
260,38.915611866666666,-95.31773228333333,2025/Sep/04,17:55:13,311,480,203,2300,216253.32,55302,-103,-13,-68,10,2300,203,-13,-103,-69,2300,386,-13,-102,-81,2300,281,-18,-108,-81,2300,332,-18,-107,-81,
260,38.91561185,-95.31773228333333,2025/Sep/04,17:55:14,311,480,203,2300,216253.32,55302,-102,-14,-64,10,2300,203,-15,-102,-63,2300,386,-15,-103,-78,2300,281,-20,-109,-78,2300,332,-19,-106,-78,
260,38.91561185,-95.3177323,2025/Sep/04,17:55:15,311,480,203,2300,216253.32,55302,-102,-13,-68,10,2300,203,-14,-102,-69,2300,386,-17,-105,-79,2300,202,-20,-110,-79,
260,38.91561303333334,-95.31774351666667,2025/Sep/04,17:55:18,311,480,203,2300,216253.32,55302,-102,-14,-64,11,2300,203,-14,-102,-64,2300,386,-15,-104,-81,2300,202,-20,-111,-81,2300,212,-20,-113,-81,
260,38.91561386666667,-95.31774348333333,2025/Sep/04,17:55:19,311,480,203,2300,216253.32,55302,-102,-14,-68,10,2300,203,-15,-102,-64,2300,386,-17,-105,-79,2300,202,-20,-112,-79,2300,332,-18,-106,-78,2300,110,-20,-116,-78,
260,38.91561445,-95.31774765,2025/Sep/04,17:55:20,311,480,203,2300,216253.32,55302,-102,-16,-63,10,2300,203,-15,-102,-69,2300,386,-15,-102,-80,2300,202,-20,-113,-79,2300,332,-18,-106,-79,2300,212,-20,-115,-80,2300,207,-20,-116,-81,2300,385,-20,-118,-80,
260,38.91560985,-95.31774596666666,2025/Sep/04,17:55:21,311,480,203,2300,216253.32,55302,-102,-13,-69,10,2300,203,-13,-102,-69,2300,386,-14,-104,-83,2300,202,-19,-110,-82,2300,332,-16,-104,-79,2300,281,-16,-105,-80,
260,38.91561035,-95.31774481666666,2025/Sep/04,17:55:22,311,480,203,2300,216253.32,55302,-107,-17,-69,9,2300,203,-16,-107,-72,2300,386,-16,-109,-86,2300,281,-17,-110,-86,2300,332,-16,-109,-86,2300,170,-20,-121,-86,
260,38.9156126,-95.31774701666667,2025/Sep/04,17:55:24,311,480,203,2300,216253.32,55302,-102,-12,-70,11,2300,203,-12,-102,-70,2300,386,-14,-106,-84,2300,202,-18,-111,-84,2300,332,-15,-107,-82,2300,281,-16,-107,-82,2300,89,-20,-112,-83,
260,38.91561338333333,-95.31774583333333,2025/Sep/04,17:55:25,311,480,203,2300,216253.32,55302,-102,-13,-66,11,2300,203,-14,-102,-66,2300,386,-20,-111,-81,2300,202,-20,-113,-81,2300,281,-17,-107,-81,
260,38.91561181666667,-95.31774458333334,2025/Sep/04,17:55:26,311,480,203,2300,216253.32,55302,-106,-16,-67,11,2300,203,-16,-106,-66,2300,386,-20,-115,-83,2300,202,-20,-115,-82,2300,281,-17,-109,-83,2300,332,-19,-110,-83,
260,38.91561143333333,-95.3177437,2025/Sep/04,17:55:27,311,480,203,2300,216253.32,55302,-106,-14,-70,11,2300,203,-14,-106,-70,2300,386,-19,-112,-84,2300,202,-20,-118,-84,2300,281,-16,-109,-84,2300,332,-19,-112,-84,
260,38.91561118333333,-95.31774343333333,2025/Sep/04,17:55:28,311,480,203,2300,216253.32,55302,-104,-15,-70,10,2300,203,-15,-104,-69,2300,386,-20,-115,-82,2300,202,-20,-113,-82,2300,281,-15,-106,-82,2300,332,-17,-108,-82,
260,38.91561125,-95.31774355,2025/Sep/04,17:55:29,311,480,203,2300,216253.32,55302,-101,-14,-67,12,2300,203,-14,-101,-68,2300,386,-20,-111,-80,2300,202,-20,-113,-80,2300,332,-17,-106,-80,
260,38.91561125,-95.31774361666666,2025/Sep/04,17:55:30,311,480,203,2300,216253.32,55302,-100,-12,-67,12,2300,203,-12,-101,-68,2300,386,-20,-113,-81,2300,202,-20,-109,-80,2300,281,-17,-106,-81,
260,38.91561123333334,-95.31774365,2025/Sep/04,17:55:31,311,480,203,2300,216253.32,55302,-102,-13,-66,12,2300,203,-13,-102,-69,2300,386,-20,-111,-82,2300,202,-20,-111,-81,2300,281,-20,-110,-81,
260,38.915611266666666,-95.31774366666667,2025/Sep/04,17:55:32,311,480,203,2300,216253.32,55302,-100,-14,-63,11,2300,203,-15,-100,-64,2300,386,-20,-111,-79,2300,202,-20,-110,-78,
260,38.915611283333334,-95.3177437,2025/Sep/04,17:55:33,311,480,203,2300,216253.32,55302,-101,-13,-65,12,2300,203,-13,-102,-66,2300,386,-19,-109,-82,2300,202,-20,-113,-83,2300,281,-17,-107,-82,
260,38.91561125,-95.3177437,2025/Sep/04,17:55:34,311,480,203,2300,216253.32,55302,-103,-13,-71,11,2300,203,-12,-103,-70,2300,386,-20,-112,-82,2300,281,-16,-108,-83,2300,202,-20,-113,-82,
260,38.915611266666666,-95.31774375,2025/Sep/04,17:55:36,311,480,203,2300,216253.32,55302,-102,-12,-68,11,2300,203,-12,-102,-69,2300,386,-20,-112,-83,2300,202,-20,-113,-83,
260,38.91561125,-95.3177438,2025/Sep/04,17:55:37,311,480,203,2300,216253.32,55302,-103,-13,-69,11,2300,203,-14,-103,-66,2300,386,-20,-112,-81,2300,202,-20,-114,-80,2300,281,-16,-106,-81,
260,38.91561121666667,-95.31774376666667,2025/Sep/04,17:55:38,311,480,203,2300,216253.32,55302,-103,-13,-70,10,2300,203,-13,-103,-70,2300,386,-17,-109,-83,2300,281,-14,-106,-83,
260,38.9156112,-95.31774378333333,2025/Sep/04,17:55:39,311,480,203,2300,216253.32,55302,-101,-12,-67,12,2300,203,-12,-101,-66,2300,386,-20,-112,-80,2300,281,-15,-105,-81,2300,202,-20,-111,-81,
260,38.915611166666665,-95.31774378333333,2025/Sep/04,17:55:40,311,480,203,2300,216253.32,55302,-100,-13,-67,11,2300,203,-13,-100,-63,2300,386,-17,-104,-78,2300,202,-20,-109,-78,2300,281,-20,-110,-77,
260,38.91561115,-95.3177438,2025/Sep/04,17:55:41,311,480,203,2300,216253.32,55302,-101,-13,-67,11,2300,203,-13,-102,-68,2300,386,-17,-105,-80,2300,202,-20,-111,-80,
260,38.91561115,-95.31774381666666,2025/Sep/04,17:55:42,311,480,203,2300,216253.32,55302,-101,-12,-68,12,2300,203,-12,-101,-69,2300,386,-15,-105,-82,2300,202,-20,-110,-82,
260,38.91561111666667,-95.3177438,2025/Sep/04,17:55:43,311,480,203,2300,216253.32,55302,-100,-12,-67,12,2300,203,-12,-101,-68,2300,386,-17,-108,-81,2300,202,-20,-111,-81,2300,332,-20,-109,-80,
260,38.91561106666666,-95.31774385,2025/Sep/04,17:55:46,311,480,203,2300,216253.32,55302,-101,-14,-67,12,2300,203,-14,-101,-64,2300,386,-20,-114,-80,2300,202,-20,-110,-80,
260,38.9156111,-95.3177439,2025/Sep/04,17:55:48,311,480,203,2300,216253.32,55302,-101,-13,-64,12,2300,203,-14,-101,-64,2300,386,-20,-109,-78,2300,202,-20,-111,-78,
260,38.91561108333333,-95.3177439,2025/Sep/04,17:55:49,311,480,203,2300,216253.32,55302,-101,-13,-67,11,2300,203,-13,-101,-65,2300,386,-18,-107,-82,2300,202,-20,-112,-82,2300,332,-19,-108,-82,
260,38.91561111666667,-95.31774388333334,2025/Sep/04,17:55:50,311,480,203,2300,216253.32,55302,-100,-14,-64,12,2300,203,-14,-101,-67,2300,386,-20,-110,-81,2300,202,-20,-111,-81,2300,332,-20,-109,-81,
260,38.91561108333333,-95.31774388333334,2025/Sep/04,17:55:51,311,480,203,2300,216253.32,55302,-100,-12,-70,12,2300,203,-12,-101,-68,2300,386,-18,-108,-81,2300,202,-20,-111,-82,2300,332,-19,-109,-82,2300,497,-20,-119,-82,
260,38.91561106666666,-95.31774386666666,2025/Sep/04,17:55:52,311,480,203,2300,216253.32,55302,-101,-13,-67,12,2300,203,-13,-101,-67,2300,386,-20,-110,-81,2300,202,-20,-110,-81,
260,38.91561105,-95.31774386666666,2025/Sep/04,17:55:53,311,480,203,2300,216253.32,55302,-101,-13,-69,12,2300,203,-13,-101,-69,2300,386,-19,-108,-80,2300,202,-20,-111,-80,
260,38.91561105,-95.31774386666666,2025/Sep/04,17:55:54,311,480,203,2300,216253.32,55302,-101,-12,-69,12,2300,203,-12,-101,-69,2300,386,-20,-109,-80,2300,202,-20,-112,-80,
260,38.91561105,-95.31774388333334,2025/Sep/04,17:55:55,311,480,203,2300,216253.32,55302,-102,-13,-69,11,2300,203,-13,-102,-68,2300,386,-17,-107,-82,2300,202,-20,-111,-82,
260,38.91561108333333,-95.31774385,2025/Sep/04,17:55:56,311,480,203,2300,216253.32,55302,-101,-12,-68,11,2300,203,-12,-101,-68,2300,386,-16,-107,-82,2300,202,-20,-112,-82,
260,38.91561106666666,-95.31774385,2025/Sep/04,17:55:57,311,480,203,2300,216253.32,55302,-100,-12,-68,13,2300,203,-11,-99,-69,2300,386,-20,-114,-80,2300,202,-20,-109,-80,
260,38.91561106666666,-95.31774383333334,2025/Sep/04,17:55:59,311,480,203,2300,216253.32,55302,-101,-12,-69,13,2300,203,-12,-101,-68,2300,386,-19,-109,-81,2300,202,-20,-111,-80,
260,38.915611033333334,-95.31774383333334,2025/Sep/04,17:56:00,311,480,203,2300,216253.32,55302,-101,-11,-69,12,2300,203,-11,-101,-70,2300,386,-20,-111,-81,2300,202,-20,-112,-82,
260,38.91561105,-95.31774386666666,2025/Sep/04,17:56:01,311,480,203,2300,216253.32,55302,-101,-12,-70,12,2300,203,-12,-101,-70,2300,386,-19,-109,-82,2300,202,-20,-111,-82,
260,38.915611033333334,-95.31774385,2025/Sep/04,17:56:02,311,480,203,2300,216253.32,55302,-102,-12,-68,11,2300,203,-12,-102,-69,2300,386,-15,-105,-82,2300,202,-20,-111,-82,
260,38.91561105,-95.31774385,2025/Sep/04,17:56:03,311,480,203,2300,216253.32,55302,-102,-13,-66,11,2300,203,-13,-102,-69,2300,386,-16,-106,-80,2300,202,-20,-110,-81,
260,38.915611033333334,-95.31774388333334,2025/Sep/04,17:56:04,311,480,203,2300,216253.32,55302,-101,-15,-63,12,2300,203,-15,-101,-65,2300,386,-20,-107,-79,2300,202,-20,-112,-79,
260,38.915611016666666,-95.31774385,2025/Sep/04,17:56:05,311,480,203,2300,216253.32,55302,-104,-13,-70,11,2300,203,-13,-104,-70,2300,386,-14,-104,-83,2300,202,-20,-110,-83,
260,38.915611016666666,-95.31774385,2025/Sep/04,17:56:06,311,480,203,2300,216253.32,55302,-106,-14,-72,9,2300,203,-14,-107,-73,2300,386,-14,-106,-85,2300,332,-16,-109,-86,2300,170,-20,-118,-85,
260,38.915611016666666,-95.31774385,2025/Sep/04,17:56:07,311,480,203,2300,216253.32,55302,-101,-13,-68,12,2300,203,-13,-101,-68,2300,386,-14,-104,-80,2300,202,-20,-110,-80,
260,38.915611016666666,-95.31774388333334,2025/Sep/04,17:56:08,311,480,203,2300,216253.32,55302,-102,-13,-69,11,2300,203,-12,-101,-68,2300,386,-15,-106,-82,2300,202,-20,-110,-82,
260,38.915611016666666,-95.31774393333333,2025/Sep/04,17:56:09,311,480,203,2300,216253.32,55302,-105,-14,-67,10,2300,203,-15,-105,-67,2300,386,-17,-108,-82,2300,202,-20,-117,-82,2300,170,-20,-114,-82,2300,281,-20,-111,-82,
260,38.915611,-95.317744,2025/Sep/04,17:56:11,311,480,203,2300,216253.32,55302,-101,-15,-67,12,2300,203,-13,-100,-67,2300,386,-20,-110,-79,2300,202,-20,-109,-79,2300,170,-20,-116,-80,
260,38.91561105,-95.31774408333334,2025/Sep/04,17:56:14,311,480,203,2300,216253.32,55302,-100,-13,-67,12,2300,203,-13,-100,-67,2300,386,-20,-111,-79,2300,202,-20,-108,-79,
260,38.91561105,-95.31774411666666,2025/Sep/04,17:56:15,311,480,203,2300,216253.32,55302,-101,-14,-66,12,2300,203,-14,-101,-67,2300,386,-20,-110,-80,2300,202,-20,-110,-80,2300,170,-20,-115,-80,
260,38.915611033333334,-95.31774413333333,2025/Sep/04,17:56:16,311,480,203,2300,216253.32,55302,-103,-14,-67,11,2300,203,-14,-103,-66,2300,386,-15,-108,-84,2300,202,-20,-115,-84,2300,281,-18,-110,-84,
260,38.91561105,-95.31774411666666,2025/Sep/04,17:56:17,311,480,203,2300,216253.32,55302,-101,-14,-64,11,2300,203,-14,-101,-65,2300,386,-18,-106,-79,2300,202,-20,-111,-79,
260,38.91561108333333,-95.31774418333333,2025/Sep/04,17:56:18,311,480,203,2300,216253.32,55302,-101,-12,-68,11,2300,203,-13,-101,-68,2300,386,-18,-108,-81,2300,202,-20,-111,-81,
260,38.91561111666667,-95.31774421666667,2025/Sep/04,17:56:19,311,480,203,2300,216253.32,55302,-102,-13,-70,11,2300,203,-14,-103,-65,2300,386,-15,-106,-83,2300,202,-20,-115,-82,2300,281,-19,-109,-83,2300,332,-17,-108,-83,
260,38.91561108333333,-95.31774423333333,2025/Sep/04,17:56:20,311,480,203,2300,216253.32,55302,-103,-14,-65,11,2300,203,-14,-103,-68,2300,386,-14,-104,-80,2300,202,-20,-112,-81,2300,281,-19,-109,-80,2300,332,-20,-111,-80,2300,110,-20,-118,-81,
260,38.91561105,-95.31774426666666,2025/Sep/04,17:56:21,311,480,203,2300,216253.32,55302,-102,-16,-66,11,2300,203,-15,-102,-64,2300,386,-18,-106,-79,2300,202,-20,-114,-79,
260,38.9156111,-95.31774436666667,2025/Sep/04,17:56:23,311,480,203,2300,216253.32,55302,-102,-12,-69,11,2300,203,-13,-102,-70,2300,386,-16,-107,-82,2300,202,-20,-114,-83,
260,38.915611133333336,-95.31774438333333,2025/Sep/04,17:56:24,311,480,203,2300,216253.32,55302,-103,-13,-70,10,2300,203,-13,-103,-70,2300,386,-14,-105,-83,2300,202,-20,-112,-83,2300,332,-18,-109,-83,
260,38.915611133333336,-95.31774441666667,2025/Sep/04,17:56:25,311,480,203,2300,216253.32,55302,-106,-15,-71,9,2300,203,-15,-106,-71,2300,386,-13,-105,-83,2300,202,-20,-116,-83,2300,61,-20,-121,-80,2300,281,-17,-109,-83,
260,38.91561108333333,-95.31774441666667,2025/Sep/04,17:56:27,311,480,203,2300,216253.32,55302,-107,-17,-68,9,2300,203,-17,-107,-70,2300,386,-13,-105,-84,2300,202,-20,-120,-84,
260,38.915611033333334,-95.31774446666667,2025/Sep/04,17:56:28,311,480,203,2300,216253.32,55302,-105,-14,-70,9,2300,203,-14,-105,-71,2300,386,-13,-105,-85,2300,202,-20,-117,-85,2300,332,-19,-112,-85,2300,212,-20,-118,-85,
260,38.91561105,-95.31774448333333,2025/Sep/04,17:56:29,311,480,203,2300,216253.32,55302,-107,-14,-72,8,2300,203,-14,-107,-71,2300,386,-12,-105,-84,2300,202,-20,-119,-84,
260,38.915611133333336,-95.31774448333333,2025/Sep/04,17:56:30,311,480,203,2300,216253.32,55302,-105,-15,-69,10,2300,203,-15,-105,-69,2300,386,-14,-105,-80,2300,212,-20,-118,-81,2300,170,-20,-115,-80,2300,202,-20,-112,-80,
260,38.915611133333336,-95.31774455,2025/Sep/04,17:56:31,311,480,203,2300,216253.32,55302,-104,-13,-71,11,2300,203,-12,-104,-71,2300,386,-14,-105,-83,2300,202,-20,-112,-83,
260,38.91561115,-95.31774461666667,2025/Sep/04,17:56:32,311,480,203,2300,216253.32,55302,-102,-12,-70,11,2300,203,-12,-102,-67,2300,386,-16,-107,-83,2300,202,-20,-112,-82,
260,38.915611133333336,-95.31774468333333,2025/Sep/04,17:56:33,311,480,203,2300,216253.32,55302,-104,-16,-66,10,2300,203,-16,-105,-66,2300,386,-16,-107,-82,2300,202,-20,-116,-81,2300,332,-20,-110,-81,
260,38.915611133333336,-95.31774471666667,2025/Sep/04,17:56:34,311,480,203,2300,216253.32,55302,-106,-16,-72,9,2300,203,-15,-106,-70,2300,386,-13,-106,-84,2300,202,-20,-116,-84,2300,335,-20,-122,-86,
260,38.915611133333336,-95.31774471666667,2025/Sep/04,17:56:35,311,480,203,2300,216253.32,55302,-108,-15,-72,9,2300,203,-15,-108,-73,2300,386,-14,-108,-86,2300,212,-20,-121,-85,
260,38.915611166666665,-95.31774471666667,2025/Sep/04,17:56:36,311,480,203,2300,216253.32,55302,-107,-15,-72,10,2300,203,-15,-107,-71,2300,386,-15,-108,-82,2300,212,-20,-119,-83,2300,110,-20,-118,-82,2300,170,-20,-114,-83,
260,38.9156112,-95.31774481666666,2025/Sep/04,17:56:37,311,480,203,2300,216253.32,55302,-106,-17,-68,11,2300,203,-16,-105,-71,2300,386,-15,-106,-84,2300,202,-20,-116,-83,2300,110,-20,-118,-83,2300,212,-20,-119,-83,
260,38.91561121666667,-95.31774481666666,2025/Sep/04,17:56:38,311,480,203,2300,216253.32,55302,-105,-12,-71,10,2300,203,-13,-105,-71,2300,386,-16,-109,-85,2300,202,-20,-113,-85,2300,110,-20,-118,-85,2300,6,-20,-118,-85,2300,170,-20,-114,-86,
260,38.91561121666667,-95.31774481666666,2025/Sep/04,17:56:39,311,480,203,2300,216253.32,55302,-104,-16,-70,10,2300,203,-13,-103,-69,2300,386,-15,-106,-82,2300,110,-20,-120,-83,2300,202,-20,-113,-83,2300,170,-20,-117,-83,2300,281,-20,-114,-83,
260,38.91561121666667,-95.31774485,2025/Sep/04,17:56:42,311,480,203,2300,216253.32,55302,-103,-13,-70,11,2300,203,-13,-103,-71,2300,386,-13,-105,-84,2300,110,-20,-118,-84,2300,202,-20,-113,-84,2300,170,-20,-118,-84,
260,38.91561121666667,-95.31774483333334,2025/Sep/04,17:56:43,311,480,203,2300,216253.32,55302,-103,-15,-67,12,2300,203,-15,-104,-66,2300,386,-17,-108,-82,2300,110,-20,-118,-83,2300,202,-20,-112,-83,2300,170,-20,-115,-82,2300,281,-20,-111,-82,2300,50,-20,-118,-82,
260,38.91561123333334,-95.31774485,2025/Sep/04,17:56:44,311,480,203,2300,216253.32,55302,-103,-16,-69,11,2300,203,-14,-103,-70,2300,386,-17,-108,-84,2300,202,-20,-112,-84,2300,170,-20,-118,-84,
260,38.91561125,-95.31774481666666,2025/Sep/04,17:56:46,311,480,203,2300,216253.32,55302,-103,-13,-68,12,2300,203,-12,-103,-68,2300,386,-17,-109,-83,2300,202,-20,-112,-83,
260,38.91561125,-95.31774483333334,2025/Sep/04,17:56:47,311,480,203,2300,216253.32,55302,-103,-12,-70,12,2300,203,-12,-103,-69,2300,386,-17,-109,-82,2300,202,-19,-111,-82,2300,170,-20,-117,-82,
260,38.915611283333334,-95.31774485,2025/Sep/04,17:56:48,311,480,203,2300,216253.32,55302,-102,-15,-65,12,2300,203,-15,-102,-66,2300,386,-18,-108,-81,
260,38.915611266666666,-95.31774483333334,2025/Sep/04,17:56:49,311,480,203,2300,216253.32,55302,-103,-14,-69,10,2300,203,-14,-103,-69,2300,386,-14,-106,-82,2300,332,-17,-109,-82,2300,281,-20,-111,-82,2300,110,-20,-120,-82,
260,38.91561125,-95.3177448,2025/Sep/04,17:56:50,311,480,203,2300,216253.32,55302,-104,-13,-67,10,2300,203,-13,-104,-71,2300,386,-16,-109,-84,2300,332,-16,-108,-84,2300,281,-16,-109,-84,2300,202,-20,-114,-84,
260,38.915611283333334,-95.31774481666666,2025/Sep/04,17:56:51,311,480,203,2300,216253.32,55302,-103,-14,-67,10,2300,203,-14,-103,-70,2300,386,-14,-105,-83,2300,332,-18,-109,-83,2300,202,-20,-114,-83,
260,38.9156113,-95.31774481666666,2025/Sep/04,17:56:52,311,480,203,2300,216253.32,55302,-103,-13,-65,11,2300,203,-13,-102,-69,2300,386,-14,-105,-82,2300,202,-20,-112,-82,2300,110,-20,-121,-83,
260,38.91561131666667,-95.31774481666666,2025/Sep/04,17:56:53,311,480,203,2300,216253.32,55302,-102,-12,-69,11,2300,203,-12,-102,-70,2300,386,-15,-105,-82,2300,202,-19,-110,-82,2300,281,-18,-110,-82,
260,38.9156113,-95.31774481666666,2025/Sep/04,17:56:54,311,480,203,2300,216253.32,55302,-103,-13,-70,11,2300,203,-13,-102,-65,2300,386,-17,-107,-81,2300,202,-20,-113,-81,
260,38.9156113,-95.31774481666666,2025/Sep/04,17:56:55,311,480,203,2300,216253.32,55302,-102,-13,-67,11,2300,203,-13,-102,-68,2300,386,-15,-106,-81,2300,202,-20,-113,-81,
260,38.91561133333333,-95.31774486666667,2025/Sep/04,17:56:56,311,480,203,2300,216253.32,55302,-102,-13,-68,10,2300,203,-13,-102,-69,2300,386,-15,-105,-82,2300,202,-20,-111,-83,2300,332,-19,-110,-82,
260,38.91561136666667,-95.3177449,2025/Sep/04,17:56:58,311,480,203,2300,216253.32,55302,-102,-13,-68,11,2300,203,-13,-102,-68,2300,386,-15,-105,-81,2300,202,-20,-112,-80,2300,332,-19,-109,-81,
260,38.915611383333335,-95.3177449,2025/Sep/04,17:56:59,311,480,203,2300,216253.32,55302,-102,-13,-65,11,2300,203,-13,-101,-66,2300,386,-16,-105,-80,2300,202,-20,-112,-79,
260,38.91561136666667,-95.31774491666667,2025/Sep/04,17:57:00,311,480,203,2300,216253.32,55302,-102,-14,-66,11,2300,203,-14,-102,-64,2300,386,-16,-105,-81,2300,202,-20,-112,-81,2300,170,-20,-117,-82,
260,38.9156114,-95.31774491666667,2025/Sep/04,17:57:01,311,480,203,2300,216253.32,55302,-102,-12,-68,11,2300,203,-12,-102,-68,2300,386,-18,-108,-82,2300,202,-20,-110,-81,2300,170,-20,-119,-82,
260,38.915607933333334,-95.31774091666666,2025/Sep/04,17:57:02,311,480,203,2300,216253.32,55302,-100,-12,-67,11,2300,203,-12,-100,-66,2300,386,-17,-106,-80,2300,202,-20,-109,-80,2300,6,-20,-118,-80,
260,38.915606233333335,-95.31773813333334,2025/Sep/04,17:57:03,311,480,203,2300,216253.32,55302,-97,-16,-60,11,2300,203,-16,-97,-60,2300,386,-16,-98,-75,2300,202,-20,-107,-74,2300,212,-20,-110,-74,
260,38.915606116666666,-95.31773825,2025/Sep/04,17:57:04,311,480,203,2300,216253.32,55302,-97,-16,-60,8,2300,203,-16,-97,-60,2300,386,-14,-96,-72,2300,202,-20,-106,-72,2300,110,-18,-102,-72,2300,281,-20,-102,-72,
260,38.91560535,-95.31773871666667,2025/Sep/04,17:57:05,311,480,203,2300,216253.32,55302,-98,-17,-60,7,2300,203,-18,-98,-61,2300,386,-11,-93,-73,2300,281,-20,-102,-73,2300,332,-19,-101,-73,2300,212,-20,-107,-72,2300,202,-20,-108,-73,
260,38.915606133333334,-95.31774035,2025/Sep/04,17:57:06,311,480,386,2300,216150.32,55302,-95,-15,-57,10,2300,203,-19,-100,-72,2300,386,-16,-96,-58,2300,110,-20,-106,-73,2300,332,-20,-107,-73,2300,202,-20,-105,-73,
260,38.91561073333333,-95.31773938333333,2025/Sep/04,17:57:07,311,480,386,2300,216150.32,55302,-98,-16,-62,9,2300,203,-20,-104,-76,2300,386,-15,-99,-63,2300,332,-18,-102,-76,2300,110,-18,-102,-76,
250,38.9156559,-95.3176988,2025/Sep/04,17:57:12,311,480,386,2300,216150.32,55302,-98,-16,-59,10,2300,203,-20,-109,-73,2300,386,-16,-97,-59,2300,332,-15,-100,-74,2300,281,-20,-107,-73,2300,110,-20,-111,-73,
250,38.915665233333335,-95.31769218333334,2025/Sep/04,17:57:13,311,480,386,2300,216150.32,55302,-103,-18,-65,9,2300,203,-20,-108,-78,2300,386,-18,-103,-64,2300,332,-15,-102,-78,2300,110,-20,-108,-78,2300,281,-20,-111,-78,
250,38.915677083333335,-95.31769121666666,2025/Sep/04,17:57:14,311,480,386,2300,216150.32,55302,-103,-18,-65,8,2300,203,-20,-107,-78,2300,386,-17,-103,-64,2300,332,-16,-104,-78,2300,110,-20,-108,-78,2300,281,-18,-105,-78,
250,38.915685833333335,-95.3176949,2025/Sep/04,17:57:15,311,480,386,2300,216150.32,55302,-99,-15,-65,10,2300,203,-19,-106,-79,2300,386,-14,-99,-65,2300,281,-15,-103,-78,2300,110,-18,-105,-79,2300,332,-16,-104,-78,
250,38.915692283333335,-95.31770041666667,2025/Sep/04,17:57:16,311,480,386,2300,216150.32,55302,-99,-14,-65,10,2300,203,-16,-104,-79,2300,386,-14,-101,-68,2300,281,-18,-105,-79,2300,110,-17,-104,-79,2300,332,-15,-103,-79,2300,202,-18,-104,-79,
250,38.91570118333333,-95.31770745,2025/Sep/04,17:57:17,311,480,386,2300,216150.32,55302,-100,-15,-67,11,2300,332,-13,-101,-76,2300,386,-16,-100,-62,2300,281,-17,-105,-76,
250,38.9157103,-95.31771393333334,2025/Sep/04,17:57:18,311,480,386,2300,216150.32,55302,-101,-15,-67,10,2300,332,-13,-100,-79,2300,386,-14,-101,-67,2300,203,-18,-105,-79,
250,38.915718033333334,-95.31771883333333,2025/Sep/04,17:57:19,311,480,386,2300,216150.32,55302,-100,-15,-65,11,2300,332,-14,-100,-76,2300,386,-16,-100,-63,2300,203,-20,-107,-76,
250,38.91572156666667,-95.31771995,2025/Sep/04,17:57:20,311,480,386,2300,216150.32,55302,-102,-15,-66,9,2300,332,-14,-101,-79,2300,386,-15,-102,-66,2300,203,-18,-106,-79,2300,281,-18,-104,-79,
250,38.915721366666666,-95.31771886666667,2025/Sep/04,17:57:21,311,480,386,2300,216150.32,55302,-104,-16,-68,7,2300,332,-20,-108,-79,2300,386,-17,-104,-68,2300,203,-13,-100,-78,2300,281,-19,-108,-79,2300,202,-20,-108,-79,
250,38.915722,-95.3177186,2025/Sep/04,17:57:22,65535,65535,203,-1,16777215.255,65535,-98,-11,-63,11,2300,281,-20,-110,-76,2300,386,-20,-106,-76,2300,203,-13,-98,-61,2300,202,-20,-107,-76,2300,361,-20,-114,-75,
250,38.91572248333333,-95.317719,2025/Sep/04,17:57:23,311,480,203,2300,216253.32,55302,-99,-15,-61,9,2300,281,-17,-103,-78,2300,386,-18,-105,-79,2300,203,-15,-100,-65,2300,332,-18,-104,-78,2300,170,-20,-108,-78,
250,38.915723783333334,-95.31771728333334,2025/Sep/04,17:57:24,311,480,203,2300,216253.32,55302,-101,-14,-66,8,2300,202,-20,-109,-79,2300,386,-15,-101,-79,2300,203,-15,-101,-66,2300,110,-17,-104,-79,2300,281,-18,-105,-79,2300,212,-20,-109,-79,
250,38.9157265,-95.31771085,2025/Sep/04,17:57:25,311,480,203,2300,216253.32,55302,-101,-16,-64,7,2300,332,-17,-102,-77,2300,386,-14,-100,-77,2300,203,-16,-101,-62,2300,202,-20,-109,-77,2300,281,-19,-104,-78,2300,110,-20,-108,-77,
250,38.91572735,-95.31770016666667,2025/Sep/04,17:57:26,311,480,203,2300,216253.32,55302,-103,-18,-64,7,2300,332,-17,-102,-77,2300,386,-14,-100,-77,2300,203,-18,-103,-64,2300,202,-20,-110,-77,2300,110,-16,-103,-77,
260,38.9157277,-95.31768675000001,2025/Sep/04,17:57:27,311,480,203,2300,216253.32,55302,-103,-18,-65,6,2300,332,-15,-100,-76,2300,386,-16,-100,-76,2300,203,-18,-103,-65,2300,202,-16,-101,-76,2300,110,-16,-100,-76,
250,38.9157279,-95.31767375,2025/Sep/04,17:57:28,311,480,203,2300,216253.32,55302,-101,-18,-60,8,2300,332,-18,-101,-74,2300,386,-16,-99,-74,2300,203,-19,-101,-60,2300,202,-20,-109,-74,2300,212,-20,-111,-74,2300,110,-20,-104,-74,
250,38.915726766666666,-95.3176599,2025/Sep/04,17:57:29,311,480,203,2300,216253.32,55302,-103,-20,-63,8,2300,332,-14,-98,-76,2300,386,-20,-104,-76,2300,203,-20,-103,-63,2300,202,-20,-111,-76,2300,110,-18,-103,-76,
250,38.91572523333333,-95.31764568333334,2025/Sep/04,17:57:30,311,480,332,2300,220252.32,55302,-96,-14,-61,11,2300,332,-14,-96,-62,2300,386,-18,-100,-73,2300,203,-16,-99,-73,2300,281,-18,-100,-74,2300,110,-17,-101,-73,
250,38.915725216666665,-95.31763226666666,2025/Sep/04,17:57:31,311,480,332,2300,220252.32,55302,-98,-14,-64,10,2300,332,-15,-99,-63,2300,110,-16,-103,-76,2300,203,-16,-101,-76,2300,202,-20,-111,-76,
250,38.91572601666667,-95.31761633333333,2025/Sep/04,17:57:32,311,480,203,2300,216253.32,55302,-102,-16,-65,7,2300,202,-20,-107,-77,2300,110,-18,-104,-77,2300,203,-19,-104,-65,2300,332,-18,-103,-77,
250,38.915728916666666,-95.31758586666666,2025/Sep/04,17:57:34,311,480,203,2300,216253.32,55302,-107,-20,-64,5,2300,170,-18,-103,-75,2300,110,-17,-102,-77,2300,203,-20,-106,-65,2300,332,-16,-101,-75,2300,386,-16,-101,-75,2300,202,-20,-109,-77,
250,38.915729633333335,-95.31757006666666,2025/Sep/04,17:57:35,311,480,203,2300,216253.32,55302,-103,-20,-63,5,2300,170,-20,-104,-75,2300,202,-20,-110,-75,2300,203,-20,-104,-62,2300,332,-14,-98,-75,2300,281,-20,-104,-74,
250,38.91573075,-95.31755486666667,2025/Sep/04,17:57:36,5230,386,-11,-89,-60,
250,38.91573133333333,-95.31753948333333,2025/Sep/04,17:57:37,311,480,386,5230,216150.3,55302,-91,-15,-60,10,5230,386,-16,-90,-54,5230,203,-17,-92,-68,5230,212,-20,-104,-68,
250,38.91573135,-95.31749156666666,2025/Sep/04,17:57:40,311,480,386,5230,216150.3,55302,-90,-17,-56,9,5230,386,-16,-90,-60,5230,203,-17,-93,-69,5230,212,-20,-104,-69,5230,110,-20,-99,-69,
250,38.91573115,-95.31747508333333,2025/Sep/04,17:57:41,311,480,386,5230,216150.3,55302,-88,-15,-55,10,5230,386,-15,-88,-55,5230,203,-16,-91,-65,5230,212,-20,-101,-65,5230,110,-20,-100,-65,
250,38.91573116666667,-95.3174638,2025/Sep/04,17:57:42,311,480,386,5230,216150.3,55302,-90,-14,-60,9,5230,386,-15,-90,-55,5230,203,-13,-89,-67,
250,38.91573221666667,-95.31745031666667,2025/Sep/04,17:57:43,311,480,386,5230,216150.3,55302,-90,-16,-60,9,5230,386,-15,-90,-61,5230,203,-15,-90,-70,5230,212,-20,-105,-70,
250,38.915731683333334,-95.31743558333334,2025/Sep/04,17:57:44,311,480,386,5230,216150.3,55302,-95,-14,-63,10,5230,386,-13,-95,-64,5230,203,-11,-92,-73,5230,202,-20,-102,-73,5230,110,-15,-97,-73,5230,212,-20,-110,-73,
250,38.91571846666667,-95.31739986666666,2025/Sep/04,17:57:46,311,480,386,5230,216150.3,55302,-100,-18,-65,8,5230,386,-18,-101,-66,5230,203,-16,-99,-76,5230,212,-20,-112,-76,
250,38.915715866666666,-95.31739206666667,2025/Sep/04,17:57:47,65535,65535,203,-1,16777215.255,65535,-99,-13,-68,10,5230,386,-16,-105,-78,5230,203,-12,-98,-69,5230,212,-20,-116,-78,5230,202,-20,-107,-78,
250,38.91571426666667,-95.31738595,2025/Sep/04,17:57:48,311,480,203,2300,216253.32,55302,-99,-10,-69,12,2300,203,-10,-99,-69,2300,386,-13,-103,-79,2300,202,-17,-105,-79,
250,38.91571678333333,-95.31738726666667,2025/Sep/04,17:57:49,311,480,203,2300,216253.32,55302,-104,-13,-71,8,2300,203,-15,-107,-74,2300,386,-14,-107,-83,2300,202,-20,-116,-83,
250,38.91572386666667,-95.31740151666666,2025/Sep/04,17:57:50,311,480,203,2300,216253.32,55302,-105,-15,-71,10,2300,203,-14,-105,-71,2300,386,-13,-104,-84,2300,202,-20,-111,-84,
250,38.9157278,-95.31740783333333,2025/Sep/04,17:57:51,311,480,203,2300,216253.32,55302,-106,-14,-72,10,2300,203,-14,-106,-69,2300,386,-14,-106,-82,2300,202,-19,-112,-82,
250,38.915730483333334,-95.31741248333333,2025/Sep/04,17:57:52,311,480,203,2300,216253.32,55302,-102,-15,-64,10,2300,203,-15,-103,-66,2300,386,-16,-105,-81,2300,202,-20,-110,-81,
250,38.91573105,-95.31741406666667,2025/Sep/04,17:57:53,311,480,203,2300,216253.32,55302,-111,-18,-73,10,2300,203,-18,-111,-74,2300,386,-12,-109,-86,2300,202,-20,-114,-85,
250,38.91573155,-95.31741626666667,2025/Sep/04,17:57:54,311,480,203,2300,216253.32,55302,-108,-15,-74,8,2300,203,-14,-108,-75,2300,386,-13,-109,-86,2300,202,-20,-115,-86,
250,38.91573111666666,-95.3174169,2025/Sep/04,17:57:55,311,480,203,2300,216253.32,55302,-105,-13,-71,10,2300,203,-13,-106,-72,2300,386,-14,-108,-85,2300,202,-18,-111,-85,
250,38.91572885,-95.31741775,2025/Sep/04,17:57:57,311,480,203,2300,216253.32,55302,-107,-13,-73,11,2300,203,-13,-107,-73,2300,386,-14,-108,-86,2300,202,-18,-112,-87,
250,38.915728783333336,-95.31741763333333,2025/Sep/04,17:57:58,311,480,203,2300,216253.32,55302,-109,-15,-75,8,2300,203,-17,-111,-69,2300,386,-15,-111,-87,2300,202,-20,-117,-87,2300,332,-20,-122,-87,
250,38.915729133333336,-95.3174177,2025/Sep/04,17:57:59,311,480,203,2300,216253.32,55302,-114,-19,-74,9,2300,203,-19,-113,-73,2300,386,-14,-109,-86,2300,202,-20,-117,-86,
250,38.91572948333334,-95.31741761666666,2025/Sep/04,17:58:00,311,480,203,2300,216253.32,55302,-113,-16,-73,9,2300,203,-16,-113,-73,2300,386,-11,-111,-90,
250,38.91572943333333,-95.3174174,2025/Sep/04,17:58:01,311,480,203,2300,216253.32,55302,-107,-16,-66,9,2300,203,-17,-108,-69,2300,386,-16,-107,-82,2300,202,-20,-113,-83,
250,38.915729416666665,-95.31741723333333,2025/Sep/04,17:58:02,311,480,203,2300,216253.32,55302,-110,-20,-68,7,2300,203,-20,-112,-69,2300,386,-14,-105,-82,
250,38.9157295,-95.31741723333333,2025/Sep/04,17:58:03,311,480,386,2300,216150.32,55302,-107,-15,-69,11,2300,203,-16,-108,-83,2300,386,-15,-107,-71,2300,212,-20,-114,-83,
250,38.91572923333333,-95.31741688333334,2025/Sep/04,17:58:04,311,480,386,2300,216150.32,55302,-104,-14,-71,11,2300,203,-16,-110,-86,2300,386,-13,-105,-75,
250,38.9157291,-95.31741668333333,2025/Sep/04,17:58:05,311,480,386,2300,216150.32,55302,-105,-14,-70,9,2300,203,-15,-108,-85,2300,386,-13,-105,-73,2300,212,-20,-120,-86,
250,38.91572896666667,-95.3174165,2025/Sep/04,17:58:08,311,480,386,2300,216150.32,55302,-107,-14,-73,11,2300,203,-17,-110,-86,2300,386,-14,-107,-73,2300,212,-20,-122,-86,
250,38.91572895,-95.31741648333333,2025/Sep/04,17:58:09,311,480,386,2300,216150.32,55302,-107,-13,-74,11,2300,203,-15,-110,-87,2300,386,-13,-106,-75,2300,212,-20,-122,-87,
250,38.91572895,-95.31741646666667,2025/Sep/04,17:58:10,311,480,386,2300,216150.32,55302,-106,-14,-72,11,2300,203,-15,-108,-84,2300,386,-12,-106,-73,2300,212,-20,-123,-84,
250,38.91572895,-95.31741645,2025/Sep/04,17:58:11,311,480,386,2300,216150.32,55302,-106,-15,-69,10,2300,203,-14,-106,-82,2300,386,-16,-106,-69,2300,202,-20,-113,-82,
250,38.91572895,-95.31741645,2025/Sep/04,17:58:12,311,480,386,2300,216150.32,55302,-106,-16,-73,11,2300,203,-12,-106,-84,2300,386,-15,-106,-74,2300,202,-18,-112,-84,
250,38.91572895,-95.31741645,2025/Sep/04,17:58:13,311,480,386,2300,216150.32,55302,-107,-14,-73,10,2300,203,-12,-104,-82,2300,386,-14,-107,-73,2300,202,-17,-109,-83,
250,38.91572895,-95.31741646666667,2025/Sep/04,17:58:14,311,480,386,2300,216150.32,55302,-108,-14,-70,11,2300,203,-13,-109,-88,2300,386,-15,-108,-73,2300,202,-19,-115,-88,2300,212,-20,-123,-87,2300,332,-20,-118,-87,
250,38.91572895,-95.31741648333333,2025/Sep/04,17:58:15,311,480,386,2300,216150.32,55302,-110,-17,-74,8,2300,203,-13,-107,-85,2300,386,-16,-110,-72,2300,202,-19,-113,-85,
250,38.915728933333334,-95.31741648333333,2025/Sep/04,17:58:16,311,480,386,2300,216150.32,55302,-110,-14,-69,11,2300,203,-12,-106,-87,2300,386,-13,-109,-74,2300,202,-18,-112,-86,
250,38.915728933333334,-95.31741648333333,2025/Sep/04,17:58:17,311,480,386,2300,216150.32,55302,-105,-14,-72,9,2300,203,-13,-106,-84,2300,386,-14,-106,-70,2300,202,-17,-111,-84,
250,38.915728933333334,-95.31741648333333,2025/Sep/04,17:58:18,311,480,386,2300,216150.32,55302,-106,-15,-72,11,2300,203,-12,-104,-84,2300,386,-14,-105,-72,2300,202,-17,-110,-84,2300,110,-20,-118,-84,
250,38.915728933333334,-95.31741648333333,2025/Sep/04,17:58:19,311,480,386,2300,216150.32,55302,-105,-12,-71,11,2300,203,-10,-103,-86,2300,386,-12,-108,-71,2300,202,-16,-108,-86,2300,212,-20,-118,-86,2300,332,-20,-124,-86,
250,38.91572895,-95.31741648333333,2025/Sep/04,17:58:21,311,480,386,2300,216150.32,55302,-108,-12,-71,13,2300,203,-13,-106,-85,2300,386,-16,-108,-70,2300,110,-20,-121,-85,2300,202,-20,-112,-85,
250,38.91572895,-95.31741646666667,2025/Sep/04,17:58:22,311,480,386,2300,216150.32,55302,-109,-17,-71,11,2300,203,-14,-106,-82,2300,386,-17,-108,-68,2300,202,-20,-112,-82,2300,110,-20,-121,-82,
250,38.91572896666667,-95.31741646666667,2025/Sep/04,17:58:23,311,480,203,2300,216253.32,55302,-108,-15,-69,9,2300,203,-16,-108,-70,2300,386,-15,-106,-83,2300,202,-20,-112,-82,2300,212,-20,-121,-82,
250,38.91572896666667,-95.31741646666667,2025/Sep/04,17:58:24,311,480,203,2300,216253.32,55302,-107,-17,-67,10,2300,203,-18,-108,-69,2300,386,-16,-107,-82,
250,38.91572896666667,-95.31741646666667,2025/Sep/04,17:58:25,311,480,203,2300,216253.32,55302,-111,-17,-72,9,2300,203,-17,-109,-71,2300,386,-11,-105,-84,2300,202,-20,-118,-84,2300,332,-20,-114,-84,
250,38.91572898333333,-95.31741646666667,2025/Sep/04,17:58:26,311,480,386,2300,216150.32,55302,-107,-14,-73,10,2300,203,-15,-110,-86,2300,386,-13,-108,-74,2300,202,-20,-120,-86,
250,38.91572898333333,-95.31741646666667,2025/Sep/04,17:58:27,311,480,386,2300,216150.32,55302,-107,-15,-69,12,2300,203,-16,-111,-82,2300,386,-16,-106,-69,2300,110,-18,-115,-81,
250,38.915729,-95.31741645,2025/Sep/04,17:58:28,311,480,386,2300,216150.32,55302,-106,-16,-69,10,2300,203,-14,-105,-84,2300,386,-15,-106,-71,
250,38.91572898333333,-95.31741645,2025/Sep/04,17:58:29,311,480,386,2300,216150.32,55302,-108,-15,-72,10,2300,203,-12,-105,-84,2300,386,-15,-108,-72,2300,202,-17,-110,-84,
250,38.915729,-95.31741645,2025/Sep/04,17:58:30,311,480,386,2300,216150.32,55302,-107,-16,-73,9,2300,203,-13,-105,-83,2300,386,-16,-107,-71,2300,202,-19,-111,-83,2300,70,-20,-122,-84,
250,38.91572898333333,-95.31741643333334,2025/Sep/04,17:58:31,311,480,386,2300,216150.32,55302,-112,-16,-77,8,2300,203,-13,-109,-86,2300,386,-14,-110,-75,2300,202,-20,-117,-86,2300,212,-20,-125,-86,
250,38.915729,-95.31741643333334,2025/Sep/04,17:58:33,311,480,386,2300,216150.32,55302,-104,-14,-69,12,2300,203,-15,-109,-84,2300,386,-13,-104,-70,2300,202,-20,-119,-84,
250,38.915729033333335,-95.31741645,2025/Sep/04,17:58:36,311,480,386,2300,216150.32,55302,-104,-13,-70,11,2300,203,-13,-108,-85,2300,386,-13,-104,-70,2300,202,-20,-115,-85,2300,332,-20,-117,-86,
250,38.91572901666667,-95.31741643333334,2025/Sep/04,17:58:37,311,480,386,2300,216150.32,55302,-103,-14,-69,9,2300,203,-17,-106,-79,2300,386,-14,-103,-67,2300,202,-20,-112,-79,
250,38.91572901666667,-95.31741645,2025/Sep/04,17:58:38,311,480,386,2300,216150.32,55302,-101,-17,-65,11,2300,203,-14,-105,-83,2300,386,-16,-103,-69,2300,202,-20,-112,-82,2300,212,-20,-118,-83,
250,38.91572901666667,-95.31741646666667,2025/Sep/04,17:58:39,311,480,386,2300,216150.32,55302,-105,-14,-71,11,2300,203,-14,-107,-85,2300,386,-14,-105,-71,2300,202,-20,-113,-84,
250,38.915729,-95.31741646666667,2025/Sep/04,17:58:40,311,480,386,2300,216150.32,55302,-104,-14,-70,8,2300,203,-13,-104,-81,2300,386,-14,-104,-71,2300,202,-19,-110,-80,
250,38.91572898333333,-95.31741648333333,2025/Sep/04,17:58:41,311,480,386,2300,216150.32,55302,-104,-16,-68,9,2300,203,-15,-105,-80,2300,386,-17,-104,-65,2300,202,-20,-113,-79,
250,38.91572898333333,-95.3174165,2025/Sep/04,17:58:42,311,480,386,2300,216150.32,55302,-102,-16,-67,9,2300,203,-14,-103,-78,2300,386,-15,-103,-69,2300,202,-20,-111,-78,2300,332,-20,-114,-78,
250,38.915729,-95.31741653333333,2025/Sep/04,17:58:44,311,480,386,2300,216150.32,55302,-103,-15,-68,9,2300,203,-18,-106,-78,2300,386,-16,-104,-64,2300,202,-20,-113,-79,
250,38.915729,-95.31741653333333,2025/Sep/04,17:58:45,311,480,386,2300,216150.32,55302,-104,-17,-66,9,2300,203,-18,-107,-83,2300,386,-16,-105,-71,2300,202,-20,-114,-83,
250,38.91572901666667,-95.31741651666667,2025/Sep/04,17:58:46,311,480,386,2300,216150.32,55302,-104,-13,-71,11,2300,203,-15,-106,-83,2300,386,-13,-104,-71,2300,202,-20,-114,-83,
250,38.915729033333335,-95.31741651666667,2025/Sep/04,17:58:47,311,480,386,2300,216150.32,55302,-104,-13,-69,10,2300,203,-13,-106,-84,2300,386,-13,-103,-72,2300,202,-19,-113,-84,2300,212,-20,-120,-83,
250,38.91572905,-95.3174165,2025/Sep/04,17:58:48,311,480,386,2300,216150.32,55302,-104,-15,-71,9,2300,203,-17,-107,-81,2300,386,-15,-104,-70,2300,202,-20,-114,-82,2300,212,-20,-118,-82,
250,38.91572905,-95.3174165,2025/Sep/04,17:58:49,311,480,386,2300,216150.32,55302,-104,-15,-67,7,2300,203,-12,-101,-80,2300,386,-16,-104,-65,2300,202,-19,-107,-80,2300,332,-18,-107,-80,
250,38.91572905,-95.3174165,2025/Sep/04,17:58:50,311,480,386,2300,216150.32,55302,-104,-13,-71,9,2300,203,-13,-104,-82,2300,386,-13,-104,-69,2300,202,-19,-110,-82,
250,38.91572905,-95.31741651666667,2025/Sep/04,17:58:51,311,480,386,2300,216150.32,55302,-103,-15,-71,10,2300,203,-11,-102,-82,2300,386,-15,-104,-69,2300,202,-18,-109,-82,
250,38.91572905,-95.31741651666667,2025/Sep/04,17:58:52,311,480,386,2300,216150.32,55302,-105,-14,-70,9,2300,203,-11,-103,-81,2300,386,-14,-105,-71,2300,202,-17,-109,-82,
250,38.91572905,-95.31741651666667,2025/Sep/04,17:58:53,311,480,386,2300,216150.32,55302,-106,-18,-64,7,2300,203,-12,-104,-84,2300,386,-18,-106,-68,2300,202,-18,-110,-84,
250,38.915729033333335,-95.3174165,2025/Sep/04,17:58:54,311,480,203,2300,216253.32,55302,-105,-15,-70,9,2300,203,-15,-104,-68,2300,386,-14,-103,-80,2300,202,-20,-110,-80,
250,38.9157284,-95.31741618333334,2025/Sep/04,17:58:56,311,480,203,2300,216253.32,55302,-105,-16,-70,9,2300,203,-16,-105,-68,2300,386,-17,-108,-82,2300,332,-20,-110,-82,2300,202,-20,-110,-81,
250,38.915728316666666,-95.31741615,2025/Sep/04,17:58:57,311,480,203,2300,216253.32,55302,-104,-14,-70,10,2300,203,-14,-104,-70,2300,386,-13,-106,-83,2300,332,-18,-110,-84,2300,202,-18,-110,-84,
250,38.91572828333334,-95.31741613333334,2025/Sep/04,17:58:58,311,480,203,2300,216253.32,55302,-105,-14,-69,9,2300,203,-14,-105,-71,2300,386,-14,-105,-82,2300,332,-20,-112,-82,2300,202,-19,-110,-82,
250,38.91572825,-95.31741613333334,2025/Sep/04,17:58:59,311,480,203,2300,216253.32,55302,-105,-15,-70,9,2300,203,-15,-105,-70,2300,386,-16,-107,-83,2300,332,-19,-109,-83,2300,202,-20,-110,-83,
250,38.91572825,-95.31741613333334,2025/Sep/04,17:59:00,311,480,203,2300,216253.32,55302,-105,-14,-67,10,2300,203,-14,-105,-72,2300,386,-13,-107,-84,2300,202,-19,-110,-84,
250,38.91572826666667,-95.31741611666666,2025/Sep/04,17:59:01,311,480,203,2300,216253.32,55302,-107,-18,-67,8,2300,203,-15,-104,-68,2300,386,-13,-102,-82,2300,202,-17,-108,-82,2300,332,-17,-107,-81,2300,6,-18,-112,-82,
250,38.91572826666667,-95.31741611666666,2025/Sep/04,17:59:04,311,480,203,2300,216253.32,55302,-105,-14,-70,10,2300,203,-14,-105,-70,2300,386,-14,-104,-83,2300,202,-20,-111,-83,2300,6,-20,-118,-83,
250,38.91572828333334,-95.31741613333334,2025/Sep/04,17:59:05,311,480,203,2300,216253.32,55302,-105,-17,-68,8,2300,203,-15,-104,-69,2300,386,-14,-103,-82,2300,202,-20,-110,-81,2300,332,-20,-109,-81,
250,38.91572826666667,-95.31741613333334,2025/Sep/04,17:59:07,311,480,203,2300,216253.32,55302,-106,-16,-69,8,2300,203,-18,-107,-69,2300,386,-15,-105,-79,2300,202,-20,-115,-80,
250,38.91572826666667,-95.31741613333334,2025/Sep/04,17:59:08,311,480,203,2300,216253.32,55302,-107,-17,-69,9,2300,203,-16,-106,-67,2300,386,-14,-104,-82,2300,202,-20,-111,-82,
250,38.91572828333334,-95.31741613333334,2025/Sep/04,17:59:09,311,480,203,2300,216253.32,55302,-105,-14,-70,10,2300,203,-14,-106,-70,2300,386,-15,-104,-80,2300,202,-20,-110,-80,
250,38.9157283,-95.31741615,2025/Sep/04,17:59:10,311,480,203,2300,216253.32,55302,-108,-16,-68,7,2300,203,-17,-107,-68,2300,386,-12,-103,-81,2300,202,-20,-114,-81,2300,332,-20,-112,-81,
250,38.9157283,-95.31741615,2025/Sep/04,17:59:11,311,480,203,2300,216253.32,55302,-106,-17,-71,8,2300,203,-16,-106,-71,2300,386,-13,-103,-83,2300,202,-20,-113,-83,2300,332,-20,-112,-83,
250,38.91572828333334,-95.31741611666666,2025/Sep/04,17:59:12,311,480,203,2300,216253.32,55302,-109,-15,-70,8,2300,203,-15,-109,-70,2300,386,-11,-102,-83,2300,202,-19,-112,-83,2300,332,-18,-110,-83,
250,38.9157283,-95.31741608333333,2025/Sep/04,17:59:13,311,480,203,2300,216253.32,55302,-104,-15,-68,7,2300,203,-17,-106,-67,2300,386,-13,-103,-81,2300,332,-20,-112,-81,2300,202,-20,-113,-80,2300,212,-20,-119,-80,2300,110,-20,-118,-81,
250,38.915728316666666,-95.31741608333333,2025/Sep/04,17:59:14,311,480,203,2300,216253.32,55302,-105,-17,-71,10,2300,203,-16,-105,-70,2300,386,-13,-104,-84,2300,332,-20,-114,-83,2300,202,-20,-111,-84,
250,38.915728316666666,-95.3174161,2025/Sep/04,17:59:15,311,480,203,2300,216253.32,55302,-106,-16,-69,9,2300,203,-17,-106,-66,2300,386,-14,-104,-80,2300,202,-20,-111,-80,2300,332,-20,-112,-80,
250,38.91572835,-95.3174161,2025/Sep/04,17:59:16,311,480,203,2300,216253.32,55302,-106,-17,-67,8,2300,203,-17,-105,-67,2300,386,-15,-103,-81,2300,202,-20,-111,-80,2300,212,-20,-118,-81,
250,38.91572835,-95.31741616666666,2025/Sep/04,17:59:19,311,480,203,2300,216253.32,55302,-106,-17,-70,9,2300,203,-17,-106,-68,2300,386,-14,-104,-83,2300,202,-20,-111,-82,2300,212,-20,-119,-82,
250,38.91572835,-95.31741618333334,2025/Sep/04,17:59:20,311,480,203,2300,216253.32,55302,-106,-14,-72,9,2300,203,-14,-106,-72,2300,386,-13,-104,-83,2300,202,-18,-109,-83,2300,212,-20,-114,-83,2300,332,-17,-108,-83,
250,38.91572835,-95.31741616666666,2025/Sep/04,17:59:21,311,480,203,2300,216253.32,55302,-106,-16,-71,8,2300,203,-16,-106,-67,2300,386,-14,-103,-81,2300,202,-20,-111,-81,2300,212,-20,-118,-81,2300,100,-20,-119,-81,
250,38.915728333333334,-95.31741615,2025/Sep/04,17:59:22,311,480,203,2300,216253.32,55302,-106,-18,-67,8,2300,203,-17,-106,-70,2300,386,-14,-103,-82,2300,202,-20,-112,-82,2300,212,-20,-116,-82,
250,38.915728333333334,-95.31741613333334,2025/Sep/04,17:59:23,311,480,203,2300,216253.32,55302,-106,-16,-69,7,2300,203,-16,-106,-69,2300,386,-12,-102,-82,2300,202,-20,-110,-82,2300,212,-20,-114,-82,
250,38.915728333333334,-95.31741613333334,2025/Sep/04,17:59:24,311,480,203,2300,216253.32,55302,-104,-14,-71,9,2300,203,-15,-105,-71,2300,386,-15,-105,-81,2300,202,-20,-111,-81,2300,212,-20,-119,-81,
250,38.91572835,-95.31741613333334,2025/Sep/04,17:59:25,311,480,203,2300,216253.32,55302,-105,-16,-65,9,2300,203,-16,-105,-69,2300,386,-14,-103,-81,2300,212,-20,-117,-81,
250,38.91572836666667,-95.31741613333334,2025/Sep/04,17:59:26,311,480,203,2300,216253.32,55302,-105,-15,-71,8,2300,203,-15,-105,-69,2300,386,-11,-102,-83,2300,212,-20,-116,-81,2300,202,-18,-110,-83,
250,38.91572841666667,-95.31741613333334,2025/Sep/04,17:59:27,311,480,203,2300,216253.32,55302,-105,-14,-71,9,2300,203,-14,-105,-71,2300,386,-14,-105,-82,2300,202,-19,-110,-82,
250,38.91572841666667,-95.31741613333334,2025/Sep/04,17:59:28,311,480,203,2300,216253.32,55302,-106,-17,-68,9,2300,203,-17,-106,-67,2300,386,-16,-104,-80,2300,202,-20,-112,-80,2300,332,-20,-112,-80,
250,38.91572841666667,-95.31741613333334,2025/Sep/04,17:59:29,311,480,203,2300,216253.32,55302,-104,-15,-64,10,2300,203,-17,-108,-73,2300,386,-12,-103,-83,2300,202,-20,-112,-83,
250,38.91572841666667,-95.31741611666666,2025/Sep/04,17:59:32,311,480,203,2300,216253.32,55302,-108,-17,-72,8,2300,203,-17,-108,-71,2300,386,-12,-103,-82,2300,202,-20,-113,-82,
250,38.915728433333335,-95.31741611666666,2025/Sep/04,17:59:34,311,480,203,2300,216253.32,55302,-109,-20,-71,8,2300,203,-20,-110,-68,2300,386,-14,-104,-83,2300,202,-20,-115,-83,2300,212,-20,-119,-82,
250,38.915728466666664,-95.31741611666666,2025/Sep/04,17:59:35,311,480,203,2300,216253.32,55302,-109,-18,-71,8,2300,203,-18,-109,-71,2300,386,-12,-104,-84,2300,202,-20,-116,-83,
250,38.915728466666664,-95.3174161,2025/Sep/04,17:59:36,311,480,386,775,216150.34,55302,-99,-12,-69,16,775,386,-11,-99,-73,775,203,-20,-114,-76,775,104,-20,-115,-77,
250,38.915728466666664,-95.3174161,2025/Sep/04,17:59:37,311,480,386,2300,216150.32,55302,-105,-11,-72,11,2300,386,-11,-105,-72,2300,202,-20,-113,-84,2300,203,-16,-108,-83,
250,38.91572848333333,-95.3174161,2025/Sep/04,17:59:38,311,480,386,2300,216150.32,55302,-104,-12,-70,10,2300,386,-11,-104,-70,2300,202,-20,-111,-83,2300,203,-15,-106,-83,2300,332,-20,-120,-83,
250,38.9157285,-95.31741611666666,2025/Sep/04,17:59:40,311,480,386,2300,216150.32,55302,-105,-12,-73,11,2300,386,-13,-105,-71,2300,202,-20,-113,-83,2300,203,-17,-110,-83,
250,38.91572851666667,-95.3174161,2025/Sep/04,17:59:41,311,480,386,2300,216150.32,55302,-105,-13,-71,9,2300,386,-12,-105,-73,2300,202,-20,-114,-84,2300,203,-16,-108,-84,
250,38.91572855,-95.31741606666667,2025/Sep/04,17:59:42,311,480,386,2300,216150.32,55302,-104,-13,-72,10,2300,386,-14,-105,-70,2300,202,-20,-113,-81,2300,203,-16,-107,-81,
250,38.91572863333333,-95.31741606666667,2025/Sep/04,17:59:44,311,480,386,2300,216150.32,55302,-104,-13,-69,11,2300,386,-13,-104,-73,2300,202,-20,-117,-84,2300,203,-17,-109,-84,
250,38.91572861666667,-95.31741605,2025/Sep/04,17:59:45,311,480,386,2300,216150.32,55302,-105,-15,-68,8,2300,386,-14,-105,-68,2300,202,-20,-112,-83,2300,203,-16,-107,-83,
250,38.91572863333333,-95.31741605,2025/Sep/04,17:59:47,311,480,386,2300,216150.32,55302,-104,-13,-70,10,2300,386,-14,-104,-68,2300,332,-20,-119,-83,2300,203,-16,-108,-83,
250,38.91572863333333,-95.31741605,2025/Sep/04,17:59:49,311,480,386,2300,216150.32,55302,-104,-13,-69,10,2300,386,-13,-104,-69,2300,202,-19,-111,-83,2300,203,-14,-105,-83,
250,38.91572865,-95.31741605,2025/Sep/04,17:59:50,311,480,386,2300,216150.32,55302,-105,-14,-70,10,2300,386,-14,-105,-68,2300,202,-20,-112,-83,2300,203,-15,-106,-83,
250,38.915728666666666,-95.31741605,2025/Sep/04,17:59:52,311,480,386,2300,216150.32,55302,-104,-15,-69,10,2300,386,-15,-105,-72,2300,202,-20,-112,-81,2300,203,-16,-106,-81,
250,38.915728683333334,-95.31741606666667,2025/Sep/04,17:59:53,311,480,386,2300,216150.32,55302,-105,-13,-69,10,2300,386,-12,-105,-71,2300,202,-19,-111,-84,2300,203,-14,-107,-84,
250,38.915728683333334,-95.31741606666667,2025/Sep/04,17:59:54,311,480,386,2300,216150.32,55302,-104,-13,-70,10,2300,386,-13,-104,-71,2300,212,-20,-120,-84,2300,203,-14,-106,-84,2300,202,-20,-111,-84,
250,38.91572871666666,-95.31741601666667,2025/Sep/04,17:59:56,311,480,386,2300,216150.32,55302,-103,-12,-71,10,2300,386,-12,-104,-72,2300,202,-19,-109,-82,2300,203,-14,-106,-82,2300,212,-20,-113,-82,
250,38.91572873333333,-95.31741598333333,2025/Sep/04,17:59:57,311,480,386,2300,216150.32,55302,-103,-13,-71,9,2300,386,-13,-103,-71,2300,202,-20,-111,-84,2300,203,-13,-105,-84,
250,38.91572875,-95.31741598333333,2025/Sep/04,17:59:58,311,480,386,2300,216150.32,55302,-103,-14,-70,10,2300,386,-15,-105,-69,2300,202,-20,-113,-82,2300,203,-17,-106,-83,
250,38.915728683333334,-95.31741591666666,2025/Sep/04,18:00:01,311,480,386,2300,216150.32,55302,-105,-15,-68,10,2300,386,-15,-105,-68,2300,202,-20,-113,-81,2300,203,-16,-106,-81,2300,212,-20,-120,-81,
250,38.9157287,-95.31741593333334,2025/Sep/04,18:00:02,311,480,386,2300,216150.32,55302,-104,-14,-70,8,2300,386,-14,-104,-68,2300,202,-20,-110,-82,2300,203,-15,-105,-82,2300,110,-20,-114,-82,
250,38.9157287,-95.31741593333334,2025/Sep/04,18:00:03,311,480,386,2300,216150.32,55302,-103,-15,-67,9,2300,386,-14,-104,-67,2300,202,-20,-112,-81,2300,203,-17,-104,-80,2300,332,-20,-115,-80,
250,38.91572871666666,-95.31741593333334,2025/Sep/04,18:00:04,311,480,386,2300,216150.32,55302,-102,-15,-64,9,2300,386,-15,-102,-64,2300,202,-20,-110,-78,2300,203,-18,-105,-78,
250,38.9157287,-95.31741591666666,2025/Sep/04,18:00:05,311,480,386,2300,216150.32,55302,-103,-14,-68,7,2300,386,-14,-103,-69,2300,202,-20,-108,-80,2300,203,-13,-101,-80,
250,38.91572871666666,-95.31741591666666,2025/Sep/04,18:00:06,311,480,386,2300,216150.32,55302,-104,-16,-69,7,2300,386,-15,-104,-69,2300,202,-20,-110,-80,2300,203,-13,-102,-80,
250,38.91572871666666,-95.31741591666666,2025/Sep/04,18:00:07,311,480,386,2300,216150.32,55302,-104,-15,-69,8,2300,386,-16,-104,-67,2300,202,-19,-107,-81,2300,203,-14,-102,-81,2300,6,-20,-110,-81,
250,38.91572871666666,-95.31741593333334,2025/Sep/04,18:00:08,311,480,386,2300,216150.32,55302,-103,-14,-67,11,2300,386,-14,-103,-70,2300,202,-20,-116,-83,2300,203,-17,-108,-82,2300,6,-20,-119,-83,2300,332,-20,-112,-82,
250,38.9157287,-95.31741593333334,2025/Sep/04,18:00:09,311,480,386,2300,216150.32,55302,-103,-17,-68,10,2300,386,-18,-103,-66,2300,202,-20,-114,-79,2300,203,-17,-105,-78,2300,6,-20,-116,-79,2300,332,-20,-115,-79,
250,38.9157287,-95.31741593333334,2025/Sep/04,18:00:10,311,480,386,2300,216150.32,55302,-105,-14,-72,9,2300,386,-13,-105,-72,2300,202,-20,-113,-85,2300,203,-15,-106,-83,2300,6,-17,-108,-83,
250,38.9157287,-95.31741593333334,2025/Sep/04,18:00:11,311,480,386,2300,216150.32,55302,-104,-14,-65,10,2300,386,-15,-104,-69,2300,202,-20,-113,-83,2300,203,-14,-104,-83,2300,212,-20,-118,-83,
250,38.9157287,-95.31741595,2025/Sep/04,18:00:12,311,480,386,2300,216150.32,55302,-104,-15,-67,9,2300,386,-15,-104,-66,2300,202,-20,-114,-79,2300,203,-15,-104,-79,
250,38.91572871666666,-95.31741595,2025/Sep/04,18:00:13,311,480,386,2300,216150.32,55302,-105,-14,-72,9,2300,386,-14,-105,-69,2300,202,-20,-111,-82,2300,203,-14,-104,-82,2300,212,-20,-120,-82,
250,38.9157287,-95.31741596666667,2025/Sep/04,18:00:14,311,480,386,2300,216150.32,55302,-105,-16,-68,9,2300,386,-16,-105,-64,2300,202,-20,-109,-78,2300,203,-14,-102,-78,2300,212,-20,-118,-78,
250,38.9157287,-95.31741596666667,2025/Sep/04,18:00:15,311,480,386,2300,216150.32,55302,-105,-14,-70,9,2300,386,-14,-105,-65,2300,202,-19,-109,-78,2300,203,-14,-103,-78,2300,212,-20,-115,-78,
250,38.91572871666666,-95.31741596666667,2025/Sep/04,18:00:16,311,480,386,2300,216150.32,55302,-105,-14,-71,9,2300,386,-14,-105,-71,2300,202,-19,-109,-82,2300,203,-13,-103,-82,
250,38.9157287,-95.31741598333333,2025/Sep/04,18:00:17,311,480,386,2300,216150.32,55302,-105,-14,-71,8,2300,386,-16,-105,-68,2300,202,-20,-110,-81,2300,203,-14,-103,-81,
250,38.915728683333334,-95.317416,2025/Sep/04,18:00:20,311,480,386,2300,216150.32,55302,-106,-15,-65,7,2300,386,-15,-106,-70,2300,202,-19,-109,-83,2300,203,-13,-103,-83,
250,38.9157287,-95.31741603333333,2025/Sep/04,18:00:21,311,480,386,2300,216150.32,55302,-106,-14,-69,7,2300,386,-14,-106,-69,2300,202,-18,-108,-82,2300,203,-13,-103,-82,2300,6,-20,-116,-82,
250,38.9157287,-95.31741605,2025/Sep/04,18:00:22,311,480,386,2300,216150.32,55302,-106,-14,-69,7,2300,386,-15,-105,-68,2300,202,-20,-108,-81,2300,203,-12,-101,-81,2300,6,-20,-118,-81,
250,38.9157287,-95.31741605,2025/Sep/04,18:00:23,311,480,386,2300,216150.32,55302,-105,-17,-68,7,2300,386,-16,-105,-69,2300,202,-20,-108,-79,2300,203,-13,-102,-80,2300,6,-20,-116,-79,2300,332,-20,-113,-79,
250,38.91572788333333,-95.31741696666667,2025/Sep/04,18:00:24,311,480,386,2300,216150.32,55302,-105,-14,-67,8,2300,386,-14,-105,-69,2300,202,-20,-109,-79,2300,203,-12,-102,-79,2300,332,-20,-111,-79,
250,38.915728,-95.31741498333334,2025/Sep/04,18:00:25,311,480,386,2300,216150.32,55302,-105,-17,-67,8,2300,386,-17,-105,-67,2300,202,-20,-110,-77,2300,203,-15,-101,-77,
250,38.91572888333334,-95.31741431666667,2025/Sep/04,18:00:26,311,480,386,2300,216150.32,55302,-104,-15,-65,8,2300,386,-16,-105,-70,2300,202,-19,-108,-82,2300,203,-14,-102,-82,
250,38.9157339,-95.31741855,2025/Sep/04,18:00:29,311,480,386,2300,216150.32,55302,-105,-17,-67,8,2300,386,-17,-104,-66,2300,202,-20,-109,-79,2300,203,-15,-102,-79,
250,38.9157343,-95.31741898333334,2025/Sep/04,18:00:31,311,480,386,2300,216150.32,55302,-104,-14,-70,8,2300,386,-14,-104,-67,2300,202,-19,-109,-81,2300,203,-14,-103,-81,
250,38.915734183333335,-95.3174192,2025/Sep/04,18:00:32,311,480,386,2300,216150.32,55302,-101,-16,-64,9,2300,386,-13,-101,-70,2300,202,-19,-108,-80,2300,203,-13,-102,-81,2300,332,-20,-107,-80,
250,38.91573426666667,-95.31742,2025/Sep/04,18:00:33,311,480,386,2300,216150.32,55302,-103,-15,-64,9,2300,386,-16,-102,-66,2300,202,-20,-111,-78,2300,203,-16,-105,-78,2300,212,-20,-116,-77,2300,110,-20,-114,-77,
250,38.9157335,-95.31742068333334,2025/Sep/04,18:00:34,311,480,386,2300,216150.32,55302,-103,-18,-65,8,2300,386,-18,-103,-64,2300,202,-20,-109,-78,2300,203,-16,-102,-78,2300,212,-20,-116,-78,2300,332,-20,-114,-78,
250,38.91573255,-95.31742151666667,2025/Sep/04,18:00:35,311,480,386,2300,216150.32,55302,-103,-15,-68,8,2300,386,-15,-103,-68,2300,202,-19,-107,-80,2300,203,-14,-101,-80,2300,212,-20,-111,-81,2300,332,-20,-108,-80,
250,38.91573195,-95.31742133333333,2025/Sep/04,18:00:36,311,480,386,2300,216150.32,55302,-103,-14,-67,8,2300,386,-15,-104,-67,2300,202,-20,-110,-81,2300,203,-14,-103,-80,
250,38.91573171666667,-95.31742116666666,2025/Sep/04,18:00:37,311,480,386,2300,216150.32,55302,-103,-17,-66,9,2300,386,-17,-103,-66,2300,202,-20,-109,-80,2300,203,-14,-103,-80,
250,38.915731066666666,-95.31742031666667,2025/Sep/04,18:00:38,311,480,386,2300,216150.32,55302,-104,-16,-69,8,2300,386,-15,-104,-69,2300,202,-19,-107,-81,2300,203,-13,-102,-81,
250,38.9157269,-95.31741861666667,2025/Sep/04,18:00:39,311,480,386,2300,216150.32,55302,-103,-14,-66,8,2300,386,-15,-104,-66,2300,202,-19,-107,-78,2300,203,-14,-102,-78,2300,332,-20,-112,-78,
250,38.915724833333336,-95.31741618333334,2025/Sep/04,18:00:40,311,480,386,2300,216150.32,55302,-104,-18,-65,10,2300,386,-18,-104,-67,2300,202,-20,-112,-80,2300,203,-17,-105,-80,
250,38.91572421666667,-95.31741338333333,2025/Sep/04,18:00:41,311,480,386,2300,216150.32,55302,-103,-15,-66,11,2300,386,-16,-104,-69,2300,202,-20,-112,-81,2300,203,-17,-106,-81,2300,188,-19,-110,-81,
250,38.915722,-95.3174134,2025/Sep/04,18:00:43,311,480,386,2300,216150.32,55302,-102,-16,-64,11,2300,386,-16,-102,-63,2300,202,-20,-114,-77,2300,203,-18,-105,-77,2300,332,-20,-115,-77,
250,38.91572098333333,-95.31741331666667,2025/Sep/04,18:00:44,311,480,386,2300,216150.32,55302,-102,-17,-64,10,2300,386,-18,-102,-63,2300,202,-20,-113,-77,2300,203,-19,-105,-77,2300,332,-20,-112,-77,
250,38.915722,-95.31741365,2025/Sep/04,18:00:45,311,480,386,2300,216150.32,55302,-104,-15,-71,10,2300,386,-15,-104,-71,2300,202,-20,-111,-81,2300,203,-15,-105,-81,2300,212,-20,-118,-81,2300,332,-20,-112,-80,
250,38.91572166666667,-95.31741305,2025/Sep/04,18:00:46,311,480,386,2300,216150.32,55302,-103,-16,-65,9,2300,386,-16,-104,-67,2300,202,-20,-109,-80,2300,203,-15,-103,-80,2300,212,-20,-117,-80,2300,332,-20,-110,-80,2300,104,-20,-113,-80,
250,38.91572315,-95.3174133,2025/Sep/04,18:00:47,311,480,386,2300,216150.32,55302,-105,-17,-68,9,2300,386,-17,-105,-70,2300,202,-20,-109,-82,2300,203,-15,-104,-82,2300,332,-20,-111,-82,2300,212,-20,-118,-82,
250,38.91572395,-95.31741315,2025/Sep/04,18:00:48,311,480,386,2300,216150.32,55302,-105,-15,-71,9,2300,386,-14,-105,-71,2300,202,-19,-110,-82,2300,203,-13,-103,-82,2300,212,-20,-119,-82,2300,151,-20,-119,-83,2300,332,-19,-111,-83,
250,38.915724733333334,-95.31741271666667,2025/Sep/04,18:00:49,311,480,386,2300,216150.32,55302,-105,-14,-72,9,2300,386,-15,-105,-71,2300,202,-19,-109,-81,2300,203,-14,-104,-81,2300,332,-20,-111,-81,
250,38.91572563333333,-95.31741208333334,2025/Sep/04,18:00:50,311,480,386,2300,216150.32,55302,-105,-17,-63,8,2300,386,-17,-105,-67,2300,202,-20,-109,-79,2300,203,-15,-103,-80,
250,38.9157262,-95.31741178333333,2025/Sep/04,18:00:51,311,480,386,2300,216150.32,55302,-105,-15,-71,8,2300,386,-14,-105,-70,2300,202,-19,-109,-82,2300,203,-13,-103,-82,2300,332,-19,-110,-82,
250,38.91572703333333,-95.31741131666666,2025/Sep/04,18:00:52,311,480,386,2300,216150.32,55302,-105,-15,-70,9,2300,386,-16,-104,-69,2300,202,-20,-109,-80,2300,203,-13,-102,-81,2300,332,-20,-111,-80,
250,38.91572811666666,-95.31741315,2025/Sep/04,18:00:54,311,480,386,2300,216150.32,55302,-104,-15,-67,9,2300,386,-16,-104,-67,2300,202,-20,-109,-80,2300,203,-14,-102,-80,2300,332,-19,-109,-81,2300,6,-20,-117,-80,
250,38.915728666666666,-95.3174141,2025/Sep/04,18:00:57,311,480,386,2300,216150.32,55302,-104,-14,-68,9,2300,386,-15,-104,-68,2300,202,-20,-109,-79,2300,203,-13,-102,-80,2300,332,-19,-109,-79,2300,6,-20,-118,-80,
250,38.91572873333333,-95.31741418333333,2025/Sep/04,18:00:58,311,480,386,2300,216150.32,55302,-104,-13,-70,9,2300,386,-13,-104,-68,2300,202,-18,-108,-82,2300,203,-13,-102,-82,2300,332,-18,-108,-82,2300,6,-20,-119,-82,
250,38.915727116666666,-95.31741391666667,2025/Sep/04,18:00:59,311,480,386,2300,216150.32,55302,-104,-15,-68,9,2300,386,-15,-105,-67,2300,202,-20,-111,-80,2300,203,-14,-104,-80,2300,332,-20,-110,-81,2300,6,-20,-118,-81,
250,38.91572696666667,-95.31741361666667,2025/Sep/04,18:01:00,311,480,386,2300,216150.32,55302,-104,-16,-65,9,2300,386,-16,-104,-70,2300,202,-20,-109,-81,2300,203,-15,-103,-80,2300,332,-19,-108,-81,2300,6,-20,-117,-81,
250,38.9157274,-95.31741343333333,2025/Sep/04,18:01:01,311,480,386,2300,216150.32,55302,-105,-15,-66,9,2300,386,-14,-105,-70,2300,202,-19,-109,-82,2300,203,-13,-103,-82,2300,332,-18,-109,-82,2300,6,-20,-119,-82,
250,38.91572683333333,-95.31741391666667,2025/Sep/04,18:01:02,311,480,386,2300,216150.32,55302,-104,-16,-67,9,2300,386,-16,-104,-65,2300,202,-20,-109,-78,2300,203,-15,-102,-78,2300,332,-20,-109,-78,2300,6,-20,-117,-78,
250,38.9157261,-95.31741416666667,2025/Sep/04,18:01:03,311,480,386,2300,216150.32,55302,-105,-17,-66,9,2300,386,-17,-105,-67,2300,202,-20,-111,-79,2300,203,-16,-103,-79,2300,332,-20,-111,-79,
250,38.915724616666665,-95.31741351666666,2025/Sep/04,18:01:04,311,480,386,2300,216150.32,55302,-104,-17,-66,8,2300,386,-18,-104,-64,2300,202,-20,-110,-76,2300,203,-16,-103,-76,2300,332,-20,-111,-76,
250,38.91572216666667,-95.31741233333334,2025/Sep/04,18:01:05,311,480,386,2300,216150.32,55302,-105,-17,-65,9,2300,386,-16,-105,-70,2300,202,-20,-111,-81,2300,203,-15,-104,-81,2300,332,-20,-112,-81,
250,38.91572051666667,-95.317411,2025/Sep/04,18:01:06,311,480,386,2300,216150.32,55302,-104,-14,-68,9,2300,386,-13,-104,-69,2300,202,-19,-109,-82,2300,203,-13,-104,-82,2300,332,-19,-110,-81,
250,38.91571956666667,-95.31741006666667,2025/Sep/04,18:01:08,311,480,386,2300,216150.32,55302,-104,-16,-66,9,2300,386,-16,-104,-66,2300,202,-20,-110,-79,2300,203,-16,-103,-80,2300,332,-20,-111,-79,2300,110,-20,-115,-79,
250,38.91572181666667,-95.31740911666667,2025/Sep/04,18:01:09,311,480,386,2300,216150.32,55302,-104,-15,-68,9,2300,386,-16,-104,-65,2300,202,-20,-109,-80,2300,203,-15,-103,-79,
250,38.91572265,-95.31740901666667,2025/Sep/04,18:01:10,311,480,386,2300,216150.32,55302,-104,-15,-70,9,2300,386,-15,-104,-69,2300,202,-19,-108,-80,2300,203,-14,-103,-80,2300,332,-20,-112,-80,
250,38.915723283333335,-95.31740901666667,2025/Sep/04,18:01:12,311,480,386,2300,216150.32,55302,-104,-14,-69,9,2300,386,-15,-104,-70,2300,202,-19,-109,-80,2300,203,-14,-104,-80,2300,332,-20,-113,-80,
250,38.9157234,-95.31740906666667,2025/Sep/04,18:01:13,311,480,386,2300,216150.32,55302,-104,-13,-70,9,2300,386,-13,-104,-70,2300,202,-19,-110,-83,2300,203,-14,-104,-83,2300,332,-20,-113,-83,
250,38.915723766666666,-95.31740953333333,2025/Sep/04,18:01:14,311,480,386,2300,216150.32,55302,-104,-13,-69,9,2300,386,-14,-104,-66,2300,202,-20,-109,-81,2300,203,-14,-104,-81,2300,332,-20,-114,-81,
250,38.91572396666667,-95.31740976666667,2025/Sep/04,18:01:15,311,480,386,2300,216150.32,55302,-104,-15,-66,9,2300,386,-15,-104,-66,2300,202,-20,-110,-82,2300,203,-15,-104,-82,2300,332,-20,-114,-81,
250,38.91572351666667,-95.31740923333334,2025/Sep/04,18:01:16,311,480,386,2300,216150.32,55302,-104,-15,-70,9,2300,386,-15,-104,-69,2300,202,-20,-110,-81,2300,203,-16,-105,-81,
250,38.91572315,-95.31740883333333,2025/Sep/04,18:01:18,311,480,386,2300,216150.32,55302,-104,-17,-65,9,2300,386,-16,-105,-68,2300,202,-20,-110,-81,2300,203,-16,-105,-81,
250,38.91572336666667,-95.31740908333333,2025/Sep/04,18:01:19,311,480,386,2300,216150.32,55302,-104,-14,-66,10,2300,386,-14,-104,-70,2300,202,-20,-112,-82,2300,203,-16,-106,-82,
250,38.9157235,-95.31740925,2025/Sep/04,18:01:20,311,480,386,2300,216150.32,55302,-104,-18,-65,8,2300,386,-18,-104,-64,2300,202,-20,-108,-79,2300,203,-15,-102,-78,
250,38.915723566666664,-95.31740931666667,2025/Sep/04,18:01:21,311,480,386,2300,216150.32,55302,-105,-16,-68,8,2300,386,-17,-105,-67,2300,202,-17,-106,-81,2300,203,-12,-101,-81,2300,6,-20,-111,-81,
250,38.91572361666667,-95.31740936666667,2025/Sep/04,18:01:22,311,480,203,2300,216253.32,55302,-104,-15,-68,9,2300,386,-13,-103,-81,2300,202,-19,-109,-81,2300,203,-15,-105,-68,
250,38.91572361666667,-95.31740938333333,2025/Sep/04,18:01:23,311,480,203,2300,216253.32,55302,-106,-15,-71,8,2300,386,-14,-103,-81,2300,203,-16,-105,-68,2300,202,-20,-110,-81,
250,38.9157237,-95.31740943333334,2025/Sep/04,18:01:26,311,480,203,2300,216253.32,55302,-105,-16,-69,8,2300,386,-14,-103,-79,2300,203,-16,-105,-69,2300,202,-20,-111,-79,
250,38.91572371666667,-95.31740945,2025/Sep/04,18:01:27,311,480,203,2300,216253.32,55302,-105,-15,-69,8,2300,386,-14,-103,-80,2300,203,-17,-105,-68,2300,202,-20,-111,-80,
250,38.91572375,-95.3174095,2025/Sep/04,18:01:29,311,480,203,2300,216253.32,55302,-106,-15,-68,8,2300,386,-13,-103,-82,2300,203,-15,-106,-69,2300,202,-20,-110,-82,
250,38.91572375,-95.3174095,2025/Sep/04,18:01:30,311,480,203,2300,216253.32,55302,-106,-14,-72,8,2300,386,-12,-103,-83,2300,203,-14,-107,-72,2300,202,-19,-111,-83,
250,38.915723766666666,-95.3174095,2025/Sep/04,18:01:31,311,480,203,2300,216253.32,55302,-106,-16,-70,8,2300,386,-14,-103,-81,2300,203,-16,-106,-69,2300,202,-20,-112,-81,
250,38.915723783333334,-95.31740951666667,2025/Sep/04,18:01:32,311,480,203,2300,216253.32,55302,-105,-16,-69,8,2300,386,-13,-102,-80,2300,203,-16,-105,-70,2300,202,-20,-110,-80,
250,38.915723783333334,-95.31740951666667,2025/Sep/04,18:01:33,311,480,203,2300,216253.32,55302,-104,-18,-65,8,2300,386,-14,-102,-82,2300,203,-17,-105,-69,2300,202,-20,-112,-82,
250,38.9157238,-95.31740951666667,2025/Sep/04,18:01:34,311,480,203,2300,216253.32,55302,-105,-16,-68,8,2300,386,-14,-102,-80,2300,203,-16,-105,-68,2300,202,-20,-110,-80,
250,38.91572381666667,-95.31740953333333,2025/Sep/04,18:01:35,311,480,203,2300,216253.32,55302,-105,-17,-65,8,2300,386,-15,-104,-80,2300,203,-17,-105,-67,2300,202,-20,-111,-79,
250,38.91572383333333,-95.31740951666667,2025/Sep/04,18:01:36,311,480,203,2300,216253.32,55302,-106,-18,-65,8,2300,386,-14,-104,-81,2300,203,-20,-107,-66,2300,202,-20,-109,-81,2300,190,-19,-110,-82,
250,38.91572383333333,-95.3174095,2025/Sep/04,18:01:37,311,480,203,2300,216253.32,55302,-106,-16,-67,7,2300,386,-13,-103,-82,2300,203,-16,-107,-68,2300,202,-20,-111,-82,2300,332,-20,-116,-82,2300,110,-20,-119,-82,
250,38.91572385,-95.31740951666667,2025/Sep/04,18:01:38,311,480,203,2300,216253.32,55302,-107,-16,-71,7,2300,386,-13,-102,-82,2300,203,-17,-107,-68,2300,202,-20,-113,-82,2300,332,-20,-114,-82,2300,6,-20,-116,-82,
250,38.91572385,-95.31740956666667,2025/Sep/04,18:01:39,311,480,203,2300,216253.32,55302,-106,-15,-71,7,2300,386,-14,-103,-79,2300,203,-15,-106,-71,2300,202,-18,-107,-79,2300,332,-19,-110,-79,2300,212,-20,-113,-79,
250,38.915723883333335,-95.31740961666667,2025/Sep/04,18:01:41,311,480,203,2300,216253.32,55302,-106,-17,-69,6,2300,386,-12,-102,-81,2300,203,-17,-106,-66,2300,202,-20,-113,-81,2300,332,-20,-113,-81,
250,38.9157239,-95.31740961666667,2025/Sep/04,18:01:42,311,480,203,2300,216253.32,55302,-105,-15,-69,7,2300,386,-12,-102,-82,2300,203,-15,-105,-71,2300,202,-20,-110,-82,2300,332,-20,-114,-82,
250,38.91572393333333,-95.31740961666667,2025/Sep/04,18:01:43,311,480,203,2300,216253.32,55302,-106,-17,-69,7,2300,386,-14,-103,-82,2300,203,-17,-106,-70,2300,202,-20,-111,-82,
250,38.91572395,-95.31740958333333,2025/Sep/04,18:01:44,311,480,203,2300,216253.32,55302,-106,-18,-67,7,2300,386,-14,-103,-81,2300,203,-18,-106,-65,2300,202,-20,-112,-81,2300,332,-20,-114,-81,
250,38.91572396666667,-95.31740956666667,2025/Sep/04,18:01:45,311,480,203,2300,216253.32,55302,-106,-17,-70,7,2300,386,-11,-102,-83,2300,203,-14,-105,-70,2300,202,-16,-106,-81,2300,332,-17,-107,-81,2300,229,-18,-110,-83,
250,38.915723983333336,-95.31740958333333,2025/Sep/04,18:01:46,311,480,203,2300,216253.32,55302,-105,-16,-67,7,2300,386,-13,-103,-82,2300,203,-17,-106,-68,2300,202,-20,-111,-82,2300,212,-20,-119,-82,
250,38.915724016666665,-95.3174096,2025/Sep/04,18:01:47,311,480,203,2300,216253.32,55302,-106,-17,-71,8,2300,386,-12,-102,-81,2300,203,-16,-106,-70,2300,202,-20,-110,-81,2300,212,-20,-118,-81,
250,38.91572403333333,-95.31740963333333,2025/Sep/04,18:01:48,311,480,203,2300,216253.32,55302,-105,-16,-70,8,2300,386,-13,-103,-83,2300,203,-16,-105,-70,2300,202,-20,-110,-83,
250,38.91572406666667,-95.31740965,2025/Sep/04,18:01:49,311,480,203,2300,216253.32,55302,-105,-15,-69,8,2300,386,-14,-103,-81,2300,203,-16,-105,-68,2300,202,-20,-111,-81,2300,212,-20,-117,-81,
250,38.91572408333333,-95.31740965,2025/Sep/04,18:01:50,311,480,203,2300,216253.32,55302,-106,-15,-72,8,2300,386,-13,-103,-83,2300,203,-15,-106,-70,2300,212,-20,-119,-82,2300,202,-19,-110,-83,
250,38.9157241,-95.31740966666666,2025/Sep/04,18:01:51,311,480,203,2300,216253.32,55302,-106,-17,-67,7,2300,386,-13,-103,-82,2300,203,-15,-106,-67,2300,202,-20,-111,-83,2300,212,-20,-119,-83,2300,332,-20,-115,-83,
250,38.91572411666667,-95.31740975,2025/Sep/04,18:01:54,311,480,203,2300,216253.32,55302,-106,-14,-70,8,2300,386,-12,-103,-81,2300,203,-14,-106,-70,2300,202,-20,-112,-81,2300,212,-20,-120,-82,2300,332,-20,-115,-81,
250,38.915724133333335,-95.31740973333333,2025/Sep/04,18:01:55,311,480,203,2300,216253.32,55302,-106,-17,-65,9,2300,386,-14,-103,-78,2300,203,-17,-105,-66,2300,202,-20,-112,-78,2300,332,-20,-113,-78,2300,212,-20,-117,-78,
250,38.91572415,-95.3174097,2025/Sep/04,18:01:57,311,480,203,2300,216253.32,55302,-107,-16,-71,8,2300,386,-12,-102,-82,2300,203,-15,-107,-71,2300,202,-20,-112,-83,2300,332,-20,-112,-83,2300,212,-20,-120,-82,
250,38.915724166666664,-95.31740968333334,2025/Sep/04,18:01:58,311,480,203,2300,216253.32,55302,-106,-17,-67,7,2300,386,-13,-103,-81,2300,203,-17,-106,-67,2300,202,-20,-111,-81,2300,212,-20,-115,-81,2300,110,-20,-115,-81,
250,38.91572418333333,-95.31740968333334,2025/Sep/04,18:01:59,311,480,203,2300,216253.32,55302,-105,-16,-68,7,2300,386,-13,-102,-79,2300,203,-16,-105,-67,2300,202,-20,-110,-79,
250,38.915724166666664,-95.31740966666666,2025/Sep/04,18:02:00,311,480,203,2300,216253.32,55302,-106,-16,-68,8,2300,386,-13,-102,-80,2300,203,-16,-107,-68,2300,202,-20,-113,-81,
250,38.915724166666664,-95.31740968333334,2025/Sep/04,18:02:01,311,480,203,2300,216253.32,55302,-106,-17,-66,6,2300,386,-15,-104,-80,2300,203,-17,-106,-66,2300,202,-20,-113,-81,
250,38.9157242,-95.3174097,2025/Sep/04,18:02:03,311,480,203,2300,216253.32,55302,-105,-17,-69,7,2300,386,-14,-103,-82,2300,203,-17,-106,-68,2300,202,-20,-112,-82,
250,38.915724233333336,-95.31740971666666,2025/Sep/04,18:02:05,311,480,203,2300,216253.32,55302,-107,-16,-70,7,2300,386,-14,-102,-79,2300,203,-16,-107,-70,2300,202,-20,-111,-79,
250,38.915724233333336,-95.31740968333334,2025/Sep/04,18:02:06,311,480,203,2300,216253.32,55302,-106,-15,-67,7,2300,386,-14,-103,-79,2300,203,-15,-105,-65,2300,202,-20,-111,-79,
250,38.91572425,-95.31740966666666,2025/Sep/04,18:02:07,311,480,203,2300,216253.32,55302,-106,-16,-71,9,2300,386,-16,-104,-79,2300,203,-17,-106,-65,2300,202,-20,-112,-79,
250,38.91572425,-95.31740963333333,2025/Sep/04,18:02:08,311,480,203,2300,216253.32,55302,-106,-19,-64,8,2300,386,-16,-104,-79,2300,203,-19,-106,-66,2300,202,-20,-111,-79,
250,38.91572425,-95.31740961666667,2025/Sep/04,18:02:09,311,480,203,2300,216253.32,55302,-106,-16,-68,8,2300,386,-13,-103,-82,2300,203,-16,-106,-68,2300,202,-20,-110,-80,
250,38.91572425,-95.31740961666667,2025/Sep/04,18:02:10,311,480,203,2300,216253.32,55302,-104,-16,-68,9,2300,386,-15,-103,-78,2300,203,-16,-103,-64,2300,202,-20,-108,-77,2300,212,-20,-115,-77,2300,332,-20,-111,-77,2300,68,-20,-115,-77,
250,38.91572425,-95.31740961666667,2025/Sep/04,18:02:11,311,480,203,2300,216253.32,55302,-104,-18,-66,10,2300,386,-18,-106,-80,2300,203,-18,-104,-67,2300,202,-20,-109,-80,
250,38.91572425,-95.31740958333333,2025/Sep/04,18:02:12,311,480,203,2300,216253.32,55302,-104,-18,-64,9,2300,386,-15,-104,-79,2300,203,-18,-105,-65,2300,202,-20,-107,-79,2300,212,-20,-113,-79,2300,332,-18,-107,-79,
250,38.91572425,-95.31740956666667,2025/Sep/04,18:02:14,311,480,203,2300,216253.32,55302,-104,-17,-63,9,2300,386,-16,-104,-79,2300,203,-17,-105,-64,2300,202,-20,-110,-79,2300,332,-20,-110,-79,
250,38.91572425,-95.31740958333333,2025/Sep/04,18:02:15,311,480,203,2300,216253.32,55302,-106,-15,-68,9,2300,386,-13,-103,-82,2300,203,-15,-106,-69,2300,202,-20,-110,-82,2300,332,-20,-111,-82,
250,38.915724266666665,-95.31740958333333,2025/Sep/04,18:02:17,311,480,203,2300,216253.32,55302,-105,-17,-66,8,2300,386,-14,-103,-80,2300,203,-16,-105,-70,2300,202,-20,-110,-81,2300,332,-20,-110,-81,2300,6,-20,-117,-81,2300,212,-20,-119,-81,
250,38.91572428333333,-95.31740958333333,2025/Sep/04,18:02:18,311,480,203,2300,216253.32,55302,-105,-15,-70,9,2300,386,-13,-103,-82,2300,203,-15,-105,-71,2300,202,-20,-110,-81,2300,6,-20,-119,-81,2300,212,-20,-118,-82,
250,38.91572425,-95.3174096,2025/Sep/04,18:02:19,311,480,203,2300,216253.32,55302,-106,-15,-70,8,2300,386,-13,-104,-82,2300,203,-15,-106,-71,2300,202,-18,-109,-83,2300,6,-20,-114,-83,2300,332,-19,-110,-83,
250,38.91572425,-95.3174096,2025/Sep/04,18:02:20,311,480,203,2300,216253.32,55302,-105,-15,-70,9,2300,386,-14,-104,-81,2300,203,-16,-106,-67,2300,202,-20,-110,-81,
250,38.91572431666667,-95.3174098,2025/Sep/04,18:02:23,311,480,203,2300,216253.32,55302,-106,-17,-64,9,2300,386,-16,-104,-79,2300,203,-17,-105,-70,2300,202,-20,-112,-79,2300,332,-20,-111,-79,
250,38.915724266666665,-95.3174098,2025/Sep/04,18:02:24,311,480,203,2300,216253.32,55302,-105,-17,-68,8,2300,386,-16,-104,-78,2300,203,-16,-105,-66,2300,202,-20,-109,-78,2300,332,-20,-111,-78,2300,385,-20,-112,-79,
250,38.915724266666665,-95.31740978333333,2025/Sep/04,18:02:25,311,480,203,2300,216253.32,55302,-106,-15,-68,8,2300,386,-14,-104,-82,2300,203,-15,-106,-71,2300,202,-20,-110,-81,2300,332,-20,-111,-82,2300,6,-20,-116,-81,2300,89,-20,-119,-81,
250,38.915724266666665,-95.31740975,2025/Sep/04,18:02:26,311,480,203,2300,216253.32,55302,-106,-16,-72,9,2300,386,-14,-104,-81,2300,203,-16,-105,-68,2300,202,-20,-112,-81,2300,332,-20,-110,-81,2300,6,-20,-119,-81,
250,38.915724266666665,-95.31740971666666,2025/Sep/04,18:02:27,311,480,203,2300,216253.32,55302,-106,-16,-68,9,2300,386,-12,-102,-83,2300,203,-16,-106,-71,2300,202,-20,-111,-82,2300,332,-20,-111,-83,2300,6,-20,-119,-82,
250,38.91572425,-95.31740973333333,2025/Sep/04,18:02:28,311,480,203,2300,216253.32,55302,-105,-16,-67,8,2300,386,-15,-103,-78,2300,203,-15,-105,-67,2300,202,-20,-110,-80,2300,6,-20,-117,-79,2300,332,-20,-112,-79,
250,38.915724266666665,-95.31740973333333,2025/Sep/04,18:02:29,311,480,203,2300,216253.32,55302,-106,-15,-68,8,2300,386,-12,-103,-83,2300,203,-15,-106,-69,2300,202,-20,-110,-83,2300,332,-20,-111,-83,
250,38.91572428333333,-95.31740973333333,2025/Sep/04,18:02:30,311,480,203,2300,216253.32,55302,-106,-17,-66,9,2300,386,-15,-103,-80,2300,203,-16,-105,-69,2300,202,-20,-111,-80,2300,332,-20,-112,-80,2300,6,-20,-117,-81,2300,89,-20,-116,-80,
250,38.91572431666667,-95.31740973333333,2025/Sep/04,18:02:31,311,480,203,2300,216253.32,55302,-107,-15,-72,8,2300,386,-13,-103,-82,2300,203,-15,-106,-68,2300,202,-20,-111,-82,2300,332,-20,-113,-81,2300,260,-20,-119,-82,2300,6,-20,-115,-80,
250,38.91572433333333,-95.31740971666666,2025/Sep/04,18:02:32,311,480,203,2300,216253.32,55302,-106,-14,-68,9,2300,386,-14,-104,-81,2300,203,-14,-105,-71,2300,202,-20,-110,-82,2300,332,-20,-115,-82,
250,38.91572433333333,-95.31740968333334,2025/Sep/04,18:02:33,311,480,203,2300,216253.32,55302,-106,-17,-68,8,2300,386,-15,-104,-80,2300,203,-17,-106,-68,2300,202,-20,-113,-81,2300,494,-20,-117,-80,2300,332,-20,-112,-80,2300,6,-20,-117,-81,
250,38.91572431666667,-95.31740971666666,2025/Sep/04,18:02:34,311,480,203,2300,216253.32,55302,-107,-16,-72,8,2300,386,-12,-104,-84,2300,203,-15,-107,-71,2300,202,-20,-111,-83,2300,332,-20,-112,-84,2300,89,-20,-118,-83,
250,38.91572431666667,-95.31740973333333,2025/Sep/04,18:02:35,311,480,203,2300,216253.32,55302,-107,-16,-72,8,2300,386,-13,-103,-82,2300,203,-15,-107,-72,2300,202,-20,-112,-82,2300,332,-20,-113,-82,
250,38.9157243,-95.31740973333333,2025/Sep/04,18:02:36,311,480,203,2300,216253.32,55302,-107,-15,-64,7,2300,386,-14,-104,-81,2300,203,-15,-107,-66,2300,202,-20,-113,-81,2300,332,-20,-116,-80,
250,38.91572428333333,-95.31740973333333,2025/Sep/04,18:02:37,311,480,203,2300,216253.32,55302,-104,-17,-65,10,2300,386,-15,-104,-81,2300,203,-17,-105,-67,2300,202,-20,-112,-81,2300,332,-20,-114,-81,
250,38.9157243,-95.31740973333333,2025/Sep/04,18:02:39,311,480,203,2300,216253.32,55302,-105,-17,-67,8,2300,386,-15,-104,-80,2300,203,-17,-105,-68,2300,202,-20,-110,-80,2300,332,-20,-117,-80,
250,38.9157243,-95.31740975,2025/Sep/04,18:02:40,311,480,203,2300,216253.32,55302,-107,-17,-66,8,2300,386,-15,-104,-80,2300,203,-18,-106,-69,2300,202,-20,-112,-80,2300,332,-20,-115,-80,
250,38.91572431666667,-95.31740978333333,2025/Sep/04,18:02:41,311,480,203,2300,216253.32,55302,-107,-17,-70,8,2300,386,-14,-105,-84,2300,203,-17,-107,-72,2300,202,-20,-112,-85,2300,332,-19,-110,-84,
250,38.91572433333333,-95.31740981666667,2025/Sep/04,18:02:42,311,480,203,2300,216253.32,55302,-107,-16,-70,8,2300,386,-12,-105,-85,2300,203,-15,-107,-72,2300,202,-17,-110,-85,2300,332,-16,-109,-85,
250,38.91572431666667,-95.3174098,2025/Sep/04,18:02:43,311,480,203,2300,216253.32,55302,-106,-16,-67,8,2300,386,-13,-103,-83,2300,203,-15,-106,-71,2300,202,-20,-111,-82,2300,332,-20,-110,-83,
250,38.91572431666667,-95.31740978333333,2025/Sep/04,18:02:44,311,480,203,2300,216253.32,55302,-106,-16,-68,9,2300,386,-13,-103,-78,2300,203,-16,-105,-70,2300,202,-20,-110,-78,2300,385,-20,-110,-78,
250,38.91572431666667,-95.31740978333333,2025/Sep/04,18:02:45,311,480,203,2300,216253.32,55302,-107,-17,-69,7,2300,386,-13,-102,-80,2300,203,-17,-106,-66,2300,202,-20,-111,-80,2300,385,-20,-114,-79,
250,38.91572431666667,-95.3174098,2025/Sep/04,18:02:46,311,480,203,2300,216253.32,55302,-105,-18,-68,9,2300,386,-16,-103,-79,2300,203,-19,-106,-64,2300,202,-20,-111,-79,
250,38.91572433333333,-95.31740983333333,2025/Sep/04,18:02:47,311,480,203,2300,216253.32,55302,-105,-15,-71,7,2300,386,-13,-103,-82,2300,203,-16,-106,-70,2300,202,-20,-111,-82,2300,332,-17,-107,-82,
250,38.91572433333333,-95.31740988333334,2025/Sep/04,18:02:48,311,480,203,2300,216253.32,55302,-104,-16,-68,9,2300,386,-14,-105,-84,2300,203,-17,-108,-72,2300,332,-19,-112,-84,
250,38.915724483333335,-95.31741011666666,2025/Sep/04,18:02:53,311,480,203,2300,216253.32,55302,-106,-15,-71,9,2300,386,-14,-105,-83,2300,203,-14,-105,-70,2300,332,-18,-110,-82,2300,202,-19,-110,-83,2300,212,-20,-117,-83,
250,38.915724516666664,-95.31741018333334,2025/Sep/04,18:02:54,311,480,203,2300,216253.32,55302,-107,-14,-71,7,2300,386,-13,-107,-84,2300,203,-14,-107,-71,2300,332,-16,-110,-83,2300,212,-20,-118,-83,
250,38.915724516666664,-95.3174102,2025/Sep/04,18:02:55,311,480,203,2300,216253.32,55302,-106,-17,-68,9,2300,386,-14,-104,-83,2300,203,-16,-106,-69,2300,332,-20,-110,-83,2300,202,-20,-111,-83,
250,38.915724516666664,-95.31741021666667,2025/Sep/04,18:02:56,311,480,203,2300,216253.32,55302,-107,-16,-69,8,2300,386,-13,-103,-81,2300,203,-15,-106,-71,2300,212,-20,-119,-82,2300,202,-20,-112,-82,
250,38.915724516666664,-95.31741023333333,2025/Sep/04,18:02:57,311,480,203,2300,216253.32,55302,-103,-12,-69,11,2300,386,-17,-106,-81,2300,203,-13,-103,-66,2300,212,-20,-114,-81,2300,202,-19,-109,-82,2300,332,-19,-109,-82,
250,38.91572453333333,-95.31741025,2025/Sep/04,18:02:58,311,480,203,2300,216253.32,55302,-107,-15,-71,9,2300,386,-11,-102,-83,2300,203,-14,-107,-71,2300,212,-20,-117,-82,2300,202,-20,-112,-82,2300,332,-19,-111,-82,
250,38.915724516666664,-95.31741023333333,2025/Sep/04,18:02:59,311,480,203,2300,216253.32,55302,-106,-15,-71,7,2300,386,-11,-102,-83,2300,203,-15,-106,-70,
250,38.91572455,-95.31741025,2025/Sep/04,18:03:00,311,480,203,2300,216253.32,55302,-106,-15,-68,10,2300,386,-13,-104,-84,2300,203,-15,-106,-68,2300,202,-19,-111,-84,2300,332,-18,-110,-84,
250,38.915724583333336,-95.31741026666667,2025/Sep/04,18:03:01,311,480,203,2300,216253.32,55302,-108,-18,-71,8,2300,386,-13,-103,-82,2300,203,-16,-106,-69,2300,202,-20,-111,-82,2300,332,-20,-110,-82,2300,110,-20,-116,-82,2300,275,-20,-119,-82,
250,38.915724583333336,-95.31741026666667,2025/Sep/04,18:03:03,311,480,203,2300,216253.32,55302,-107,-16,-71,8,2300,386,-12,-102,-81,2300,203,-16,-107,-71,2300,202,-18,-108,-81,2300,332,-16,-106,-81,2300,110,-19,-109,-81,
250,38.9157246,-95.3174103,2025/Sep/04,18:03:04,311,480,203,2300,216253.32,55302,-106,-16,-68,8,2300,386,-12,-102,-81,2300,203,-17,-107,-69,2300,202,-20,-111,-81,
250,38.91572465,-95.31741036666666,2025/Sep/04,18:03:05,311,480,203,2300,216253.32,55302,-105,-18,-65,7,2300,386,-13,-100,-78,2300,203,-18,-106,-67,2300,202,-20,-110,-78,
250,38.91572466666667,-95.31741043333334,2025/Sep/04,18:03:06,311,480,203,2300,216253.32,55302,-107,-16,-68,7,2300,386,-11,-101,-81,2300,203,-17,-107,-67,2300,202,-20,-111,-80,2300,332,-18,-107,-81,
250,38.9157247,-95.31741046666667,2025/Sep/04,18:03:07,311,480,203,2300,216253.32,55302,-105,-17,-65,8,2300,386,-14,-101,-78,2300,203,-18,-105,-65,2300,202,-20,-109,-78,
250,38.91572468333333,-95.31741046666667,2025/Sep/04,18:03:08,311,480,203,2300,216253.32,55302,-104,-15,-70,9,2300,386,-13,-102,-81,2300,203,-15,-105,-71,2300,202,-20,-109,-81,
250,38.915724716666666,-95.3174105,2025/Sep/04,18:03:09,311,480,203,2300,216253.32,55302,-104,-15,-69,9,2300,386,-13,-102,-81,2300,203,-15,-104,-65,2300,202,-19,-108,-81,
250,38.915724733333334,-95.3174105,2025/Sep/04,18:03:10,311,480,203,2300,216253.32,55302,-105,-17,-67,9,2300,386,-14,-102,-79,2300,203,-16,-104,-69,2300,202,-20,-109,-78,
250,38.915724733333334,-95.31741048333333,2025/Sep/04,18:03:11,311,480,203,2300,216253.32,55302,-105,-15,-70,9,2300,386,-13,-102,-81,2300,203,-15,-105,-69,2300,202,-20,-109,-81,
250,38.91572475,-95.31741046666667,2025/Sep/04,18:03:12,311,480,203,2300,216253.32,55302,-104,-14,-69,9,2300,386,-14,-103,-78,2300,203,-16,-105,-64,2300,202,-20,-109,-78,
250,38.91572476666666,-95.31741045,2025/Sep/04,18:03:13,311,480,203,2300,216253.32,55302,-105,-17,-67,8,2300,386,-13,-101,-78,2300,203,-16,-105,-69,2300,202,-20,-109,-79,
250,38.9157248,-95.31741046666667,2025/Sep/04,18:03:15,311,480,203,2300,216253.32,55302,-104,-15,-68,9,2300,386,-12,-101,-81,2300,203,-15,-104,-68,2300,202,-17,-106,-81,2300,332,-20,-110,-81,
250,38.91572481666667,-95.31741048333333,2025/Sep/04,18:03:16,311,480,203,2300,216253.32,55302,-107,-17,-68,7,2300,386,-13,-102,-79,2300,203,-17,-106,-67,2300,202,-20,-109,-79,2300,332,-20,-112,-79,
250,38.91572485,-95.3174105,2025/Sep/04,18:03:17,311,480,203,2300,216253.32,55302,-104,-15,-69,7,2300,386,-14,-104,-83,2300,203,-14,-104,-72,2300,202,-20,-110,-83,2300,332,-20,-111,-82,
250,38.915724866666665,-95.31741055,2025/Sep/04,18:03:18,311,480,203,2300,216253.32,55302,-107,-15,-70,8,2300,386,-14,-106,-84,2300,203,-16,-108,-72,2300,332,-17,-109,-84,2300,202,-20,-113,-84,
250,38.91572491666667,-95.3174107,2025/Sep/04,18:03:21,311,480,203,2300,216253.32,55302,-108,-17,-68,8,2300,386,-15,-104,-81,2300,203,-17,-108,-68,2300,332,-20,-109,-81,2300,202,-20,-114,-80,
250,38.91572493333334,-95.31741076666667,2025/Sep/04,18:03:22,311,480,203,2300,216253.32,55302,-108,-16,-67,8,2300,386,-14,-104,-81,2300,203,-17,-107,-67,2300,332,-19,-109,-81,2300,202,-20,-115,-81,
250,38.91572493333334,-95.31741076666667,2025/Sep/04,18:03:23,311,480,203,2300,216253.32,55302,-108,-15,-71,8,2300,386,-12,-104,-83,2300,203,-15,-108,-70,2300,332,-18,-109,-83,
250,38.91572493333334,-95.3174108,2025/Sep/04,18:03:24,311,480,203,2300,216253.32,55302,-107,-17,-70,8,2300,386,-14,-104,-81,2300,203,-17,-107,-69,2300,332,-19,-109,-81,2300,202,-20,-112,-81,
250,38.9157249,-95.31741076666667,2025/Sep/04,18:03:25,311,480,203,2300,216253.32,55302,-108,-17,-69,7,2300,386,-16,-106,-82,2300,203,-18,-108,-69,2300,332,-17,-107,-81,2300,202,-17,-107,-82,
250,38.9157249,-95.3174108,2025/Sep/04,18:03:26,311,480,203,2300,216253.32,55302,-108,-18,-69,8,2300,386,-15,-104,-81,2300,203,-17,-106,-72,2300,332,-20,-110,-82,2300,202,-19,-109,-81,
250,38.9157249,-95.31741083333333,2025/Sep/04,18:03:27,311,480,203,2300,216253.32,55302,-107,-17,-68,8,2300,386,-13,-103,-83,2300,203,-16,-107,-69,2300,332,-19,-109,-83,2300,202,-20,-110,-83,
250,38.91572488333333,-95.31741081666667,2025/Sep/04,18:03:28,311,480,203,2300,216253.32,55302,-107,-16,-70,8,2300,386,-13,-103,-81,2300,203,-16,-107,-69,2300,332,-18,-108,-81,2300,202,-19,-109,-81,
250,38.915724866666665,-95.31741081666667,2025/Sep/04,18:03:29,311,480,203,2300,216253.32,55302,-107,-15,-72,9,2300,386,-13,-105,-83,2300,203,-15,-107,-72,2300,332,-16,-107,-83,2300,202,-18,-109,-83,
250,38.91572485,-95.31741083333333,2025/Sep/04,18:03:30,311,480,203,2300,216253.32,55302,-109,-17,-70,7,2300,386,-14,-106,-83,2300,203,-18,-109,-70,2300,332,-18,-109,-83,2300,202,-20,-112,-83,
250,38.915724833333336,-95.3174108,2025/Sep/04,18:03:31,311,480,203,2300,216253.32,55302,-108,-19,-67,8,2300,386,-15,-106,-82,2300,203,-19,-108,-69,2300,202,-20,-111,-82,2300,332,-20,-110,-82,
250,38.915724866666665,-95.3174108,2025/Sep/04,18:03:32,311,480,203,2300,216253.32,55302,-108,-17,-70,8,2300,386,-12,-105,-84,2300,203,-17,-108,-70,2300,202,-18,-110,-84,2300,332,-17,-110,-84,
250,38.9157249,-95.31741081666667,2025/Sep/04,18:03:33,311,480,203,2300,216253.32,55302,-108,-16,-72,8,2300,386,-13,-104,-82,2300,203,-15,-108,-71,2300,202,-19,-110,-82,2300,332,-17,-108,-82,
250,38.915724983333334,-95.31741086666666,2025/Sep/04,18:03:34,311,480,203,2300,216253.32,55302,-108,-20,-66,8,2300,386,-15,-104,-80,2300,203,-20,-108,-65,2300,202,-20,-114,-81,2300,332,-20,-108,-81,2300,68,-20,-118,-80,
250,38.91572503333333,-95.31741091666666,2025/Sep/04,18:03:35,311,480,203,2300,216253.32,55302,-108,-19,-66,8,2300,386,-15,-104,-80,2300,203,-19,-108,-67,2300,202,-19,-108,-80,2300,332,-19,-108,-80,2300,439,-20,-112,-82,
250,38.91572506666667,-95.31741095,2025/Sep/04,18:03:36,311,480,203,2300,216253.32,55302,-106,-18,-67,8,2300,386,-15,-104,-79,2300,203,-18,-106,-66,2300,202,-20,-112,-79,2300,332,-20,-109,-79,
250,38.9157251,-95.31741101666667,2025/Sep/04,18:03:38,311,480,203,2300,216253.32,55302,-109,-17,-70,7,2300,386,-13,-104,-84,2300,203,-17,-109,-72,2300,332,-18,-110,-85,
250,38.915725083333335,-95.317411,2025/Sep/04,18:03:39,311,480,203,2300,216253.32,55302,-107,-16,-71,8,2300,386,-13,-104,-83,2300,203,-16,-107,-71,2300,332,-15,-106,-83,2300,202,-18,-109,-83,
250,38.91572505,-95.31741096666667,2025/Sep/04,18:03:40,311,480,203,2300,216253.32,55302,-105,-17,-68,8,2300,386,-15,-103,-80,2300,203,-17,-105,-67,2300,332,-20,-109,-80,2300,202,-20,-109,-80,2300,6,-20,-118,-81,
250,38.91572503333333,-95.317411,2025/Sep/04,18:03:41,311,480,203,2300,216253.32,55302,-105,-17,-69,9,2300,386,-14,-103,-81,2300,203,-17,-106,-68,2300,332,-20,-109,-82,2300,202,-20,-110,-81,2300,6,-20,-118,-81,2300,110,-20,-114,-81,
250,38.91572503333333,-95.31741101666667,2025/Sep/04,18:03:42,311,480,203,2300,216253.32,55302,-107,-16,-71,8,2300,386,-13,-103,-83,2300,203,-16,-107,-71,2300,332,-17,-107,-83,2300,202,-18,-108,-83,2300,6,-20,-113,-83,
250,38.915725083333335,-95.31741105,2025/Sep/04,18:03:43,311,480,203,2300,216253.32,55302,-106,-15,-69,9,2300,386,-13,-103,-80,2300,203,-15,-106,-68,2300,332,-20,-110,-80,2300,202,-20,-110,-80,2300,6,-20,-118,-80,2300,110,-20,-116,-80,
250,38.91572505,-95.31741105,2025/Sep/04,18:03:44,311,480,203,2300,216253.32,55302,-109,-17,-70,8,2300,386,-13,-105,-85,2300,203,-17,-109,-71,2300,332,-20,-114,-85,2300,202,-20,-114,-84,
250,38.91572503333333,-95.31741105,2025/Sep/04,18:03:45,311,480,203,2300,216253.32,55302,-108,-17,-68,8,2300,386,-12,-103,-83,2300,203,-17,-108,-70,2300,332,-20,-115,-84,2300,202,-19,-111,-83,
250,38.91572501666667,-95.31741105,2025/Sep/04,18:03:46,311,480,203,2300,216253.32,55302,-108,-18,-71,8,2300,386,-14,-105,-84,2300,203,-17,-109,-67,2300,202,-20,-112,-84,2300,110,-20,-116,-84,
250,38.91572501666667,-95.317411,2025/Sep/04,18:03:49,311,480,203,2300,216253.32,55302,-110,-16,-71,8,2300,386,-14,-104,-82,2300,203,-16,-109,-68,2300,202,-20,-114,-81,
250,38.915725083333335,-95.31741101666667,2025/Sep/04,18:03:51,311,480,203,2300,216253.32,55302,-108,-18,-68,8,2300,386,-16,-107,-83,2300,203,-17,-107,-67,2300,202,-20,-110,-83,
250,38.9157251,-95.31741101666667,2025/Sep/04,18:03:52,311,480,203,2300,216253.32,55302,-108,-17,-70,7,2300,386,-13,-103,-82,2300,203,-17,-108,-71,2300,202,-20,-110,-82,
250,38.9157251,-95.317411,2025/Sep/04,18:03:53,311,480,203,2300,216253.32,55302,-103,-13,-68,10,2300,386,-14,-103,-79,2300,203,-14,-103,-67,2300,202,-19,-107,-80,
250,38.9157251,-95.31741098333333,2025/Sep/04,18:03:54,311,480,203,2300,216253.32,55302,-102,-16,-62,9,2300,386,-17,-103,-79,2300,203,-16,-103,-66,2300,202,-20,-110,-79,2300,332,-20,-114,-79,
250,38.915725116666664,-95.31741098333333,2025/Sep/04,18:03:55,311,480,203,2300,216253.32,55302,-106,-16,-69,9,2300,386,-14,-104,-81,2300,203,-16,-105,-67,2300,202,-20,-111,-81,2300,332,-20,-113,-81,2300,212,-20,-116,-81,
250,38.915725116666664,-95.317411,2025/Sep/04,18:03:56,311,480,203,2300,216253.32,55302,-107,-17,-72,8,2300,386,-13,-104,-83,2300,203,-17,-108,-70,2300,202,-20,-112,-83,2300,332,-20,-112,-83,
250,38.9157251,-95.31741101666667,2025/Sep/04,18:03:57,311,480,203,2300,216253.32,55302,-107,-18,-69,8,2300,386,-15,-104,-81,2300,203,-18,-107,-69,2300,202,-20,-111,-81,2300,332,-20,-114,-81,
250,38.91572513333333,-95.31741106666666,2025/Sep/04,18:03:58,311,480,203,2300,216253.32,55302,-108,-16,-70,8,2300,386,-13,-104,-83,2300,203,-16,-107,-71,2300,202,-19,-110,-82,2300,332,-20,-112,-82,
250,38.91572515,-95.31741111666666,2025/Sep/04,18:03:59,311,480,203,2300,216253.32,55302,-107,-16,-70,8,2300,386,-13,-104,-82,2300,203,-16,-107,-69,2300,202,-20,-110,-82,2300,332,-20,-111,-81,
250,38.91572513333333,-95.31741113333334,2025/Sep/04,18:04:00,311,480,203,2300,216253.32,55302,-107,-17,-70,8,2300,386,-13,-104,-83,2300,203,-16,-107,-70,2300,202,-20,-111,-83,2300,332,-20,-110,-82,
250,38.91572506666667,-95.31741113333334,2025/Sep/04,18:04:02,311,480,203,2300,216253.32,55302,-106,-16,-68,8,2300,386,-15,-104,-80,2300,203,-16,-106,-68,2300,202,-20,-109,-80,
250,38.915725,-95.31741106666666,2025/Sep/04,18:04:03,311,480,203,2300,216253.32,55302,-106,-16,-72,8,2300,386,-14,-104,-82,2300,203,-16,-106,-70,2300,202,-20,-110,-82,
250,38.915724983333334,-95.31741105,2025/Sep/04,18:04:04,311,480,203,2300,216253.32,55302,-107,-16,-68,8,2300,386,-12,-102,-81,2300,203,-16,-107,-68,2300,202,-20,-114,-81,2300,332,-20,-114,-81,
250,38.915724983333334,-95.31741106666666,2025/Sep/04,18:04:05,311,480,203,2300,216253.32,55302,-106,-16,-66,9,2300,386,-17,-106,-79,2300,203,-16,-105,-68,2300,202,-20,-110,-80,2300,332,-20,-110,-80,
250,38.915725,-95.31741108333334,2025/Sep/04,18:04:06,311,480,203,2300,216253.32,55302,-106,-18,-70,8,2300,386,-14,-103,-81,2300,203,-17,-106,-68,2300,202,-20,-112,-81,2300,332,-19,-109,-81,
250,38.91572505,-95.31741111666666,2025/Sep/04,18:04:07,311,480,203,2300,216253.32,55302,-107,-16,-66,8,2300,386,-13,-103,-82,2300,203,-14,-105,-70,2300,202,-18,-109,-81,2300,332,-18,-108,-82,
250,38.915725116666664,-95.31741118333333,2025/Sep/04,18:04:08,311,480,203,2300,216253.32,55302,-106,-14,-71,9,2300,386,-14,-104,-80,2300,203,-15,-106,-69,2300,202,-20,-110,-80,2300,332,-18,-107,-81,2300,110,-20,-115,-80,
250,38.915725183333336,-95.31741121666667,2025/Sep/04,18:04:09,311,480,203,2300,216253.32,55302,-107,-17,-71,8,2300,386,-13,-103,-82,2300,203,-16,-107,-71,2300,202,-20,-112,-82,2300,332,-18,-108,-82,
250,38.915725216666665,-95.31741123333333,2025/Sep/04,18:04:10,311,480,203,2300,216253.32,55302,-104,-14,-69,9,2300,386,-14,-103,-80,2300,203,-14,-104,-69,2300,202,-20,-109,-80,2300,332,-20,-109,-80,
250,38.91572525,-95.31741125,2025/Sep/04,18:04:11,311,480,203,2300,216253.32,55302,-105,-16,-69,8,2300,386,-14,-104,-82,2300,203,-16,-106,-69,2300,202,-20,-113,-82,2300,332,-20,-109,-82,2300,6,-20,-119,-82,
250,38.9157253,-95.31741128333333,2025/Sep/04,18:04:12,311,480,203,2300,216253.32,55302,-106,-14,-67,9,2300,386,-13,-104,-82,2300,203,-15,-106,-71,2300,202,-20,-111,-82,
250,38.915725333333334,-95.31741133333334,2025/Sep/04,18:04:14,311,480,203,2300,216253.32,55302,-105,-15,-71,9,2300,386,-14,-103,-80,2300,203,-16,-105,-70,2300,332,-20,-110,-80,2300,202,-20,-111,-79,
250,38.915725333333334,-95.31741145,2025/Sep/04,18:04:17,311,480,203,2300,216253.32,55302,-105,-16,-69,9,2300,386,-16,-104,-79,2300,203,-16,-105,-69,2300,332,-20,-110,-79,2300,202,-20,-112,-79,
250,38.91572535,-95.3174115,2025/Sep/04,18:04:18,311,480,203,2300,216253.32,55302,-105,-15,-66,8,2300,386,-13,-103,-80,2300,203,-16,-105,-69,2300,332,-18,-107,-80,2300,202,-17,-107,-80,2300,6,-20,-111,-80,
250,38.91572535,-95.31741151666667,2025/Sep/04,18:04:19,311,480,203,2300,216253.32,55302,-105,-16,-70,9,2300,386,-14,-104,-81,2300,203,-16,-105,-67,2300,202,-20,-109,-81,
250,38.91572536666666,-95.31741151666667,2025/Sep/04,18:04:20,311,480,203,2300,216253.32,55302,-105,-19,-67,9,2300,386,-18,-105,-79,2300,203,-19,-105,-67,2300,202,-20,-109,-79,
250,38.9157254,-95.31741156666666,2025/Sep/04,18:04:21,311,480,203,2300,216253.32,55302,-106,-16,-71,9,2300,386,-14,-104,-82,2300,203,-16,-106,-71,2300,202,-20,-110,-82,
250,38.91572541666667,-95.31741156666666,2025/Sep/04,18:04:22,311,480,203,2300,216253.32,55302,-105,-17,-67,9,2300,386,-16,-103,-79,2300,203,-17,-106,-67,2300,202,-20,-110,-78,
250,38.91572541666667,-95.31741156666666,2025/Sep/04,18:04:23,311,480,203,2300,216253.32,55302,-106,-17,-67,9,2300,386,-14,-103,-80,2300,203,-16,-106,-71,2300,202,-20,-109,-80,
250,38.91572541666667,-95.31741156666666,2025/Sep/04,18:04:24,311,480,203,2300,216253.32,55302,-105,-16,-67,8,2300,386,-16,-103,-78,2300,203,-17,-105,-66,2300,202,-20,-112,-78,
250,38.91572545,-95.31741161666666,2025/Sep/04,18:04:26,311,480,203,2300,216253.32,55302,-106,-17,-68,8,2300,386,-14,-103,-82,2300,203,-16,-105,-70,2300,202,-20,-110,-82,2300,332,-20,-110,-82,
250,38.915725466666665,-95.31741163333334,2025/Sep/04,18:04:27,311,480,203,2300,216253.32,55302,-108,-15,-71,7,2300,386,-15,-103,-79,2300,203,-15,-106,-68,2300,202,-19,-108,-79,2300,332,-19,-109,-79,
250,38.91572548333333,-95.31741165,2025/Sep/04,18:04:28,311,480,203,2300,216253.32,55302,-106,-18,-69,7,2300,386,-13,-101,-80,2300,203,-18,-106,-68,2300,202,-20,-112,-80,2300,332,-20,-109,-80,2300,110,-20,-114,-80,
250,38.91572548333333,-95.31741165,2025/Sep/04,18:04:29,311,480,203,2300,216253.32,55302,-106,-17,-70,8,2300,386,-15,-103,-81,2300,203,-17,-106,-66,2300,202,-20,-111,-82,2300,212,-20,-118,-81,2300,332,-20,-110,-81,
250,38.91572551666667,-95.31741166666667,2025/Sep/04,18:04:30,311,480,203,2300,216253.32,55302,-107,-16,-70,8,2300,386,-13,-101,-80,2300,203,-16,-107,-68,2300,202,-20,-110,-79,2300,212,-20,-118,-80,2300,110,-20,-113,-79,
250,38.9157255,-95.31741166666667,2025/Sep/04,18:04:31,311,480,203,2300,216253.32,55302,-108,-16,-69,8,2300,386,-11,-101,-82,2300,203,-15,-108,-69,2300,110,-20,-117,-81,2300,212,-20,-119,-81,
250,38.915725466666665,-95.31741163333334,2025/Sep/04,18:04:32,311,480,203,2300,216253.32,55302,-108,-16,-69,7,2300,386,-10,-100,-81,2300,203,-17,-107,-64,2300,110,-17,-104,-78,2300,212,-19,-106,-78,2300,202,-17,-106,-81,
250,38.915725433333336,-95.31741163333334,2025/Sep/04,18:04:33,311,480,203,2300,216253.32,55302,-108,-16,-69,8,2300,386,-11,-100,-81,2300,203,-17,-108,-68,2300,110,-20,-117,-81,2300,202,-20,-113,-81,
250,38.91572541666667,-95.31741163333334,2025/Sep/04,18:04:34,311,480,203,2300,216253.32,55302,-107,-17,-67,8,2300,386,-11,-100,-80,2300,203,-17,-107,-69,2300,110,-20,-115,-80,2300,202,-20,-112,-80,2300,332,-20,-113,-80,
250,38.9157254,-95.31741165,2025/Sep/04,18:04:35,311,480,203,2300,216253.32,55302,-106,-16,-69,8,2300,386,-15,-104,-80,2300,203,-17,-106,-71,2300,332,-20,-113,-80,2300,202,-20,-111,-80,
250,38.915725433333336,-95.31741173333333,2025/Sep/04,18:04:37,311,480,203,2300,216253.32,55302,-106,-17,-71,9,2300,386,-15,-105,-82,2300,203,-16,-106,-70,2300,332,-20,-114,-83,2300,202,-20,-110,-83,2300,110,-20,-118,-83,
250,38.91572545,-95.31741178333333,2025/Sep/04,18:04:38,311,480,203,2300,216253.32,55302,-106,-14,-72,8,2300,386,-13,-104,-80,2300,203,-14,-106,-72,2300,332,-19,-113,-81,2300,202,-18,-109,-80,
250,38.915725466666665,-95.31741181666666,2025/Sep/04,18:04:39,311,480,203,2300,216253.32,55302,-106,-15,-69,9,2300,386,-15,-107,-83,2300,203,-16,-106,-69,2300,332,-20,-113,-83,2300,202,-18,-109,-83,
250,38.915725466666665,-95.31741181666666,2025/Sep/04,18:04:40,311,480,203,2300,216253.32,55302,-106,-15,-69,9,2300,386,-14,-106,-83,2300,203,-15,-106,-70,2300,332,-20,-112,-83,2300,202,-18,-109,-83,
250,38.915725466666665,-95.31741181666666,2025/Sep/04,18:04:41,311,480,203,2300,216253.32,55302,-104,-15,-70,10,2300,386,-14,-107,-83,2300,203,-14,-104,-71,2300,332,-17,-108,-83,2300,202,-18,-110,-83,
250,38.91572553333334,-95.31741188333334,2025/Sep/04,18:04:45,311,480,203,2300,216253.32,55302,-104,-15,-66,10,2300,386,-16,-104,-83,2300,203,-15,-105,-72,2300,332,-20,-111,-83,2300,202,-20,-110,-83,2300,110,-20,-116,-84,2300,212,-20,-118,-83,
250,38.91572555,-95.31741188333334,2025/Sep/04,18:04:46,311,480,203,2300,216253.32,55302,-103,-14,-69,10,2300,386,-14,-104,-81,2300,203,-13,-103,-71,2300,332,-18,-108,-81,2300,202,-18,-108,-81,2300,212,-20,-113,-81,
250,38.91572563333333,-95.31741196666667,2025/Sep/04,18:04:49,311,480,203,2300,216253.32,55302,-104,-15,-65,9,2300,386,-16,-105,-77,2300,203,-16,-103,-64,2300,202,-20,-111,-77,
250,38.91572565,-95.31741198333333,2025/Sep/04,18:04:50,311,480,203,2300,216253.32,55302,-103,-14,-70,9,2300,386,-15,-105,-81,2300,203,-14,-103,-70,2300,202,-19,-108,-81,2300,332,-20,-110,-81,
250,38.91572566666667,-95.31741196666667,2025/Sep/04,18:04:51,311,480,203,2300,216253.32,55302,-103,-12,-71,10,2300,386,-14,-104,-81,2300,203,-14,-104,-69,2300,202,-18,-108,-82,2300,332,-17,-107,-82,
250,38.91572566666667,-95.31741198333333,2025/Sep/04,18:04:52,311,480,203,2300,216253.32,55302,-103,-14,-69,9,2300,386,-16,-106,-78,2300,203,-15,-103,-67,2300,202,-20,-108,-79,2300,332,-20,-110,-78,
250,38.91572566666667,-95.317412,2025/Sep/04,18:04:53,311,480,203,2300,216253.32,55302,-103,-14,-70,9,2300,386,-15,-106,-82,2300,203,-14,-103,-69,2300,202,-19,-109,-82,2300,332,-20,-111,-82,
250,38.915725683333335,-95.31741203333333,2025/Sep/04,18:04:54,311,480,203,2300,216253.32,55302,-103,-14,-69,9,2300,386,-15,-105,-80,2300,203,-14,-103,-69,2300,202,-18,-108,-80,2300,332,-20,-110,-80,
250,38.915725683333335,-95.31741206666666,2025/Sep/04,18:04:55,311,480,203,2300,216253.32,55302,-103,-14,-65,10,2300,386,-16,-105,-79,2300,203,-15,-103,-70,2300,202,-20,-109,-79,
250,38.9157257,-95.31741208333334,2025/Sep/04,18:04:56,311,480,203,2300,216253.32,55302,-104,-15,-68,9,2300,386,-14,-106,-82,2300,203,-15,-104,-70,2300,202,-20,-109,-82,
250,38.9157257,-95.31741208333334,2025/Sep/04,18:04:57,311,480,203,2300,216253.32,55302,-106,-15,-71,7,2300,386,-15,-104,-81,2300,203,-16,-105,-66,2300,202,-18,-107,-81,
250,38.915725683333335,-95.31741208333334,2025/Sep/04,18:04:58,311,480,203,2300,216253.32,55302,-106,-16,-69,7,2300,386,-14,-105,-84,2300,203,-17,-107,-70,2300,202,-20,-111,-84,2300,332,-17,-108,-84,
250,38.915725683333335,-95.31741215,2025/Sep/04,18:05:00,311,480,203,2300,216253.32,55302,-106,-16,-69,9,2300,386,-14,-105,-83,2300,203,-16,-106,-68,2300,202,-19,-109,-82,2300,332,-17,-109,-83,
250,38.915725683333335,-95.31741216666667,2025/Sep/04,18:05:01,311,480,203,2300,216253.32,55302,-108,-18,-66,8,2300,386,-15,-107,-82,2300,203,-18,-108,-70,2300,202,-20,-112,-83,2300,332,-18,-110,-82,
250,38.915725716666664,-95.31741221666667,2025/Sep/04,18:05:02,311,480,203,2300,216253.32,55302,-108,-18,-72,8,2300,386,-15,-108,-84,2300,203,-18,-108,-69,2300,202,-20,-113,-84,2300,332,-18,-110,-84,
250,38.91572575,-95.31741226666666,2025/Sep/04,18:05:03,311,480,203,2300,216253.32,55302,-106,-15,-71,8,2300,386,-13,-103,-82,2300,203,-15,-106,-68,2300,202,-20,-110,-82,2300,332,-20,-111,-82,
250,38.91572576666667,-95.31741233333334,2025/Sep/04,18:05:04,311,480,203,2300,216253.32,55302,-107,-17,-67,9,2300,386,-16,-107,-82,2300,203,-17,-107,-69,2300,202,-20,-110,-82,2300,332,-20,-113,-82,
250,38.9157258,-95.31741241666667,2025/Sep/04,18:05:06,311,480,203,2300,216253.32,55302,-106,-15,-69,9,2300,386,-14,-106,-82,2300,203,-15,-106,-69,2300,202,-19,-111,-82,2300,332,-18,-111,-82,
250,38.91572583333333,-95.31741246666667,2025/Sep/04,18:05:07,311,480,203,2300,216253.32,55302,-106,-16,-69,9,2300,386,-16,-107,-84,2300,203,-15,-106,-71,2300,202,-19,-110,-84,
250,38.91572586666667,-95.31741251666666,2025/Sep/04,18:05:08,311,480,203,2300,216253.32,55302,-106,-17,-69,9,2300,386,-17,-107,-81,2300,203,-17,-106,-70,2300,202,-20,-111,-81,2300,332,-20,-112,-81,
250,38.91572586666667,-95.31741253333334,2025/Sep/04,18:05:09,311,480,203,2300,216253.32,55302,-106,-15,-72,9,2300,386,-15,-107,-83,2300,203,-15,-106,-68,2300,202,-18,-110,-84,2300,332,-18,-109,-83,
250,38.91572586666667,-95.3174125,2025/Sep/04,18:05:10,311,480,203,2300,216253.32,55302,-106,-16,-71,9,2300,386,-14,-106,-83,2300,203,-15,-106,-70,2300,202,-18,-110,-83,2300,332,-20,-114,-82,
250,38.91572586666667,-95.31741258333334,2025/Sep/04,18:05:14,311,480,203,2300,216253.32,55302,-106,-15,-70,9,2300,386,-14,-106,-83,2300,203,-15,-106,-72,2300,202,-17,-109,-83,2300,246,-20,-116,-84,
250,38.91572586666667,-95.31741261666667,2025/Sep/04,18:05:15,311,480,203,2300,216253.32,55302,-108,-15,-69,7,2300,386,-12,-103,-81,2300,203,-15,-108,-70,2300,332,-19,-110,-82,
250,38.91572586666667,-95.31741263333333,2025/Sep/04,18:05:16,311,480,203,2300,216253.32,55302,-106,-17,-68,10,2300,386,-15,-104,-80,2300,203,-17,-106,-69,2300,332,-20,-112,-80,2300,202,-20,-112,-80,2300,6,-20,-118,-81,
250,38.91572588333333,-95.31741266666667,2025/Sep/04,18:05:17,311,480,203,2300,216253.32,55302,-106,-15,-72,8,2300,386,-13,-104,-83,2300,203,-15,-106,-71,2300,332,-18,-110,-83,2300,202,-19,-110,-84,2300,232,-20,-120,-89,
250,38.91572586666667,-95.31741266666667,2025/Sep/04,18:05:18,311,480,203,2300,216253.32,55302,-107,-14,-71,9,2300,386,-13,-104,-83,2300,203,-15,-107,-70,2300,332,-20,-112,-83,2300,202,-20,-111,-83,
250,38.91572585,-95.31741265,2025/Sep/04,18:05:19,311,480,203,2300,216253.32,55302,-107,-16,-70,8,2300,386,-12,-103,-82,2300,203,-16,-107,-70,2300,202,-20,-113,-82,
250,38.915725816666665,-95.31741263333333,2025/Sep/04,18:05:20,311,480,203,2300,216253.32,55302,-106,-15,-70,9,2300,386,-13,-104,-83,2300,203,-15,-106,-69,2300,202,-20,-111,-83,
250,38.9157258,-95.31741261666667,2025/Sep/04,18:05:21,311,480,203,2300,216253.32,55302,-107,-15,-68,8,2300,386,-13,-104,-81,2300,203,-15,-107,-69,2300,202,-20,-114,-81,
250,38.915725783333336,-95.31741261666667,2025/Sep/04,18:05:22,311,480,203,2300,216253.32,55302,-106,-17,-69,9,2300,386,-15,-104,-81,2300,203,-17,-106,-68,2300,202,-20,-110,-81,
250,38.9157258,-95.31741261666667,2025/Sep/04,18:05:25,311,480,203,2300,216253.32,55302,-107,-16,-69,8,2300,386,-13,-104,-83,2300,203,-15,-107,-71,2300,202,-20,-111,-83,
250,38.9157258,-95.31741263333333,2025/Sep/04,18:05:26,311,480,203,2300,216253.32,55302,-106,-16,-68,8,2300,386,-16,-105,-81,2300,203,-16,-106,-68,2300,202,-20,-111,-81,
250,38.915725816666665,-95.31741263333333,2025/Sep/04,18:05:27,311,480,203,2300,216253.32,55302,-107,-14,-71,9,2300,386,-13,-104,-83,2300,203,-14,-106,-70,2300,202,-20,-110,-83,2300,332,-20,-113,-83,
250,38.91572583333333,-95.31741266666667,2025/Sep/04,18:05:28,311,480,203,2300,216253.32,55302,-107,-15,-71,9,2300,386,-13,-104,-83,2300,203,-15,-106,-70,2300,202,-20,-111,-83,2300,332,-19,-110,-83,
250,38.91572586666667,-95.31741271666667,2025/Sep/04,18:05:29,311,480,203,2300,216253.32,55302,-107,-16,-71,8,2300,386,-14,-103,-81,2300,203,-16,-107,-69,2300,202,-20,-111,-81,2300,332,-20,-111,-81,
250,38.915725916666666,-95.31741276666666,2025/Sep/04,18:05:30,311,480,203,2300,216253.32,55302,-107,-16,-69,8,2300,386,-13,-103,-82,2300,203,-16,-107,-70,2300,202,-20,-110,-82,2300,332,-20,-112,-82,2300,110,-20,-117,-82,
250,38.915725916666666,-95.3174128,2025/Sep/04,18:05:31,311,480,203,2300,216253.32,55302,-107,-15,-69,8,2300,386,-13,-103,-83,2300,203,-16,-107,-70,2300,202,-20,-111,-82,2300,332,-19,-109,-83,
250,38.9157259,-95.31741281666666,2025/Sep/04,18:05:32,311,480,203,2300,216253.32,55302,-106,-17,-68,9,2300,386,-14,-104,-82,2300,203,-17,-106,-68,2300,202,-20,-112,-82,2300,332,-20,-112,-82,
250,38.9157259,-95.31741283333334,2025/Sep/04,18:05:33,311,480,203,2300,216253.32,55302,-106,-16,-69,9,2300,386,-13,-104,-83,2300,203,-16,-106,-69,2300,202,-20,-111,-83,2300,332,-20,-112,-82,
250,38.91572588333333,-95.31741283333334,2025/Sep/04,18:05:34,311,480,203,2300,216253.32,55302,-106,-13,-73,9,2300,386,-12,-104,-83,2300,203,-13,-106,-73,2300,202,-20,-111,-83,2300,332,-18,-110,-83,
250,38.91572586666667,-95.31741283333334,2025/Sep/04,18:05:35,311,480,203,2300,216253.32,55302,-107,-15,-70,8,2300,386,-13,-105,-83,2300,203,-15,-107,-70,2300,202,-20,-112,-83,2300,332,-19,-110,-83,
250,38.91572586666667,-95.31741281666666,2025/Sep/04,18:05:37,311,480,203,2300,216253.32,55302,-107,-16,-70,8,2300,386,-13,-104,-82,2300,203,-17,-107,-69,2300,202,-20,-113,-82,2300,332,-20,-114,-82,
250,38.91572586666667,-95.31741278333334,2025/Sep/04,18:05:38,311,480,203,2300,216253.32,55302,-107,-16,-70,8,2300,386,-12,-103,-84,2300,203,-16,-107,-70,2300,202,-20,-112,-84,2300,332,-20,-114,-84,
250,38.91572586666667,-95.31741276666666,2025/Sep/04,18:05:39,311,480,203,2300,216253.32,55302,-107,-16,-68,9,2300,386,-13,-104,-84,2300,203,-14,-106,-71,2300,202,-18,-109,-84,
250,38.9157259,-95.3174128,2025/Sep/04,18:05:42,311,480,203,2300,216253.32,55302,-105,-15,-70,9,2300,386,-14,-104,-82,2300,203,-15,-105,-70,2300,202,-20,-112,-82,
250,38.915725933333334,-95.31741285,2025/Sep/04,18:05:43,311,480,203,2300,216253.32,55302,-106,-16,-67,8,2300,386,-14,-104,-82,2300,203,-16,-106,-70,2300,202,-20,-110,-82,
250,38.91572596666666,-95.31741286666667,2025/Sep/04,18:05:44,311,480,203,2300,216253.32,55302,-107,-17,-70,9,2300,386,-13,-104,-84,2300,203,-16,-107,-67,2300,202,-19,-110,-84,2300,332,-20,-112,-83,
250,38.915726,-95.3174129,2025/Sep/04,18:05:45,311,480,203,2300,216253.32,55302,-106,-15,-71,9,2300,386,-13,-103,-82,2300,203,-13,-106,-71,2300,202,-16,-109,-81,2300,332,-20,-120,-82,
250,38.91572605,-95.31741293333333,2025/Sep/04,18:05:46,311,480,203,2300,216253.32,55302,-106,-16,-69,9,2300,386,-15,-105,-82,2300,203,-16,-106,-70,2300,202,-20,-111,-81,2300,332,-20,-112,-81,
250,38.91572608333333,-95.31741298333333,2025/Sep/04,18:05:47,311,480,203,2300,216253.32,55302,-106,-15,-70,9,2300,386,-11,-104,-85,2300,203,-13,-107,-71,2300,202,-17,-109,-85,2300,332,-17,-110,-84,
250,38.91572613333334,-95.31741303333334,2025/Sep/04,18:05:48,311,480,203,2300,216253.32,55302,-107,-15,-70,8,2300,386,-13,-104,-83,2300,203,-15,-107,-71,2300,202,-20,-111,-83,
250,38.91572615,-95.31741303333334,2025/Sep/04,18:05:50,311,480,203,2300,216253.32,55302,-106,-15,-71,9,2300,386,-15,-105,-81,2300,203,-16,-106,-68,2300,202,-20,-110,-81,
250,38.915726166666666,-95.31741306666666,2025/Sep/04,18:05:51,311,480,203,2300,216253.32,55302,-106,-16,-69,8,2300,386,-14,-105,-83,2300,203,-16,-106,-70,2300,202,-20,-111,-83,2300,208,-20,-120,-83,
250,38.91572615,-95.31741305,2025/Sep/04,18:05:53,311,480,203,2300,216253.32,55302,-106,-15,-72,9,2300,386,-14,-104,-81,2300,203,-15,-106,-70,2300,202,-20,-111,-81,
250,38.915726183333334,-95.31741306666666,2025/Sep/04,18:05:55,311,480,203,2300,216253.32,55302,-106,-16,-70,9,2300,386,-15,-105,-81,2300,203,-16,-106,-69,2300,202,-20,-111,-81,
250,38.915726183333334,-95.31741306666666,2025/Sep/04,18:05:56,311,480,203,2300,216253.32,55302,-106,-16,-69,9,2300,386,-14,-104,-82,2300,203,-16,-106,-69,2300,202,-19,-110,-82,
250,38.91572615,-95.31741301666666,2025/Sep/04,18:05:57,311,480,203,2300,216253.32,55302,-106,-15,-70,9,2300,386,-14,-104,-83,2300,203,-15,-106,-73,2300,202,-20,-111,-83,
250,38.91572613333334,-95.317413,2025/Sep/04,18:05:58,311,480,203,2300,216253.32,55302,-106,-15,-70,9,2300,386,-16,-104,-80,2300,203,-16,-106,-68,2300,202,-17,-106,-80,2300,332,-20,-110,-82,
250,38.91572611666667,-95.31741301666666,2025/Sep/04,18:06:00,311,480,203,2300,216253.32,55302,-106,-16,-67,8,2300,386,-14,-104,-82,2300,203,-16,-106,-68,2300,202,-20,-110,-82,
250,38.9157261,-95.31741301666666,2025/Sep/04,18:06:01,311,480,203,2300,216253.32,55302,-106,-17,-68,9,2300,386,-16,-105,-81,2300,203,-18,-106,-68,2300,202,-20,-111,-80,
250,38.9157261,-95.31741303333334,2025/Sep/04,18:06:02,311,480,203,2300,216253.32,55302,-106,-16,-70,9,2300,386,-14,-104,-83,2300,203,-16,-106,-71,2300,202,-20,-110,-83,
250,38.9157261,-95.31741303333334,2025/Sep/04,18:06:03,311,480,203,2300,216253.32,55302,-106,-18,-67,9,2300,386,-16,-104,-80,2300,203,-18,-106,-68,2300,202,-20,-110,-80,
250,38.91572608333333,-95.31741301666666,2025/Sep/04,18:06:04,311,480,203,2300,216253.32,55302,-106,-15,-72,9,2300,386,-13,-103,-83,2300,203,-15,-106,-72,2300,202,-19,-110,-82,
250,38.9157261,-95.31741305,2025/Sep/04,18:06:05,311,480,203,2300,216253.32,55302,-106,-16,-67,9,2300,386,-15,-104,-82,2300,203,-16,-106,-70,2300,202,-20,-110,-81,2300,332,-20,-112,-81,
250,38.91572611666667,-95.31741306666666,2025/Sep/04,18:06:06,311,480,203,2300,216253.32,55302,-107,-14,-71,9,2300,386,-13,-104,-83,2300,203,-16,-107,-72,2300,202,-20,-111,-83,2300,332,-19,-111,-83,
250,38.91572611666667,-95.31741308333334,2025/Sep/04,18:06:10,311,480,203,2300,216253.32,55302,-106,-17,-68,9,2300,386,-16,-104,-80,2300,203,-17,-106,-67,2300,202,-20,-112,-80,2300,332,-20,-112,-80,2300,68,-20,-117,-80,
250,38.915726183333334,-95.31741311666667,2025/Sep/04,18:06:12,311,480,203,2300,216253.32,55302,-106,-16,-69,9,2300,386,-14,-104,-82,2300,203,-15,-106,-70,2300,202,-20,-110,-82,2300,332,-20,-112,-82,
250,38.91572615,-95.31741311666667,2025/Sep/04,18:06:13,311,480,203,2300,216253.32,55302,-106,-14,-70,9,2300,386,-11,-102,-83,2300,203,-14,-106,-70,2300,202,-16,-107,-82,2300,332,-16,-106,-82,2300,68,-16,-107,-83,
250,38.91572615,-95.31741311666667,2025/Sep/04,18:06:14,311,480,203,2300,216253.32,55302,-106,-17,-68,9,2300,386,-15,-105,-83,2300,203,-16,-106,-69,2300,202,-20,-109,-83,
250,38.91572613333334,-95.31741313333333,2025/Sep/04,18:06:15,311,480,203,2300,216253.32,55302,-106,-15,-72,9,2300,386,-14,-105,-83,2300,203,-14,-106,-70,2300,202,-19,-110,-83,2300,332,-19,-110,-83,
250,38.91572611666667,-95.31741311666667,2025/Sep/04,18:06:16,311,480,203,2300,216253.32,55302,-106,-15,-68,9,2300,386,-15,-104,-80,2300,203,-16,-106,-68,2300,202,-20,-110,-80,
250,38.91572611666667,-95.31741311666667,2025/Sep/04,18:06:17,311,480,203,2300,216253.32,55302,-106,-15,-73,9,2300,386,-13,-105,-83,2300,203,-14,-107,-72,2300,202,-19,-110,-84,
250,38.9157261,-95.31741311666667,2025/Sep/04,18:06:18,311,480,203,2300,216253.32,55302,-105,-14,-70,10,2300,386,-15,-106,-82,2300,203,-14,-105,-70,2300,202,-18,-109,-82,
250,38.9157261,-95.31741311666667,2025/Sep/04,18:06:19,311,480,203,2300,216253.32,55302,-107,-15,-72,9,2300,386,-15,-106,-82,2300,203,-16,-106,-69,2300,202,-19,-109,-82,2300,332,-20,-110,-82,
250,38.9157261,-95.31741308333334,2025/Sep/04,18:06:20,311,480,203,2300,216253.32,55302,-106,-16,-72,9,2300,386,-15,-106,-84,2300,203,-15,-106,-72,2300,202,-19,-109,-84,2300,332,-20,-112,-84,2300,6,-20,-120,-83,
250,38.91572611666667,-95.31741308333334,2025/Sep/04,18:06:21,311,480,203,2300,216253.32,55302,-105,-15,-68,9,2300,386,-15,-106,-82,2300,203,-15,-105,-71,2300,202,-19,-108,-82,2300,332,-20,-112,-82,2300,6,-20,-118,-82,
250,38.9157261,-95.31741305,2025/Sep/04,18:06:22,311,480,203,2300,216253.32,55302,-105,-13,-72,10,2300,386,-14,-107,-83,2300,203,-13,-105,-72,2300,202,-18,-109,-83,
250,38.915726066666664,-95.31741306666666,2025/Sep/04,18:06:24,311,480,203,2300,216253.32,55302,-105,-14,-71,9,2300,386,-13,-106,-84,2300,203,-14,-105,-71,2300,202,-18,-110,-84,
250,38.915726066666664,-95.31741306666666,2025/Sep/04,18:06:25,311,480,203,2300,216253.32,55302,-105,-15,-67,10,2300,386,-16,-107,-81,2300,203,-16,-105,-68,2300,202,-20,-110,-81,
250,38.91572608333333,-95.31741308333334,2025/Sep/04,18:06:26,311,480,203,2300,216253.32,55302,-105,-14,-72,9,2300,386,-15,-106,-82,2300,203,-14,-105,-72,2300,202,-19,-109,-81,
250,38.91572608333333,-95.3174131,2025/Sep/04,18:06:27,311,480,203,2300,216253.32,55302,-105,-14,-71,9,2300,386,-14,-106,-83,2300,203,-14,-105,-70,2300,202,-18,-109,-83,
250,38.9157261,-95.3174131,2025/Sep/04,18:06:28,311,480,203,2300,216253.32,55302,-106,-15,-69,9,2300,386,-16,-107,-81,2300,203,-16,-106,-68,2300,202,-20,-110,-82,
250,38.9157261,-95.31741311666667,2025/Sep/04,18:06:29,311,480,203,2300,216253.32,55302,-105,-15,-69,10,2300,386,-15,-107,-82,2300,203,-15,-105,-69,2300,202,-19,-109,-82,
250,38.9157261,-95.31741311666667,2025/Sep/04,18:06:30,311,480,203,2300,216253.32,55302,-106,-16,-68,9,2300,386,-16,-106,-82,2300,203,-17,-106,-69,2300,202,-20,-109,-82,2300,332,-20,-111,-82,
250,38.9157261,-95.3174131,2025/Sep/04,18:06:31,311,480,203,2300,216253.32,55302,-106,-18,-68,8,2300,386,-15,-104,-81,2300,203,-18,-107,-69,2300,202,-20,-115,-81,2300,332,-20,-112,-81,
250,38.915726033333335,-95.3174131,2025/Sep/04,18:06:32,311,480,203,2300,216253.32,55302,-107,-16,-70,8,2300,386,-14,-105,-83,2300,203,-16,-107,-70,2300,202,-19,-109,-83,2300,332,-19,-110,-83,
250,38.91572601666667,-95.3174131,2025/Sep/04,18:06:33,311,480,203,2300,216253.32,55302,-107,-16,-69,8,2300,386,-15,-106,-85,2300,203,-15,-107,-71,2300,202,-20,-112,-85,2300,332,-20,-112,-85,
250,38.915726033333335,-95.31741311666667,2025/Sep/04,18:06:36,311,480,203,2300,216253.32,55302,-106,-14,-70,9,2300,386,-14,-104,-83,2300,203,-16,-107,-72,2300,202,-20,-111,-83,2300,332,-20,-111,-83,
250,38.91572615,-95.31741318333333,2025/Sep/04,18:06:39,311,480,203,2300,216253.32,55302,-106,-15,-69,8,2300,386,-13,-104,-83,2300,203,-15,-107,-71,2300,202,-20,-110,-83,2300,332,-20,-112,-83,
250,38.91572615,-95.31741321666667,2025/Sep/04,18:06:40,311,480,203,2300,216253.32,55302,-105,-16,-69,8,2300,386,-13,-102,-81,2300,203,-16,-106,-70,2300,202,-20,-110,-80,2300,332,-20,-114,-81,2300,212,-20,-118,-80,
250,38.915726166666666,-95.31741325,2025/Sep/04,18:06:41,311,480,203,2300,216253.32,55302,-105,-18,-67,7,2300,386,-15,-104,-81,2300,203,-17,-107,-70,2300,202,-20,-112,-80,2300,332,-20,-113,-80,
250,38.9157262,-95.31741328333334,2025/Sep/04,18:06:42,311,480,203,2300,216253.32,55302,-106,-17,-63,9,2300,386,-15,-104,-81,2300,203,-17,-106,-66,2300,202,-20,-109,-81,2300,332,-20,-115,-81,2300,212,-20,-118,-81,
250,38.91572621666667,-95.3174133,2025/Sep/04,18:06:43,311,480,203,2300,216253.32,55302,-106,-16,-72,8,2300,386,-14,-104,-80,2300,203,-15,-105,-72,2300,202,-20,-110,-80,2300,332,-20,-112,-80,
250,38.915726183333334,-95.31741326666666,2025/Sep/04,18:06:44,311,480,203,2300,216253.32,55302,-107,-15,-69,8,2300,386,-14,-104,-81,2300,203,-15,-106,-70,2300,202,-19,-109,-81,
250,38.9157262,-95.31741325,2025/Sep/04,18:06:45,311,480,203,2300,216253.32,55302,-106,-15,-72,9,2300,386,-12,-102,-82,2300,203,-14,-106,-71,2300,202,-19,-110,-82,2300,332,-20,-114,-82,
250,38.915726183333334,-95.3174132,2025/Sep/04,18:06:47,311,480,203,2300,216253.32,55302,-106,-15,-68,8,2300,386,-13,-104,-83,2300,203,-15,-107,-72,2300,202,-19,-110,-83,2300,110,-20,-119,-83,2300,332,-20,-113,-83,
250,38.915726166666666,-95.31741318333333,2025/Sep/04,18:06:48,311,480,203,2300,216253.32,55302,-107,-16,-69,9,2300,386,-14,-105,-83,2300,203,-15,-107,-70,2300,202,-19,-110,-83,2300,212,-20,-121,-83,2300,332,-20,-111,-83,
250,38.915726166666666,-95.3174132,2025/Sep/04,18:06:49,311,480,203,2300,216253.32,55302,-106,-15,-70,8,2300,386,-13,-104,-80,2300,203,-15,-106,-72,2300,202,-19,-110,-81,2300,110,-20,-117,-81,2300,332,-20,-112,-81,
250,38.91572613333334,-95.31741318333333,2025/Sep/04,18:06:50,311,480,203,2300,216253.32,55302,-107,-16,-69,8,2300,386,-13,-104,-82,2300,203,-15,-107,-71,2300,202,-19,-110,-82,2300,110,-20,-115,-82,2300,332,-20,-112,-82,
250,38.9157261,-95.3174132,2025/Sep/04,18:06:51,311,480,203,2300,216253.32,55302,-107,-16,-71,8,2300,386,-14,-104,-81,2300,203,-16,-107,-69,2300,202,-20,-112,-81,2300,110,-20,-115,-82,2300,332,-20,-112,-81,
250,38.91572611666667,-95.3174132,2025/Sep/04,18:06:52,311,480,203,2300,216253.32,55302,-107,-15,-69,9,2300,386,-13,-104,-83,2300,203,-15,-107,-70,2300,202,-19,-110,-83,2300,332,-20,-112,-83,2300,110,-20,-112,-83,
250,38.91572611666667,-95.3174132,2025/Sep/04,18:06:53,311,480,203,2300,216253.32,55302,-107,-14,-72,7,2300,386,-12,-104,-83,2300,203,-15,-107,-69,2300,202,-19,-111,-83,2300,332,-20,-113,-84,2300,110,-20,-115,-83,
250,38.91572613333334,-95.31741318333333,2025/Sep/04,18:06:54,311,480,203,2300,216253.32,55302,-106,-17,-67,9,2300,386,-15,-104,-77,2300,203,-18,-106,-65,2300,202,-20,-111,-77,2300,6,-20,-116,-77,
250,38.91572611666667,-95.31741316666667,2025/Sep/04,18:06:55,311,480,203,2300,216253.32,55302,-107,-15,-71,7,2300,386,-13,-103,-82,2300,203,-15,-107,-70,2300,202,-20,-111,-82,2300,332,-20,-112,-82,2300,6,-20,-119,-83,
250,38.91572613333334,-95.31741316666667,2025/Sep/04,18:06:56,311,480,203,2300,216253.32,55302,-107,-16,-69,9,2300,386,-12,-104,-83,2300,203,-15,-107,-72,2300,332,-20,-112,-83,2300,110,-20,-117,-84,2300,202,-20,-111,-83,2300,6,-20,-117,-83,
250,38.91572608333333,-95.31741313333333,2025/Sep/04,18:06:57,311,480,203,2300,216253.32,55302,-106,-14,-71,10,2300,386,-13,-104,-82,2300,203,-14,-105,-70,2300,332,-20,-112,-82,2300,6,-20,-119,-83,2300,202,-19,-109,-82,
250,38.91572605,-95.31741308333334,2025/Sep/04,18:06:59,311,480,203,2300,216253.32,55302,-109,-17,-71,7,2300,386,-12,-103,-82,2300,203,-18,-109,-66,2300,332,-20,-116,-83,2300,110,-20,-120,-82,
250,38.915726033333335,-95.3174131,2025/Sep/04,18:07:00,311,480,203,2300,216253.32,55302,-104,-18,-67,9,2300,386,-14,-100,-78,2300,203,-18,-105,-64,2300,202,-20,-109,-78,2300,110,-20,-115,-78,2300,332,-20,-107,-78,
250,38.91572601666667,-95.3174131,2025/Sep/04,18:07:01,311,480,203,2300,216253.32,55302,-91,-13,-58,12,2300,110,-20,-107,-70,2300,203,-12,-90,-57,2300,202,-17,-95,-70,
250,38.91572601666667,-95.31741308333334,2025/Sep/04,18:07:02,311,480,203,2300,216253.32,55302,-95,-14,-62,9,2300,386,-15,-97,-69,2300,203,-12,-89,-53,2300,202,-16,-93,-70,2300,110,-20,-104,-70,
250,38.91575405,-95.317391,2025/Sep/04,18:07:06,311,480,203,2300,216253.32,55302,-91,-13,-60,12,2300,386,-20,-100,-70,2300,203,-14,-92,-58,2300,202,-18,-96,-70,
250,38.91576571666667,-95.31738633333333,2025/Sep/04,18:07:07,311,480,203,2300,216253.32,55302,-91,-12,-56,12,2300,386,-19,-100,-71,2300,203,-12,-91,-59,2300,202,-18,-97,-71,
250,38.91577878333333,-95.31738173333333,2025/Sep/04,18:07:08,311,480,203,2300,216253.32,55302,-91,-11,-59,11,2300,386,-20,-107,-73,2300,203,-11,-92,-62,2300,202,-18,-100,-74,2300,332,-18,-100,-74,
250,38.91579371666667,-95.31737466666667,2025/Sep/04,18:07:09,311,480,203,2300,216253.32,55302,-96,-14,-60,9,2300,386,-16,-98,-73,2300,203,-13,-96,-61,2300,202,-19,-101,-73,2300,332,-16,-98,-73,
250,38.91580748333333,-95.3173684,2025/Sep/04,18:07:10,311,480,203,2300,216253.32,55302,-90,-12,-57,12,2300,386,-20,-100,-70,2300,203,-12,-89,-55,2300,202,-18,-96,-70,2300,243,-20,-107,-69,
250,38.9158353,-95.3173589,2025/Sep/04,18:07:12,311,480,203,2300,216253.32,55302,-93,-12,-63,15,2300,386,-20,-110,-73,2300,203,-12,-94,-65,2300,202,-17,-99,-73,
250,38.91584508333333,-95.31735581666666,2025/Sep/04,18:07:13,311,480,203,2300,216253.32,55302,-96,-10,-64,12,2300,386,-19,-106,-77,2300,203,-11,-96,-67,2300,202,-16,-102,-78,2300,89,-20,-115,-77,
250,38.915853283333334,-95.31735335,2025/Sep/04,18:07:14,311,480,203,2300,216253.32,55302,-96,-12,-64,11,2300,386,-19,-105,-76,2300,203,-12,-96,-63,2300,202,-17,-101,-76,
250,38.91585848333333,-95.31734906666667,2025/Sep/04,18:07:15,311,480,203,2300,216253.32,55302,-95,-12,-59,12,2300,386,-19,-105,-73,2300,203,-12,-95,-59,2300,202,-18,-100,-73,
250,38.91585886666667,-95.31734633333333,2025/Sep/04,18:07:16,311,480,203,2300,216253.32,55302,-95,-12,-60,11,2300,386,-19,-104,-76,2300,203,-12,-95,-63,2300,202,-17,-100,-76,
250,38.91585993333333,-95.31734425,2025/Sep/04,18:07:18,311,480,203,2300,216253.32,55302,-96,-12,-64,12,2300,386,-20,-106,-78,2300,203,-12,-96,-64,2300,202,-17,-102,-77,
250,38.91585985,-95.3173439,2025/Sep/04,18:07:19,311,480,203,2300,216253.32,55302,-96,-13,-63,11,2300,386,-20,-104,-75,2300,203,-13,-95,-64,2300,202,-19,-102,-74,
250,38.91585873333333,-95.31734583333333,2025/Sep/04,18:07:22,311,480,203,2300,216253.32,55302,-95,-13,-64,11,2300,386,-18,-102,-76,2300,203,-12,-95,-64,2300,202,-19,-103,-76,
250,38.91585748333333,-95.31734583333333,2025/Sep/04,18:07:23,311,480,203,2300,216253.32,55302,-96,-13,-65,12,2300,386,-20,-109,-74,2300,203,-13,-96,-60,2300,202,-18,-100,-74,
250,38.91585833333333,-95.3173455,2025/Sep/04,18:07:24,311,480,203,2300,216253.32,55302,-96,-12,-65,13,2300,386,-20,-111,-75,2300,203,-12,-95,-60,2300,202,-17,-100,-74,
250,38.91585918333333,-95.31734485,2025/Sep/04,18:07:26,311,480,203,2300,216253.32,55302,-96,-13,-60,12,2300,386,-20,-111,-75,2300,203,-12,-96,-64,2300,202,-17,-100,-75,
250,38.91585933333333,-95.31734473333333,2025/Sep/04,18:07:27,311,480,203,2300,216253.32,55302,-95,-12,-64,12,2300,386,-20,-112,-73,2300,203,-13,-95,-63,2300,202,-17,-99,-74,
250,38.9158594,-95.31734466666667,2025/Sep/04,18:07:28,311,480,203,2300,216253.32,55302,-95,-12,-61,12,2300,386,-20,-110,-73,2300,203,-12,-95,-63,2300,202,-18,-100,-73,
250,38.91585943333333,-95.31734465,2025/Sep/04,18:07:29,311,480,203,2300,216253.32,55302,-95,-12,-63,12,2300,386,-20,-112,-75,2300,203,-13,-95,-59,2300,202,-17,-100,-75,
250,38.91585946666667,-95.31734463333333,2025/Sep/04,18:07:30,311,480,203,2300,216253.32,55302,-96,-12,-62,12,2300,386,-20,-111,-77,2300,203,-12,-96,-63,2300,202,-17,-101,-76,
250,38.915859483333335,-95.31734461666667,2025/Sep/04,18:07:31,311,480,203,2300,216253.32,55302,-95,-11,-58,12,2300,386,-20,-111,-74,2300,203,-12,-95,-64,2300,202,-17,-100,-73,
250,38.915859483333335,-95.31734461666667,2025/Sep/04,18:07:32,311,480,203,2300,216253.32,55302,-96,-14,-60,13,2300,386,-20,-113,-76,2300,203,-12,-96,-61,2300,202,-17,-101,-76,
250,38.915859516666664,-95.31734463333333,2025/Sep/04,18:07:36,311,480,203,2300,216253.32,55302,-96,-13,-59,12,2300,386,-20,-111,-76,2300,203,-12,-96,-60,2300,202,-16,-100,-76,
250,38.915859516666664,-95.31734463333333,2025/Sep/04,18:07:37,311,480,203,2300,216253.32,55302,-96,-12,-64,13,2300,386,-20,-111,-77,2300,203,-11,-96,-65,2300,202,-17,-101,-77,
250,38.915859516666664,-95.31734465,2025/Sep/04,18:07:38,311,480,203,2300,216253.32,55302,-96,-10,-65,12,2300,386,-20,-108,-74,2300,203,-11,-96,-63,2300,202,-16,-101,-76,
250,38.915859516666664,-95.31734465,2025/Sep/04,18:07:39,311,480,203,2300,216253.32,55302,-96,-13,-61,14,2300,386,-20,-111,-74,2300,203,-13,-96,-64,2300,202,-18,-101,-75,
250,38.915859516666664,-95.31734465,2025/Sep/04,18:07:40,311,480,203,2300,216253.32,55302,-96,-13,-61,13,2300,386,-20,-111,-74,2300,203,-13,-96,-62,2300,202,-18,-100,-74,
250,38.915859516666664,-95.31734466666667,2025/Sep/04,18:07:41,311,480,203,2300,216253.32,55302,-95,-13,-65,15,2300,202,-17,-99,-73,2300,203,-12,-95,-61,
250,38.915859516666664,-95.31734465,2025/Sep/04,18:07:42,311,480,203,2300,216253.32,55302,-95,-13,-61,12,2300,202,-17,-99,-75,2300,203,-13,-95,-58,2300,110,-20,-111,-75,2300,406,-20,-111,-75,
250,38.915859516666664,-95.31734465,2025/Sep/04,18:07:43,311,480,203,2300,216253.32,55302,-95,-11,-63,12,2300,202,-16,-99,-76,2300,203,-11,-95,-63,2300,110,-20,-113,-75,2300,406,-20,-113,-76,
250,38.915859516666664,-95.31734465,2025/Sep/04,18:07:44,311,480,203,2300,216253.32,55302,-95,-12,-63,12,2300,202,-17,-99,-74,2300,203,-12,-95,-64,2300,386,-20,-108,-75,
250,38.915859516666664,-95.31734466666667,2025/Sep/04,18:07:45,311,480,203,2300,216253.32,55302,-95,-14,-57,12,2300,202,-19,-98,-70,2300,203,-14,-94,-57,2300,386,-20,-105,-70,
250,38.91585953333333,-95.31734471666667,2025/Sep/04,18:07:47,311,480,203,2300,216253.32,55302,-95,-15,-59,12,2300,202,-19,-99,-75,2300,203,-15,-95,-61,2300,386,-20,-108,-75,
250,38.91585953333333,-95.31734473333333,2025/Sep/04,18:07:48,311,480,203,2300,216253.32,55302,-95,-15,-59,12,2300,202,-20,-100,-71,2300,203,-15,-95,-59,2300,386,-20,-108,-71,
250,38.91585953333333,-95.31734475,2025/Sep/04,18:07:49,311,480,203,2300,216253.32,55302,-95,-14,-58,14,2300,202,-19,-99,-72,2300,203,-14,-95,-58,2300,386,-20,-108,-72,
250,38.91585955,-95.31734476666666,2025/Sep/04,18:07:50,311,480,203,2300,216253.32,55302,-95,-15,-59,12,2300,202,-19,-99,-72,2300,203,-15,-95,-59,2300,386,-20,-107,-72,
250,38.91585955,-95.31734478333334,2025/Sep/04,18:07:51,311,480,203,2300,216253.32,55302,-95,-15,-59,12,2300,202,-18,-99,-73,2300,203,-14,-95,-60,2300,386,-20,-107,-73,2300,332,-20,-108,-73,
250,38.91585956666667,-95.3173448,2025/Sep/04,18:07:52,311,480,203,2300,216253.32,55302,-95,-15,-59,12,2300,202,-19,-99,-71,2300,203,-15,-95,-58,2300,386,-20,-108,-71,2300,332,-20,-108,-71,
250,38.91585956666667,-95.31734481666666,2025/Sep/04,18:07:53,311,480,203,2300,216253.32,55302,-95,-14,-61,14,2300,202,-18,-99,-73,2300,203,-15,-95,-59,2300,386,-20,-109,-73,2300,332,-20,-109,-73,
250,38.91585958333334,-95.31734483333334,2025/Sep/04,18:07:54,311,480,203,2300,216253.32,55302,-95,-14,-58,13,2300,202,-19,-99,-71,2300,203,-14,-95,-58,2300,386,-20,-108,-71,
250,38.91585956666667,-95.31734485,2025/Sep/04,18:07:55,311,480,203,2300,216253.32,55302,-95,-13,-58,13,2300,202,-20,-100,-71,2300,203,-13,-95,-58,2300,386,-20,-105,-71,2300,110,-20,-109,-71,
250,38.91585956666667,-95.31734486666667,2025/Sep/04,18:07:56,311,480,203,2300,216253.32,55302,-95,-13,-59,14,2300,202,-20,-100,-72,2300,203,-14,-95,-58,2300,110,-20,-108,-72,
250,38.91585956666667,-95.31734488333333,2025/Sep/04,18:07:57,311,480,203,2300,216253.32,55302,-94,-13,-58,14,2300,202,-18,-98,-72,2300,203,-14,-95,-61,2300,110,-20,-107,-71,
250,38.91585956666667,-95.3173449,2025/Sep/04,18:07:59,311,480,203,2300,216253.32,55302,-95,-14,-59,12,2300,202,-19,-99,-72,2300,203,-15,-95,-58,2300,6,-20,-110,-73,2300,386,-20,-105,-72,
250,38.91585958333334,-95.3173449,2025/Sep/04,18:08:00,311,480,203,2300,216253.32,55302,-95,-13,-58,13,2300,202,-17,-99,-74,2300,203,-13,-95,-58,2300,386,-20,-108,-74,
250,38.91585958333334,-95.3173449,2025/Sep/04,18:08:01,311,480,203,2300,216253.32,55302,-95,-11,-62,12,2300,202,-19,-99,-75,2300,203,-13,-95,-59,2300,386,-20,-107,-75,
250,38.91585958333334,-95.31734495,2025/Sep/04,18:08:04,311,480,203,2300,216253.32,55302,-95,-12,-61,12,2300,202,-17,-99,-74,2300,203,-12,-95,-61,2300,386,-20,-107,-75,
250,38.91585958333334,-95.31734496666667,2025/Sep/04,18:08:05,311,480,203,2300,216253.32,55302,-95,-14,-60,12,2300,202,-17,-98,-73,2300,203,-14,-95,-62,2300,110,-20,-110,-73,
250,38.91585958333334,-95.31734496666667,2025/Sep/04,18:08:06,311,480,203,2300,216253.32,55302,-95,-13,-59,13,2300,202,-17,-99,-72,2300,203,-14,-95,-60,2300,110,-20,-111,-72,
250,38.91585958333334,-95.31734496666667,2025/Sep/04,18:08:07,311,480,203,2300,216253.32,55302,-95,-13,-62,13,2300,202,-17,-99,-75,2300,203,-12,-95,-63,2300,110,-20,-112,-75,
250,38.91585958333334,-95.31734498333333,2025/Sep/04,18:08:08,311,480,203,2300,216253.32,55302,-95,-12,-60,13,2300,202,-17,-99,-74,2300,203,-13,-95,-59,2300,110,-20,-111,-74,2300,386,-20,-107,-74,
250,38.91585751666667,-95.31734581666667,2025/Sep/04,18:08:10,311,480,203,2300,216253.32,55302,-95,-12,-64,12,2300,202,-16,-99,-75,2300,203,-11,-95,-63,2300,110,-20,-112,-75,2300,386,-20,-107,-75,
250,38.91585631666667,-95.31734583333333,2025/Sep/04,18:08:11,311,480,203,2300,216253.32,55302,-95,-12,-62,12,2300,202,-16,-100,-75,2300,203,-12,-95,-63,2300,110,-20,-109,-75,2300,386,-20,-107,-75,
250,38.91585583333333,-95.3173445,2025/Sep/04,18:08:12,311,480,203,2300,216253.32,55302,-95,-13,-59,13,2300,202,-18,-100,-73,2300,203,-13,-95,-61,2300,386,-20,-110,-74,
250,38.9158559,-95.3173438,2025/Sep/04,18:08:13,311,480,203,2300,216253.32,55302,-95,-12,-63,13,2300,202,-17,-100,-74,2300,203,-12,-95,-61,2300,386,-20,-112,-75,
250,38.91585645,-95.31734256666667,2025/Sep/04,18:08:14,311,480,203,2300,216253.32,55302,-95,-13,-58,12,2300,202,-18,-99,-72,2300,203,-14,-95,-60,2300,386,-20,-107,-73,
250,38.9158563,-95.31734171666666,2025/Sep/04,18:08:15,311,480,203,2300,216253.32,55302,-95,-13,-63,12,2300,202,-18,-100,-73,2300,203,-13,-95,-60,2300,386,-20,-110,-73,
250,38.915856266666665,-95.31734125,2025/Sep/04,18:08:16,311,480,203,2300,216253.32,55302,-95,-13,-63,13,2300,202,-17,-99,-75,2300,203,-12,-95,-62,2300,386,-20,-106,-75,
250,38.9158573,-95.31734148333334,2025/Sep/04,18:08:17,311,480,203,2300,216253.32,55302,-95,-13,-59,12,2300,202,-17,-99,-74,2300,203,-13,-95,-61,2300,386,-20,-111,-73,
250,38.91585836666667,-95.31734158333333,2025/Sep/04,18:08:18,311,480,203,2300,216253.32,55302,-95,-12,-63,12,2300,202,-17,-99,-75,2300,203,-12,-95,-62,2300,386,-20,-111,-74,2300,152,-20,-115,-78,
250,38.91585925,-95.3173431,2025/Sep/04,18:08:19,311,480,203,2300,216253.32,55302,-95,-12,-63,14,2300,202,-17,-99,-74,2300,203,-13,-95,-63,2300,110,-20,-112,-74,
250,38.915860216666665,-95.31734445,2025/Sep/04,18:08:20,311,480,203,2300,216253.32,55302,-95,-12,-61,12,2300,202,-17,-99,-75,2300,203,-12,-95,-62,2300,110,-20,-111,-75,
250,38.91586175,-95.31734636666667,2025/Sep/04,18:08:21,311,480,203,2300,216253.32,55302,-95,-12,-62,12,2300,202,-17,-100,-75,2300,203,-12,-95,-62,2300,110,-20,-111,-75,
250,38.91586268333333,-95.31734753333333,2025/Sep/04,18:08:23,311,480,203,2300,216253.32,55302,-95,-13,-61,14,2300,202,-17,-99,-75,2300,203,-13,-95,-61,2300,110,-20,-110,-75,
250,38.91586285,-95.31734775,2025/Sep/04,18:08:24,311,480,203,2300,216253.32,55302,-95,-12,-63,14,2300,202,-16,-99,-75,2300,203,-12,-95,-63,2300,110,-20,-112,-75,2300,6,-20,-112,-75,
250,38.915863,-95.31734795,2025/Sep/04,18:08:26,311,480,203,2300,216253.32,55302,-95,-13,-60,12,2300,202,-17,-100,-75,2300,203,-12,-95,-61,2300,386,-20,-109,-75,
250,38.91586301666667,-95.31734798333333,2025/Sep/04,18:08:27,311,480,203,2300,216253.32,55302,-95,-12,-62,12,2300,202,-17,-100,-72,2300,203,-12,-95,-62,2300,386,-20,-109,-72,
250,38.91586303333333,-95.31734801666667,2025/Sep/04,18:08:29,311,480,203,2300,216253.32,55302,-95,-12,-64,12,2300,202,-17,-100,-74,2300,203,-11,-95,-62,2300,386,-20,-105,-74,
250,38.91586301666667,-95.31734801666667,2025/Sep/04,18:08:32,311,480,203,2300,216253.32,55302,-95,-12,-62,13,2300,202,-17,-99,-75,2300,203,-12,-95,-63,2300,386,-20,-106,-75,
250,38.91586301666667,-95.31734805,2025/Sep/04,18:08:34,311,480,203,2300,216253.32,55302,-95,-13,-60,13,2300,202,-17,-99,-75,2300,203,-13,-95,-63,2300,386,-20,-107,-74,
250,38.91586301666667,-95.31734806666667,2025/Sep/04,18:08:35,311,480,203,2300,216253.32,55302,-95,-14,-63,14,2300,202,-18,-100,-75,2300,203,-13,-95,-64,2300,386,-20,-107,-75,
250,38.91586303333333,-95.31734808333333,2025/Sep/04,18:08:36,311,480,203,2300,216253.32,55302,-95,-11,-63,13,2300,202,-16,-99,-75,2300,203,-11,-95,-63,2300,386,-20,-107,-75,
250,38.91586301666667,-95.3173481,2025/Sep/04,18:08:37,311,480,203,2300,216253.32,55302,-95,-12,-60,14,2300,202,-18,-99,-72,2300,203,-14,-95,-59,2300,110,-20,-110,-73,
250,38.915863,-95.3173481,2025/Sep/04,18:08:38,311,480,203,2300,216253.32,55302,-95,-15,-64,13,2300,202,-17,-99,-74,2300,203,-14,-95,-62,
250,38.915863,-95.31734811666666,2025/Sep/04,18:08:39,311,480,203,2300,216253.32,55302,-95,-12,-61,12,2300,202,-16,-99,-75,2300,203,-12,-95,-62,
250,38.915862966666666,-95.31734813333334,2025/Sep/04,18:08:40,311,480,203,2300,216253.32,55302,-95,-12,-63,14,2300,202,-17,-99,-74,2300,203,-12,-95,-63,2300,386,-20,-108,-74,
250,38.91586295,-95.31734816666666,2025/Sep/04,18:08:41,311,480,203,2300,216253.32,55302,-95,-14,-59,13,2300,202,-18,-99,-75,2300,203,-14,-95,-62,2300,386,-20,-107,-75,
250,38.91586295,-95.31734821666667,2025/Sep/04,18:08:42,311,480,203,2300,216253.32,55302,-95,-11,-63,13,2300,202,-16,-99,-75,2300,203,-11,-95,-63,2300,386,-20,-106,-75,2300,232,-20,-114,-80,
250,38.91586291666667,-95.31734823333333,2025/Sep/04,18:08:43,311,480,203,2300,216253.32,55302,-95,-12,-62,12,2300,202,-17,-99,-74,2300,203,-12,-95,-63,2300,386,-20,-107,-74,
250,38.91586288333333,-95.31734821666667,2025/Sep/04,18:08:44,311,480,203,2300,216253.32,55302,-95,-11,-63,14,2300,202,-16,-99,-76,2300,203,-11,-95,-64,
250,38.915862866666664,-95.31734823333333,2025/Sep/04,18:08:45,311,480,203,2300,216253.32,55302,-95,-11,-59,13,2300,202,-17,-99,-75,2300,203,-13,-95,-62,2300,110,-20,-111,-75,2300,406,-20,-109,-75,
250,38.91586285,-95.31734823333333,2025/Sep/04,18:08:46,311,480,203,2300,216253.32,55302,-95,-12,-63,12,2300,202,-17,-99,-72,2300,203,-12,-95,-62,2300,110,-20,-111,-73,2300,406,-20,-111,-72,
250,38.915862833333335,-95.3173482,2025/Sep/04,18:08:47,311,480,203,2300,216253.32,55302,-95,-12,-64,13,2300,202,-16,-99,-76,2300,203,-11,-95,-63,
250,38.915862833333335,-95.31734818333334,2025/Sep/04,18:08:48,311,480,203,2300,216253.32,55302,-95,-12,-63,13,2300,202,-17,-100,-74,2300,203,-12,-95,-59,2300,386,-20,-109,-74,2300,332,-20,-112,-74,
250,38.915862833333335,-95.31734818333334,2025/Sep/04,18:08:49,311,480,203,2300,216253.32,55302,-95,-13,-58,12,2300,202,-17,-99,-74,2300,203,-13,-95,-57,2300,386,-20,-106,-75,2300,184,-20,-111,-74,
250,38.91586281666667,-95.31734818333334,2025/Sep/04,18:08:50,311,480,203,2300,216253.32,55302,-95,-12,-62,12,2300,202,-17,-99,-75,2300,203,-12,-95,-62,2300,386,-20,-106,-75,2300,332,-20,-112,-75,
250,38.91586281666667,-95.3173482,2025/Sep/04,18:08:51,311,480,203,2300,216253.32,55302,-95,-12,-63,14,2300,202,-17,-99,-73,2300,203,-12,-95,-62,
250,38.9158628,-95.31734818333334,2025/Sep/04,18:08:52,311,480,203,2300,216253.32,55302,-95,-13,-62,13,2300,202,-16,-99,-76,2300,203,-13,-95,-60,
250,38.91586278333333,-95.31734816666666,2025/Sep/04,18:08:53,311,480,203,2300,216253.32,55302,-95,-12,-60,12,2300,202,-16,-99,-75,2300,203,-12,-95,-60,
250,38.91586278333333,-95.31734818333334,2025/Sep/04,18:08:54,311,480,203,2300,216253.32,55302,-95,-11,-64,14,2300,202,-17,-100,-75,2300,203,-11,-95,-60,2300,406,-20,-114,-76,
250,38.91586278333333,-95.31734818333334,2025/Sep/04,18:08:55,311,480,203,2300,216253.32,55302,-95,-12,-59,12,2300,202,-17,-99,-74,2300,203,-13,-95,-60,2300,406,-20,-111,-74,
250,38.9158628,-95.3173482,2025/Sep/04,18:08:58,311,480,203,2300,216253.32,55302,-98,-12,-66,12,2300,202,-19,-105,-76,2300,203,-12,-99,-66,2300,110,-20,-113,-76,2300,386,-20,-107,-77,2300,6,-20,-115,-77,
250,38.9158628,-95.31734818333334,2025/Sep/04,18:09:01,311,480,203,2300,216253.32,55302,-98,-13,-66,13,2300,202,-18,-105,-79,2300,203,-13,-99,-65,2300,386,-15,-102,-79,2300,110,-18,-106,-79,
250,38.9158628,-95.31734818333334,2025/Sep/04,18:09:02,311,480,203,2300,216253.32,55302,-101,-15,-67,8,2300,110,-20,-113,-79,2300,203,-15,-102,-69,2300,386,-14,-102,-79,
250,38.915862266666664,-95.3173705,2025/Sep/04,18:09:03,311,480,203,2300,216253.32,55302,-100,-15,-61,14,2300,110,-20,-111,-75,2300,203,-15,-99,-62,2300,386,-20,-111,-75,2300,202,-20,-106,-75,
250,38.91586216666666,-95.3174145,2025/Sep/04,18:09:04,311,480,386,2300,216150.32,55302,-93,-13,-55,10,2300,110,-20,-100,-70,2300,203,-20,-99,-70,2300,386,-13,-92,-60,2300,202,-20,-108,-70,2300,332,-20,-101,-71,
250,38.91586483333333,-95.31749858333333,2025/Sep/04,18:09:05,311,480,386,2300,216150.32,55302,-91,-15,-54,8,2300,110,-14,-85,-63,2300,203,-14,-84,-62,2300,386,-16,-89,-52,2300,202,-17,-88,-63,2300,332,-17,-88,-62,2300,212,-17,-91,-63,
250,38.915844316666664,-95.31766761666667,2025/Sep/04,18:09:06,311,480,203,2300,216253.32,55302,-84,-14,-48,10,2300,202,-20,-94,-59,2300,203,-15,-84,-46,2300,289,-20,-97,-59,2300,110,-20,-90,-59,2300,386,-18,-87,-59,2300,281,-20,-89,-59,
250,38.91583995,-95.31786768333333,2025/Sep/04,18:09:07,311,480,203,2300,216253.32,55302,-87,-19,-48,7,2300,32,-20,-94,-62,2300,203,-18,-87,-51,2300,386,-16,-86,-62,2300,110,-18,-87,-62,2300,104,-20,-89,-62,
250,38.91586701666667,-95.31823195,2025/Sep/04,18:09:09,311,480,203,2300,216253.32,55302,-87,-17,-47,9,2300,104,-20,-92,-61,2300,203,-17,-86,-47,2300,386,-17,-88,-61,2300,110,-18,-89,-61,2300,332,-20,-90,-61,2300,281,-18,-88,-61,
250,38.91589755,-95.31839633333334,2025/Sep/04,18:09:10,311,480,203,2300,216253.32,55302,-85,-16,-47,10,2300,104,-20,-90,-58,2300,203,-16,-85,-48,2300,386,-19,-87,-58,2300,281,-18,-87,-59,2300,110,-20,-92,-58,2300,374,-20,-91,-58,
250,38.9159398,-95.31856458333333,2025/Sep/04,18:09:11,311,480,203,2300,216253.32,55302,-87,-18,-46,8,2300,104,-18,-86,-59,2300,203,-17,-87,-47,2300,332,-20,-89,-60,2300,110,-20,-89,-59,2300,281,-15,-84,-60,2300,212,-20,-93,-59,2300,386,-15,-83,-59,
250,38.91602003333333,-95.31873485,2025/Sep/04,18:09:12,311,480,203,2300,216253.32,55302,-89,-19,-47,8,2300,104,-18,-87,-60,2300,203,-19,-88,-47,2300,110,-20,-88,-60,2300,386,-16,-85,-60,2300,202,-20,-96,-60,2300,281,-17,-86,-60,
260,38.9161713,-95.31885195,2025/Sep/04,18:09:13,311,480,104,2300,216144.32,55302,-87,-18,-49,7,2300,104,-19,-89,-50,2300,203,-20,-92,-61,2300,369,-20,-93,-61,2300,386,-15,-84,-61,2300,110,-17,-86,-61,2300,281,-19,-88,-61,
270,38.916311316666665,-95.31890278333333,2025/Sep/04,18:09:14,311,480,386,2300,216150.32,55302,-88,-17,-51,9,2300,104,-16,-87,-62,2300,281,-17,-89,-62,2300,203,-20,-93,-62,2300,386,-16,-88,-50,2300,110,-16,-87,-62,
280,38.9164428,-95.31886623333334,2025/Sep/04,18:09:15,311,480,386,2300,216150.32,55302,-87,-16,-53,9,2300,104,-18,-91,-65,2300,369,-20,-98,-65,2300,110,-17,-89,-65,2300,386,-16,-88,-52,2300,370,-20,-97,-65,
270,38.91658575,-95.31878286666667,2025/Sep/04,18:09:16,311,480,386,2300,216150.32,55302,-90,-17,-53,8,2300,203,-20,-94,-66,2300,104,-19,-92,-66,2300,110,-17,-90,-65,2300,386,-18,-90,-53,2300,281,-18,-91,-66,
270,38.91673001666667,-95.31868531666667,2025/Sep/04,18:09:17,311,480,386,2300,216150.32,55302,-91,-16,-55,7,2300,203,-15,-88,-64,2300,104,-17,-89,-64,2300,110,-13,-87,-64,2300,386,-16,-91,-55,2300,281,-15,-88,-64,2300,369,-17,-90,-64,
280,38.91682213333333,-95.3184721,2025/Sep/04,18:09:18,311,480,203,2300,216253.32,55302,-92,-18,-54,5,2300,203,-18,-92,-51,2300,370,-20,-98,-64,2300,110,-17,-91,-64,2300,369,-17,-91,-64,
280,38.916895933333336,-95.31827335,2025/Sep/04,18:09:19,311,480,203,2300,216253.32,55302,-90,-17,-54,8,2300,203,-18,-93,-55,2300,202,-20,-94,-65,2300,437,-16,-91,-65,2300,369,-19,-92,-65,2300,281,-14,-89,-65,2300,256,-20,-94,-65,2300,337,-14,-86,-64,
290,38.9170037,-95.31779963333334,2025/Sep/04,18:09:21,
290,38.91703255,-95.31756553333334,2025/Sep/04,18:09:22,311,480,281,2300,216247.32,55302,-92,-17,-56,8,2300,369,-16,-90,-65,2300,281,-17,-91,-55,2300,386,-19,-93,-65,2300,203,-17,-91,-65,2300,370,-20,-93,-65,
290,38.91707475,-95.3173352,2025/Sep/04,18:09:23,311,480,281,2300,216247.32,55302,-92,-18,-54,6,2300,369,-20,-95,-66,2300,281,-18,-93,-54,2300,386,-18,-91,-66,2300,203,-20,-93,-66,2300,370,-20,-100,-66,2300,437,-20,-94,-67,2300,256,-20,-96,-66,
280,38.91706756666667,-95.31708348333333,2025/Sep/04,18:09:24,311,480,281,2300,216247.32,55302,-93,-18,-54,6,2300,369,-20,-100,-64,2300,281,-18,-93,-53,2300,386,-18,-90,-64,2300,203,-18,-90,-64,2300,256,-20,-97,-64,2300,437,-20,-94,-64,
290,38.91707291666667,-95.31685595,2025/Sep/04,18:09:25,311,480,281,2300,216247.32,55302,-94,-20,-51,4,2300,437,-17,-89,-64,2300,281,-18,-93,-53,2300,386,-16,-90,-64,2300,203,-12,-84,-64,2300,256,-18,-91,-65,2300,337,-20,-93,-64,
300,38.91705436666667,-95.3164553,2025/Sep/04,18:09:27,311,480,386,5230,216150.3,55302,-79,-18,-42,7,5230,386,-18,-79,-43,5230,110,-18,-85,-53,5230,281,-20,-84,-53,
300,38.91697248333333,-95.31605686666667,2025/Sep/04,18:09:29,311,480,386,5230,216150.3,55302,-79,-17,-44,6,5230,386,-18,-79,-41,5230,110,-17,-83,-52,5230,104,-20,-86,-51,
300,38.91690173333333,-95.3158538,2025/Sep/04,18:09:30,311,480,386,5230,216150.3,55302,-77,-19,-39,6,5230,386,-19,-77,-39,5230,374,-20,-83,-49,
310,38.91683713333333,-95.31564948333333,2025/Sep/04,18:09:31,311,480,386,5230,216150.3,55302,-78,-17,-41,7,5230,386,-17,-78,-41,5230,110,-17,-80,-52,5230,330,-20,-84,-52,
310,38.91673915,-95.31543666666667,2025/Sep/04,18:09:32,311,480,386,5230,216150.3,55302,-79,-18,-43,6,5230,386,-18,-79,-42,5230,110,-16,-77,-53,5230,330,-20,-86,-53,5230,374,-20,-86,-52,5230,437,-20,-82,-53,
310,38.916650733333334,-95.31525415,2025/Sep/04,18:09:33,311,480,386,5230,216150.3,55302,-81,-20,-42,4,5230,386,-20,-81,-42,5230,437,-19,-85,-52,5230,281,-20,-80,-52,
310,38.916557733333335,-95.31510213333334,2025/Sep/04,18:09:34,311,480,386,5230,216150.3,55302,-80,-20,-43,6,5230,386,-20,-81,-44,5230,437,-19,-82,-55,5230,110,-20,-86,-55,5230,281,-19,-80,-55,
320,38.916432533333335,-95.31495175,2025/Sep/04,18:09:35,311,480,386,5230,216150.3,55302,-81,-20,-41,4,5230,386,-20,-80,-42,5230,437,-17,-80,-52,5230,330,-19,-82,-52,
320,38.91615715,-95.31468641666666,2025/Sep/04,18:09:37,311,480,203,5230,216253.3,55302,-78,-15,-46,9,5230,203,-16,-78,-45,5230,330,-19,-83,-55,5230,386,-15,-78,-54,5230,212,-20,-91,-54,
320,38.9160127,-95.31459148333333,2025/Sep/04,18:09:38,311,480,203,2300,216253.32,55302,-87,-18,-48,8,2300,203,-18,-87,-50,2300,281,-15,-86,-63,2300,437,-18,-88,-63,2300,386,-20,-91,-64,2300,202,-20,-92,-64,
320,38.91576978333333,-95.31471665,2025/Sep/04,18:09:40,311,480,203,2300,216253.32,55302,-86,-18,-48,8,2300,203,-18,-86,-50,2300,281,-18,-87,-61,2300,386,-19,-88,-61,2300,104,-20,-93,-61,
320,38.91569795,-95.31472728333334,2025/Sep/04,18:09:41,311,480,203,2300,216253.32,55302,-88,-18,-49,7,2300,203,-18,-88,-50,2300,281,-16,-87,-63,2300,386,-18,-89,-63,2300,332,-20,-98,-64,2300,104,-20,-100,-64,
320,38.915844283333335,-95.31508301666666,2025/Sep/04,18:09:42,311,480,203,2300,216253.32,55302,-86,-17,-48,8,2300,203,-18,-87,-50,2300,281,-18,-88,-62,2300,386,-20,-91,-61,2300,437,-19,-89,-61,2300,202,-20,-93,-61,
320,38.91597923333333,-95.31566905,2025/Sep/04,18:09:44,311,480,203,2300,216253.32,55302,-87,-16,-49,9,2300,203,-16,-86,-48,2300,281,-19,-89,-62,2300,386,-20,-92,-62,2300,437,-19,-88,-62,
320,38.91606635,-95.315857,2025/Sep/04,18:09:45,311,480,203,2300,216253.32,55302,-85,-15,-49,10,2300,203,-15,-84,-46,2300,281,-20,-89,-60,2300,437,-17,-87,-60,2300,386,-20,-94,-60,2300,332,-20,-93,-60,2300,369,-20,-94,-60,
320,38.916117883333335,-95.31605861666667,2025/Sep/04,18:09:46,311,480,203,2300,216253.32,55302,-86,-17,-48,8,2300,203,-18,-86,-48,2300,281,-18,-87,-61,2300,386,-20,-92,-61,2300,110,-20,-94,-61,
320,38.91618218333333,-95.3162448,2025/Sep/04,18:09:47,311,480,203,2300,216253.32,55302,-85,-16,-49,9,2300,203,-16,-85,-50,2300,281,-17,-87,-61,2300,386,-20,-93,-62,2300,455,-20,-99,-62,
330,38.916227066666664,-95.31642025,2025/Sep/04,18:09:48,311,480,203,2300,216253.32,55302,-85,-17,-47,9,2300,203,-17,-85,-48,2300,281,-19,-88,-61,2300,386,-20,-90,-61,2300,202,-20,-93,-61,2300,437,-20,-88,-61,
330,38.91629353333333,-95.31661106666667,2025/Sep/04,18:09:49,311,480,203,2300,216253.32,55302,-86,-16,-50,9,2300,203,-16,-86,-50,2300,281,-18,-88,-62,2300,386,-20,-91,-62,
330,38.916343766666664,-95.31678991666666,2025/Sep/04,18:09:50,311,480,203,2300,216253.32,55302,-85,-15,-49,9,2300,203,-15,-85,-49,2300,281,-15,-86,-63,2300,386,-17,-88,-63,2300,437,-15,-87,-63,
330,38.916383333333336,-95.31698088333333,2025/Sep/04,18:09:51,311,480,203,2300,216253.32,55302,-85,-16,-49,9,2300,203,-16,-85,-49,2300,202,-20,-91,-62,2300,386,-20,-92,-62,2300,437,-17,-87,-63,2300,39,-20,-100,-65,2300,281,-18,-88,-62,
330,38.916419866666665,-95.31716263333334,2025/Sep/04,18:09:52,311,480,203,2300,216253.32,55302,-83,-16,-47,9,2300,203,-16,-83,-48,2300,202,-20,-93,-60,2300,386,-20,-93,-60,2300,437,-19,-87,-60,
330,38.91645945,-95.31733833333334,2025/Sep/04,18:09:53,311,480,203,2300,216253.32,55302,-84,-15,-47,9,2300,203,-15,-83,-48,2300,202,-20,-93,-61,2300,386,-20,-92,-61,2300,437,-17,-86,-61,2300,281,-20,-91,-60,
330,38.91650515,-95.31752166666666,2025/Sep/04,18:09:54,311,480,203,2300,216253.32,55302,-84,-16,-48,9,2300,203,-19,-88,-48,2300,386,-17,-86,-60,2300,437,-20,-89,-60,2300,448,-20,-91,-60,2300,374,-20,-98,-61,2300,104,-20,-91,-60,
340,38.91659445,-95.31832243333334,2025/Sep/04,18:09:59,311,480,203,2300,216253.32,55302,-89,-19,-50,5,2300,203,-19,-89,-50,2300,386,-19,-89,-62,2300,374,-20,-99,-63,2300,437,-20,-95,-62,
340,38.916595683333334,-95.31845985,2025/Sep/04,18:10:00,311,480,386,775,216150.34,55302,-85,-17,-53,7,775,386,-18,-85,-51,775,369,-20,-97,-58,775,110,-20,-92,-59,
340,38.91658713333333,-95.318618,2025/Sep/04,18:10:01,311,480,203,5230,216253.3,55302,-79,-19,-42,6,5230,203,-20,-81,-43,5230,104,-18,-80,-53,5230,110,-17,-80,-53,5230,256,-20,-87,-53,
340,38.91657488333333,-95.31876805,2025/Sep/04,18:10:02,311,480,386,5230,216150.3,55302,-83,-20,-44,6,5230,437,-20,-85,-54,5230,281,-18,-80,-54,5230,110,-17,-79,-54,5230,386,-20,-83,-45,5230,330,-17,-78,-54,5230,374,-20,-84,-54,
340,38.9165598,-95.31891925,2025/Sep/04,18:10:03,311,480,386,5230,216150.3,55302,-82,-20,-42,6,5230,437,-20,-87,-52,5230,330,-18,-79,-52,5230,281,-19,-79,-52,5230,386,-20,-82,-42,5230,203,-16,-77,-52,5230,374,-20,-85,-52,
340,38.91654173333333,-95.3190803,2025/Sep/04,18:10:04,311,480,386,5230,216150.3,55302,-80,-20,-40,7,5230,386,-20,-80,-40,5230,330,-20,-79,-50,5230,374,-20,-85,-50,5230,203,-17,-75,-50,5230,110,-19,-79,-50,
340,38.91653238333333,-95.31923335,2025/Sep/04,18:10:05,311,480,386,5230,216150.3,55302,-79,-19,-41,6,5230,386,-19,-79,-42,5230,203,-13,-72,-51,5230,256,-20,-81,-52,5230,330,-18,-78,-52,
340,38.916498483333335,-95.31938816666667,2025/Sep/04,18:10:06,311,480,386,2300,216150.32,55302,-88,-18,-48,8,2300,386,-18,-88,-50,2300,369,-20,-98,-62,2300,203,-20,-96,-62,2300,448,-20,-94,-62,2300,104,-20,-95,-62,2300,374,-20,-96,-62,
340,38.91647843333333,-95.31954521666667,2025/Sep/04,18:10:07,311,480,386,2300,216150.32,55302,-88,-19,-47,7,2300,386,-18,-88,-49,2300,369,-20,-97,-62,2300,203,-20,-96,-62,2300,448,-20,-94,-62,2300,104,-20,-94,-62,2300,374,-20,-94,-62,
340,38.916447516666665,-95.31969996666666,2025/Sep/04,18:10:08,311,480,386,2300,216150.32,55302,-89,-18,-48,7,2300,386,-19,-89,-49,2300,374,-20,-94,-62,2300,203,-20,-95,-62,2300,448,-20,-92,-62,2300,104,-20,-94,-62,2300,369,-20,-93,-62,
340,38.916411966666665,-95.31983125,2025/Sep/04,18:10:09,311,480,386,2300,216150.32,55302,-90,-20,-49,6,2300,386,-20,-91,-53,2300,374,-20,-94,-63,2300,203,-20,-93,-63,2300,369,-20,-97,-62,2300,104,-20,-92,-63,
340,38.916380583333336,-95.31998076666666,2025/Sep/04,18:10:10,311,480,386,2300,216150.32,55302,-92,-20,-52,6,2300,386,-20,-92,-52,2300,110,-17,-89,-64,2300,203,-19,-90,-63,2300,104,-18,-90,-64,2300,374,-20,-96,-63,
340,38.91635493333333,-95.32012178333333,2025/Sep/04,18:10:11,311,480,386,775,216150.34,55302,-85,-14,-56,7,775,110,-19,-92,-61,775,386,-15,-85,-52,775,104,-20,-95,-60,
340,38.91632366666666,-95.3202692,2025/Sep/04,18:10:12,311,480,386,775,216150.34,55302,-85,-18,-51,9,775,110,-20,-94,-59,775,386,-18,-84,-51,775,104,-20,-96,-59,
340,38.91629666666667,-95.3204037,2025/Sep/04,18:10:13,311,480,386,775,216150.34,55302,-83,-13,-57,7,775,110,-20,-91,-60,775,386,-14,-83,-51,775,104,-19,-91,-60,775,203,-20,-93,-59,775,374,-20,-90,-60,
340,38.916264733333335,-95.32054946666666,2025/Sep/04,18:10:14,311,480,386,775,216150.34,55302,-84,-16,-54,6,775,110,-20,-93,-60,775,386,-16,-84,-53,775,104,-20,-95,-60,775,374,-20,-93,-60,
340,38.9162446,-95.32069413333333,2025/Sep/04,18:10:15,311,480,386,775,216150.34,55302,-83,-18,-51,8,775,110,-20,-93,-57,775,386,-17,-82,-51,775,104,-20,-93,-57,775,203,-20,-87,-57,
340,38.91622593333334,-95.32083363333334,2025/Sep/04,18:10:16,311,480,386,775,216150.34,55302,-80,-14,-53,8,775,110,-17,-85,-59,775,386,-15,-80,-49,775,104,-20,-88,-59,775,203,-14,-82,-59,
340,38.91623033333333,-95.32095905,2025/Sep/04,18:10:17,311,480,386,775,216150.34,55302,-83,-19,-49,9,775,110,-14,-83,-57,775,386,-19,-83,-50,775,104,-18,-82,-57,775,369,-20,-91,-57,
340,38.916423716666664,-95.32112755,2025/Sep/04,18:10:19,311,480,386,775,216150.34,55302,-85,-20,-50,8,775,110,-16,-83,-57,775,386,-19,-84,-50,775,203,-20,-91,-57,775,369,-19,-91,-57,
340,38.9165375,-95.32113828333334,2025/Sep/04,18:10:20,311,480,386,775,216150.34,55302,-85,-15,-52,7,775,110,-14,-81,-60,775,386,-16,-86,-55,775,203,-17,-88,-62,775,104,-16,-85,-60,775,399,-17,-88,-64,775,369,-18,-86,-60,
350,38.9166585,-95.32110356666666,2025/Sep/04,18:10:21,311,480,386,775,216150.34,55302,-86,-16,-53,8,775,104,-19,-90,-62,775,386,-17,-86,-57,775,203,-20,-93,-62,
350,38.916742416666665,-95.32095388333333,2025/Sep/04,18:10:22,311,480,386,2300,216150.32,55302,-92,-20,-52,6,2300,110,-17,-93,-65,2300,386,-20,-92,-52,2300,203,-19,-94,-65,2300,369,-19,-94,-64,2300,281,-18,-90,-65,
350,38.9168094,-95.32077571666666,2025/Sep/04,18:10:23,311,480,386,2300,216150.32,55302,-94,-20,-52,4,2300,110,-20,-94,-63,2300,386,-20,-99,-64,2300,104,-20,-98,-63,2300,203,-16,-91,-52,2300,369,-18,-92,-63,2300,332,-20,-95,-63,2300,437,-19,-92,-63,
350,38.91694436666667,-95.31993248333333,2025/Sep/04,18:10:27,311,480,203,2300,216253.32,55302,-89,-16,-49,8,2300,369,-20,-94,-64,2300,386,-20,-99,-63,2300,332,-20,-96,-63,2300,203,-16,-89,-49,
350,38.91694211666667,-95.31971275,2025/Sep/04,18:10:28,311,480,203,2300,216253.32,55302,-90,-19,-50,8,2300,110,-20,-92,-61,2300,386,-20,-99,-61,2300,203,-18,-90,-48,2300,437,-20,-91,-61,
350,38.91695826666667,-95.31947653333333,2025/Sep/04,18:10:29,311,480,203,2300,216253.32,55302,-88,-17,-47,8,2300,369,-19,-92,-61,2300,386,-20,-97,-60,2300,203,-17,-88,-47,2300,437,-20,-90,-60,
340,38.91697318333333,-95.31900468333333,2025/Sep/04,18:10:31,311,480,203,2300,216253.32,55302,-88,-18,-47,9,2300,203,-18,-87,-50,2300,386,-20,-95,-63,2300,437,-20,-91,-63,
340,38.91694068333334,-95.31876825,2025/Sep/04,18:10:32,311,480,203,2300,216253.32,55302,-87,-15,-51,10,2300,203,-15,-86,-51,2300,386,-20,-94,-62,2300,437,-20,-91,-63,2300,202,-20,-94,-62,
340,38.9169346,-95.31852301666666,2025/Sep/04,18:10:33,311,480,203,2300,216253.32,55302,-87,-16,-49,9,2300,203,-15,-87,-50,2300,202,-20,-97,-63,2300,337,-20,-95,-63,2300,110,-20,-93,-63,2300,437,-18,-88,-63,
340,38.91691421666667,-95.31828546666667,2025/Sep/04,18:10:34,311,480,203,2300,216253.32,55302,-86,-16,-48,9,2300,203,-16,-86,-49,2300,437,-18,-88,-62,2300,337,-20,-96,-62,2300,110,-20,-98,-62,2300,202,-20,-96,-62,
340,38.91690985,-95.3180672,2025/Sep/04,18:10:35,311,480,203,2300,216253.32,55302,-87,-16,-48,9,2300,203,-16,-87,-50,2300,437,-18,-89,-63,2300,337,-20,-96,-63,2300,110,-20,-98,-63,2300,202,-20,-94,-63,
340,38.916877283333335,-95.31784806666667,2025/Sep/04,18:10:36,311,480,203,2300,216253.32,55302,-87,-18,-48,9,2300,203,-18,-87,-48,2300,437,-20,-89,-61,2300,337,-20,-96,-62,2300,110,-20,-95,-61,2300,202,-20,-94,-61,
340,38.91686285,-95.31762936666667,2025/Sep/04,18:10:37,311,480,203,2300,216253.32,55302,-86,-16,-48,9,2300,203,-16,-86,-50,2300,437,-20,-91,-62,2300,337,-20,-94,-62,2300,34,-20,-98,-63,2300,202,-20,-93,-62,2300,386,-20,-97,-62,2300,110,-20,-95,-62,
340,38.916846166666666,-95.317418,2025/Sep/04,18:10:38,311,480,203,2300,216253.32,55302,-87,-16,-50,9,2300,203,-17,-87,-50,2300,437,-20,-91,-63,2300,386,-20,-95,-62,2300,202,-20,-92,-62,2300,369,-20,-98,-63,
340,38.91681801666667,-95.31721353333333,2025/Sep/04,18:10:39,311,480,203,2300,216253.32,55302,-88,-18,-49,9,2300,203,-18,-88,-49,2300,202,-20,-94,-61,2300,386,-20,-95,-61,2300,374,-20,-97,-61,2300,337,-20,-96,-61,2300,110,-20,-96,-61,2300,256,-20,-94,-61,
340,38.916777366666665,-95.31679613333333,2025/Sep/04,18:10:41,311,480,203,2300,216253.32,55302,-88,-17,-51,9,2300,203,-18,-89,-51,2300,202,-20,-95,-64,2300,386,-20,-100,-64,2300,256,-20,-93,-64,
340,38.91668185,-95.31639848333333,2025/Sep/04,18:10:43,311,480,203,2300,216253.32,55302,-90,-19,-51,7,2300,203,-19,-90,-52,2300,202,-20,-95,-63,2300,337,-20,-92,-62,2300,369,-20,-92,-63,2300,32,-20,-96,-63,2300,386,-20,-96,-63,
340,38.91664766666667,-95.31620088333334,2025/Sep/04,18:10:44,311,480,203,2300,216253.32,55302,-90,-20,-49,7,2300,203,-19,-89,-49,2300,202,-20,-96,-63,2300,337,-20,-92,-63,2300,369,-20,-92,-63,2300,281,-18,-90,-63,2300,256,-20,-95,-63,2300,104,-20,-96,-63,
340,38.91659886666667,-95.3160053,2025/Sep/04,18:10:45,311,480,203,2300,216253.32,55302,-93,-20,-52,6,2300,203,-20,-94,-51,2300,202,-20,-96,-63,2300,337,-19,-92,-64,2300,386,-18,-90,-63,2300,281,-16,-89,-63,2300,110,-20,-95,-63,
340,38.916546966666665,-95.31582135,2025/Sep/04,18:10:46,311,480,203,2300,216253.32,55302,-89,-19,-48,5,2300,203,-19,-88,-50,2300,332,-18,-88,-61,2300,337,-20,-94,-61,2300,386,-20,-90,-62,2300,281,-18,-88,-62,2300,170,-20,-93,-61,2300,256,-20,-93,-62,
350,38.916478733333335,-95.31564116666667,2025/Sep/04,18:10:47,311,480,110,775,216458.34,55302,-86,-18,-52,9,775,110,-18,-86,-55,775,104,-19,-87,-60,775,386,-15,-83,-60,775,170,-20,-96,-60,
350,38.916399866666666,-95.31549053333333,2025/Sep/04,18:10:48,311,480,110,775,216458.34,55302,-84,-18,-54,8,775,110,-18,-85,-53,775,104,-20,-88,-59,775,202,-20,-92,-59,775,374,-20,-95,-59,775,203,-20,-95,-59,775,386,-16,-83,-59,
350,38.91632918333333,-95.31536776666667,2025/Sep/04,18:10:49,311,480,110,775,216458.34,55302,-86,-19,-56,8,775,110,-18,-87,-55,775,373,-20,-94,-62,775,202,-20,-94,-63,775,374,-20,-94,-62,775,203,-20,-93,-63,775,386,-15,-84,-63,
310,38.91619133333333,-95.31528883333333,2025/Sep/04,18:10:50,311,480,110,775,216458.34,55302,-86,-18,-54,7,775,110,-18,-87,-55,775,386,-20,-90,-60,775,202,-20,-93,-62,775,203,-19,-89,-60,775,104,-20,-94,-60,
310,38.916079,-95.31526848333333,2025/Sep/04,18:10:51,311,480,110,775,216458.34,55302,-87,-19,-54,5,775,110,-19,-87,-53,775,386,-20,-91,-61,775,374,-20,-91,-61,
320,38.915985983333336,-95.31530155,2025/Sep/04,18:10:52,311,480,110,775,216458.34,55302,-90,-18,-57,7,775,110,-19,-87,-53,775,386,-19,-89,-61,775,104,-20,-93,-61,775,170,-20,-95,-61,
330,38.91593958333333,-95.31588111666667,2025/Sep/04,18:10:56,311,480,110,775,216458.34,55302,-88,-19,-56,7,775,110,-20,-89,-52,775,386,-17,-86,-60,775,104,-20,-91,-60,775,437,-20,-97,-60,775,203,-20,-96,-59,
340,38.9159473,-95.31601541666667,2025/Sep/04,18:10:57,311,480,110,775,216458.34,55302,-88,-17,-54,8,775,110,-17,-88,-54,775,386,-15,-85,-63,775,500,-20,-99,-63,
340,38.915971516666666,-95.31618068333333,2025/Sep/04,18:10:58,311,480,110,775,216458.34,55302,-86,-17,-53,8,775,110,-17,-86,-59,775,386,-18,-88,-62,
340,38.91603453333333,-95.31631955,2025/Sep/04,18:10:59,311,480,110,775,216458.34,55302,-86,-19,-54,8,775,110,-19,-86,-52,775,386,-17,-85,-59,775,203,-20,-90,-59,775,104,-20,-90,-59,775,437,-20,-96,-59,775,410,-20,-94,-59,
340,38.9160677,-95.3164509,2025/Sep/04,18:11:00,311,480,110,775,216458.34,55302,-88,-17,-59,9,775,110,-16,-88,-58,775,369,-20,-93,-64,775,203,-17,-90,-65,775,104,-20,-92,-64,775,437,-20,-97,-65,
350,38.91611353333333,-95.31658358333334,2025/Sep/04,18:11:01,311,480,110,775,216458.34,55302,-88,-20,-53,8,775,110,-19,-88,-54,775,369,-19,-90,-62,775,203,-14,-87,-62,775,104,-18,-88,-62,775,386,-14,-85,-62,
350,38.916158,-95.31670938333333,2025/Sep/04,18:11:02,311,480,110,775,216458.34,55302,-88,-20,-50,8,775,110,-20,-88,-51,775,369,-20,-95,-58,775,203,-18,-89,-58,775,386,-18,-85,-58,775,104,-20,-90,-58,
350,38.9162052,-95.31683268333333,2025/Sep/04,18:11:03,311,480,110,775,216458.34,55302,-91,-20,-54,5,775,110,-20,-91,-61,775,437,-20,-100,-61,775,203,-16,-88,-56,775,104,-19,-89,-61,775,332,-20,-92,-61,
350,38.91625523333333,-95.31696741666667,2025/Sep/04,18:11:04,311,480,203,775,216253.34,55302,-90,-17,-55,7,775,110,-16,-86,-62,775,437,-18,-90,-61,775,203,-17,-90,-55,775,104,-16,-86,-62,775,202,-18,-89,-61,775,386,-15,-85,-62,
350,38.916299216666665,-95.31710951666666,2025/Sep/04,18:11:05,311,480,110,775,216458.34,55302,-90,-20,-54,6,775,110,-20,-90,-54,775,386,-17,-85,-60,775,203,-18,-90,-60,775,104,-18,-86,-61,775,374,-20,-96,-60,775,369,-20,-95,-60,
350,38.91635136666667,-95.3172529,2025/Sep/04,18:11:06,311,480,386,775,216150.34,55302,-89,-19,-55,8,775,110,-16,-87,-62,775,386,-19,-89,-54,775,203,-14,-87,-62,775,369,-20,-92,-62,775,374,-20,-96,-62,775,104,-17,-87,-62,775,437,-20,-92,-62,
360,38.91640386666667,-95.31739153333334,2025/Sep/04,18:11:07,311,480,386,775,216150.34,55302,-91,-20,-54,7,5230,203,-12,-73,-50,5230,386,-15,-75,-41,5230,330,-20,-83,-51,
360,38.91649651666667,-95.31763411666667,2025/Sep/04,18:11:09,311,480,386,5230,216150.3,55302,-76,-17,-43,9,2300,281,-20,-89,-59,2300,202,-20,-89,-59,2300,203,-15,-83,-47,2300,437,-16,-85,-59,
360,38.91655286666666,-95.31776846666666,2025/Sep/04,18:11:10,311,480,203,2300,216253.32,55302,-84,-16,-49,9,2300,386,-20,-90,-62,2300,437,-16,-85,-63,2300,203,-16,-85,-49,2300,281,-20,-91,-62,
360,38.91660335,-95.31790176666667,2025/Sep/04,18:11:11,311,480,203,2300,216253.32,55302,-88,-17,-49,7,2300,386,-14,-84,-61,2300,110,-17,-86,-61,2300,203,-17,-88,-48,
360,38.916623,-95.31803651666667,2025/Sep/04,18:11:12,311,480,203,2300,216253.32,55302,-95,-20,-50,3,2300,386,-13,-84,-61,2300,442,-20,-98,-62,2300,203,-20,-95,-50,2300,110,-15,-85,-61,2300,104,-18,-89,-62,2300,374,-20,-94,-62,
360,38.916643,-95.31821448333334,2025/Sep/04,18:11:13,311,480,386,2300,216150.32,55302,-86,-15,-51,9,2300,386,-16,-86,-49,2300,256,-19,-90,-64,2300,281,-18,-89,-63,2300,110,-16,-87,-63,2300,149,-20,-93,-63,2300,442,-18,-90,-64,
360,38.91657065,-95.31842001666666,2025/Sep/04,18:11:14,311,480,386,2300,216150.32,55302,-87,-18,-48,9,2300,386,-18,-88,-49,2300,369,-20,-91,-63,2300,104,-20,-91,-63,2300,110,-19,-90,-63,2300,332,-20,-101,-63,
360,38.9165124,-95.31863655,2025/Sep/04,18:11:15,311,480,386,2300,216150.32,55302,-89,-20,-48,5,2300,386,-20,-89,-48,2300,203,-17,-88,-61,2300,256,-20,-94,-60,2300,110,-20,-98,-61,2300,104,-20,-96,-61,
370,38.9164322,-95.31883346666666,2025/Sep/04,18:11:16,311,480,203,2300,216253.32,55302,-87,-16,-50,5,2300,369,-20,-96,-62,2300,203,-16,-87,-50,2300,256,-20,-92,-62,2300,110,-20,-92,-62,2300,386,-20,-96,-63,2300,202,-20,-100,-62,
360,38.916294783333335,-95.31899875,2025/Sep/04,18:11:17,311,480,203,2300,216253.32,55302,-88,-17,-49,3,2300,386,-20,-94,-63,2300,203,-17,-87,-50,2300,437,-20,-91,-63,2300,374,-20,-93,-63,
360,38.916087233333336,-95.31938493333334,2025/Sep/04,18:11:19,311,480,203,2300,216253.32,55302,-89,-19,-50,6,2300,386,-20,-94,-63,2300,203,-19,-89,-50,2300,374,-20,-97,-62,2300,437,-18,-89,-62,2300,416,-20,-100,-62,
360,38.916028850000004,-95.31959378333333,2025/Sep/04,18:11:20,311,480,203,2300,216253.32,55302,-89,-18,-49,7,2300,386,-20,-91,-62,2300,203,-18,-89,-49,2300,374,-20,-92,-62,2300,437,-15,-86,-62,
360,38.91598183333333,-95.31981553333334,2025/Sep/04,18:11:21,311,480,203,2300,216253.32,55302,-91,-20,-49,5,2300,110,-19,-88,-47,2300,386,-16,-86,-61,2300,203,-19,-88,-60,2300,281,-20,-92,-61,
310,38.91593331666667,-95.32076558333333,2025/Sep/04,18:11:25,311,480,110,2300,216458.32,55302,-88,-20,-49,7,2300,110,-19,-88,-49,2300,104,-20,-90,-61,2300,256,-20,-93,-62,2300,437,-20,-92,-61,
320,38.91587463333333,-95.32100305,2025/Sep/04,18:11:26,311,480,110,2300,216458.32,55302,-88,-19,-48,7,5230,386,-13,-75,-45,
330,38.91579336666667,-95.32123706666667,2025/Sep/04,18:11:27,311,480,386,5230,216150.3,55302,-76,-16,-44,9,5230,386,-17,-75,-39,5230,203,-17,-77,-50,5230,110,-19,-78,-50,
340,38.91561986666667,-95.3213901,2025/Sep/04,18:11:28,311,480,386,5230,216150.3,55302,-77,-16,-43,7,5230,386,-17,-77,-39,5230,203,-13,-73,-51,5230,110,-19,-79,-51,
340,38.91544676666667,-95.32152793333333,2025/Sep/04,18:11:29,311,480,386,5230,216150.3,55302,-76,-18,-39,6,5230,386,-19,-76,-39,5230,203,-15,-72,-49,5230,110,-20,-85,-49,5230,330,-20,-82,-49,
340,38.91504715,-95.32158288333333,2025/Sep/04,18:11:31,311,480,203,5230,216253.3,55302,-74,-14,-41,10,5230,386,-20,-80,-49,5230,203,-14,-74,-42,5230,110,-20,-88,-50,
350,38.91486306666667,-95.3215903,2025/Sep/04,18:11:32,311,480,203,2300,216253.32,55302,-86,-18,-52,9,2300,203,-18,-86,-48,2300,110,-20,-95,-60,2300,332,-20,-92,-60,2300,256,-20,-92,-60,2300,437,-20,-92,-60,
350,38.91449791666667,-95.3214593,2025/Sep/04,18:11:34,311,480,203,2300,216253.32,55302,-85,-17,-47,10,2300,203,-18,-85,-47,2300,110,-20,-92,-60,2300,437,-20,-88,-60,2300,256,-20,-90,-60,
350,38.91448188333333,-95.32109736666666,2025/Sep/04,18:11:35,311,480,203,2300,216253.32,55302,-86,-17,-48,10,2300,203,-17,-86,-48,2300,340,-20,-96,-61,2300,437,-20,-89,-60,2300,202,-20,-93,-60,2300,104,-20,-95,-61,2300,256,-20,-92,-61,
350,38.91441198333333,-95.32087381666666,2025/Sep/04,18:11:36,311,480,203,2300,216253.32,55302,-85,-17,-47,10,2300,203,-17,-86,-48,2300,256,-20,-90,-61,2300,437,-18,-87,-61,2300,202,-20,-91,-61,2300,110,-18,-88,-61,
350,38.91436828333333,-95.32043013333333,2025/Sep/04,18:11:38,311,480,203,2300,216253.32,55302,-90,-19,-51,8,2300,203,-19,-90,-51,2300,256,-19,-91,-64,2300,281,-18,-90,-64,2300,442,-20,-94,-65,2300,386,-20,-93,-64,2300,374,-19,-91,-63,
360,38.914356833333336,-95.32021266666666,2025/Sep/04,18:11:39,311,480,203,2300,216253.32,55302,-90,-20,-50,6,2300,203,-19,-89,-51,2300,256,-20,-96,-63,2300,386,-20,-94,-63,2300,374,-20,-92,-63,2300,437,-20,-93,-63,2300,110,-20,-93,-63,2300,281,-18,-89,-63,2300,340,-20,-97,-62,
360,38.914416683333336,-95.32000776666666,2025/Sep/04,18:11:40,311,480,203,2300,216253.32,55302,-90,-19,-51,3,2300,203,-18,-89,-50,2300,437,-19,-91,-64,2300,386,-17,-90,-64,2300,256,-18,-90,-63,2300,110,-17,-90,-64,
360,38.91457651666666,-95.31965778333333,2025/Sep/04,18:11:42,311,480,203,2300,216253.32,55302,-92,-20,-51,5,2300,203,-20,-92,-52,2300,110,-20,-92,-64,2300,386,-18,-90,-64,2300,104,-20,-93,-63,2300,256,-20,-95,-63,
360,38.91465023333333,-95.3195066,2025/Sep/04,18:11:43,311,480,203,2300,216253.32,55302,-92,-20,-50,6,2300,203,-20,-92,-51,2300,110,-17,-90,-65,2300,386,-20,-94,-65,2300,332,-20,-96,-64,2300,104,-20,-93,-65,
360,38.91475915,-95.31939578333333,2025/Sep/04,18:11:44,311,480,203,2300,216253.32,55302,-94,-20,-51,4,2300,203,-20,-94,-54,2300,281,-20,-92,-63,2300,374,-20,-100,-64,2300,104,-19,-91,-63,
360,38.9148942,-95.31929553333333,2025/Sep/04,18:11:45,311,480,203,2300,216253.32,55302,-88,-20,-47,7,2300,203,-20,-88,-47,2300,386,-18,-86,-60,2300,110,-17,-86,-60,2300,104,-20,-90,-59,
360,38.91503205,-95.31924086666666,2025/Sep/04,18:11:46,311,480,203,2300,216253.32,55302,-86,-19,-46,8,2300,203,-19,-86,-47,2300,437,-20,-89,-59,
340,38.91530946666666,-95.31919301666667,2025/Sep/04,18:11:48,311,480,110,5230,216458.3,55302,-79,-20,-41,8,5230,110,-20,-79,-41,5230,203,-16,-77,-52,5230,330,-19,-80,-51,
350,38.91544185,-95.31921013333333,2025/Sep/04,18:11:49,311,480,110,5230,216458.3,55302,-79,-20,-41,8,5230,110,-19,-78,-51,5230,203,-17,-76,-41,5230,330,-20,-80,-51,5230,281,-20,-82,-51,
330,38.91557515,-95.31922466666667,2025/Sep/04,18:11:50,311,480,203,2300,216253.32,55302,-88,-19,-49,8,2300,203,-17,-84,-45,2300,437,-20,-88,-59,2300,202,-20,-96,-59,2300,281,-18,-85,-59,2300,110,-20,-94,-59,
360,38.9159679,-95.31949245,2025/Sep/04,18:11:54,311,480,203,2300,216253.32,55302,-83,-17,-45,9,2300,203,-17,-83,-46,2300,437,-20,-87,-59,2300,202,-20,-94,-59,2300,281,-19,-87,-59,
360,38.91604231666667,-95.3195948,2025/Sep/04,18:11:55,311,480,203,2300,216253.32,55302,-82,-16,-46,10,2300,203,-16,-82,-44,2300,437,-19,-85,-58,2300,202,-20,-92,-58,2300,281,-20,-88,-58,2300,386,-20,-93,-58,
360,38.91610431666667,-95.31969186666667,2025/Sep/04,18:11:56,311,480,203,2300,216253.32,55302,-82,-13,-48,10,2300,203,-15,-82,-46,2300,437,-18,-85,-59,2300,202,-20,-90,-59,2300,281,-20,-88,-59,2300,386,-20,-90,-59,
360,38.91614431666667,-95.31980216666666,2025/Sep/04,18:11:57,311,480,203,2300,216253.32,55302,-82,-14,-44,10,2300,203,-15,-82,-48,2300,437,-17,-85,-61,2300,110,-19,-88,-60,2300,281,-20,-90,-60,
360,38.91618185,-95.3199223,2025/Sep/04,18:11:58,311,480,203,2300,216253.32,55302,-83,-15,-49,10,2300,203,-14,-83,-48,2300,437,-16,-85,-61,2300,110,-18,-87,-61,
360,38.91620345,-95.32003961666666,2025/Sep/04,18:11:59,311,480,203,2300,216253.32,55302,-83,-16,-46,9,2300,203,-16,-83,-46,2300,437,-16,-84,-61,2300,110,-17,-86,-61,2300,202,-20,-91,-61,
360,38.91623851666667,-95.32017681666666,2025/Sep/04,18:12:00,311,480,203,2300,216253.32,55302,-84,-17,-47,7,2300,203,-17,-85,-47,2300,437,-19,-87,-59,2300,110,-19,-87,-59,2300,195,-20,-97,-59,
360,38.916254816666665,-95.32030265,2025/Sep/04,18:12:01,311,480,203,2300,216253.32,55302,-87,-19,-48,7,2300,203,-19,-87,-47,2300,437,-20,-96,-61,2300,110,-18,-87,-61,
360,38.916259233333335,-95.32041703333333,2025/Sep/04,18:12:02,311,480,203,2300,216253.32,55302,-88,-18,-49,6,2300,203,-18,-88,-49,2300,110,-16,-86,-61,2300,386,-17,-87,-61,
360,38.9162473,-95.32054125,2025/Sep/04,18:12:03,311,480,203,2300,216253.32,55302,-90,-20,-48,4,775,386,-15,-85,-52,775,110,-17,-88,-63,
360,38.91621833333333,-95.32076178333334,2025/Sep/04,18:12:05,311,480,386,775,216150.34,55302,-85,-18,-51,8,775,386,-17,-85,-53,775,110,-18,-87,-60,775,203,-20,-88,-60,775,104,-20,-90,-60,
360,38.916184433333335,-95.32086475,2025/Sep/04,18:12:06,311,480,386,2300,216150.32,55302,-85,-17,-49,8,2300,386,-18,-85,-46,2300,374,-20,-91,-59,2300,203,-20,-94,-59,2300,256,-20,-96,-59,2300,104,-20,-89,-59,
360,38.9161588,-95.3209596,2025/Sep/04,18:12:07,311,480,386,2300,216150.32,55302,-84,-18,-52,9,2300,386,-18,-85,-47,2300,374,-20,-92,-59,2300,104,-20,-90,-58,2300,110,-20,-89,-58,2300,203,-20,-92,-59,2300,256,-20,-94,-59,2300,170,-20,-94,-59,
360,38.91610608333333,-95.32105726666667,2025/Sep/04,18:12:08,311,480,386,2300,216150.32,55302,-87,-19,-46,8,2300,386,-19,-87,-49,2300,203,-20,-88,-60,2300,104,-20,-91,-60,2300,256,-20,-96,-60,2300,110,-20,-88,-60,
360,38.916056,-95.32115151666666,2025/Sep/04,18:12:09,311,480,386,2300,216150.32,55302,-89,-20,-48,7,2300,386,-20,-89,-49,2300,203,-20,-90,-61,2300,281,-18,-87,-61,2300,256,-20,-94,-61,2300,110,-19,-88,-61,
370,38.915996283333335,-95.32124201666667,2025/Sep/04,18:12:10,311,480,386,2300,216150.32,55302,-92,-20,-49,5,2300,386,-20,-92,-49,2300,110,-18,-88,-61,
370,38.91592635,-95.32133325,2025/Sep/04,18:12:11,311,480,386,5230,216150.3,55302,-76,-13,-44,9,5230,386,-13,-76,-45,5230,281,-19,-80,-53,5230,330,-19,-80,-53,
370,38.9158483,-95.32140945,2025/Sep/04,18:12:12,311,480,386,5230,216150.3,55302,-77,-16,-43,8,5230,386,-16,-77,-43,5230,110,-16,-76,-53,5230,281,-20,-80,-52,
370,38.915752033333334,-95.32147871666666,2025/Sep/04,18:12:13,311,480,386,5230,216150.3,55302,-76,-17,-40,9,5230,386,-17,-76,-42,5230,110,-17,-75,-50,
370,38.91565188333333,-95.32154403333334,2025/Sep/04,18:12:14,311,480,386,5230,216150.3,55302,-77,-17,-43,9,5230,386,-18,-77,-41,5230,110,-18,-78,-51,
370,38.91544493333333,-95.321633,2025/Sep/04,18:12:16,311,480,386,5230,216150.3,55302,-78,-19,-42,9,5230,386,-19,-79,-44,5230,203,-14,-76,-52,5230,330,-18,-79,-52,
370,38.91532985,-95.32166266666667,2025/Sep/04,18:12:17,311,480,386,5230,216150.3,55302,-80,-19,-43,8,5230,386,-19,-79,-41,5230,203,-13,-74,-52,5230,330,-18,-79,-53,5230,110,-19,-79,-52,
370,38.915104783333334,-95.32159613333333,2025/Sep/04,18:12:19,311,480,203,2300,216253.32,55302,-83,-16,-47,9,2300,203,-15,-86,-50,2300,386,-16,-85,-61,2300,110,-20,-90,-62,2300,437,-18,-88,-61,
370,38.91475306666667,-95.3214521,2025/Sep/04,18:12:22,311,480,203,2300,216253.32,55302,-86,-16,-49,8,2300,203,-16,-86,-49,2300,281,-19,-88,-61,2300,110,-20,-90,-61,2300,437,-20,-91,-61,
370,38.9146647,-95.32136818333333,2025/Sep/04,18:12:23,311,480,203,2300,216253.32,55302,-87,-19,-48,6,2300,203,-19,-88,-48,2300,281,-17,-87,-61,2300,170,-20,-90,-61,2300,256,-20,-92,-61,2300,332,-18,-89,-61,2300,5,-20,-98,-61,2300,110,-20,-92,-61,
370,38.91456715,-95.32126691666667,2025/Sep/04,18:12:24,311,480,203,2300,216253.32,55302,-89,-20,-49,7,2300,203,-19,-88,-49,2300,281,-17,-86,-61,2300,110,-20,-93,-62,2300,256,-20,-93,-62,2300,437,-20,-92,-62,2300,332,-20,-91,-62,2300,369,-20,-93,-61,
370,38.91448785,-95.32113635,2025/Sep/04,18:12:25,311,480,203,2300,216253.32,55302,-86,-18,-46,9,5230,203,-9,-73,-55,5230,386,-15,-79,-55,
370,38.9144267,-95.32098825,2025/Sep/04,18:12:26,311,480,203,5230,216253.3,55302,-83,-20,-45,2,5230,203,-19,-82,-42,5230,437,-20,-91,-55,5230,386,-19,-84,-55,
370,38.91435848333333,-95.32081691666667,2025/Sep/04,18:12:27,311,480,203,5230,216253.3,55302,-81,-20,-42,4,5230,203,-19,-81,-45,5230,110,-20,-86,-56,
370,38.91428951666666,-95.32044123333333,2025/Sep/04,18:12:29,311,480,203,5230,216253.3,55302,-77,-18,-43,5,5230,203,-18,-77,-41,5230,386,-20,-87,-53,5230,110,-16,-81,-52,
370,38.91434511666667,-95.32026535,2025/Sep/04,18:12:30,311,480,203,5230,216253.3,55302,-76,-13,-46,8,2300,203,-19,-90,-51,
370,38.914359016666666,-95.32007276666667,2025/Sep/04,18:12:31,311,480,203,2300,216253.32,55302,-88,-18,-49,5,2300,203,-18,-89,-50,2300,110,-17,-90,-63,2300,437,-20,-91,-63,2300,104,-20,-95,-63,2300,386,-18,-91,-63,
370,38.91447406666666,-95.31972208333333,2025/Sep/04,18:12:33,311,480,203,2300,216253.32,55302,-93,-20,-50,3,2300,203,-20,-92,-50,2300,386,-19,-91,-63,2300,369,-19,-91,-63,2300,256,-20,-94,-63,
310,38.91455476666667,-95.3195579,2025/Sep/04,18:12:34,311,480,203,2300,216253.32,55302,-91,-19,-51,6,2300,203,-20,-91,-50,2300,256,-20,-93,-63,2300,437,-20,-93,-63,2300,369,-20,-96,-63,
330,38.9146663,-95.31940563333333,2025/Sep/04,18:12:35,311,480,386,775,216150.34,55302,-89,-20,-55,7,775,386,-20,-89,-51,775,110,-16,-85,-59,775,374,-20,-97,-59,
340,38.9148022,-95.31925953333334,2025/Sep/04,18:12:36,311,480,386,5230,216150.3,55302,-78,-18,-43,9,5230,386,-18,-78,-42,5230,330,-20,-83,-52,5230,110,-20,-83,-52,
340,38.914951933333334,-95.31917806666667,2025/Sep/04,18:12:37,311,480,386,5230,216150.3,55302,-78,-16,-46,9,5230,386,-16,-77,-45,5230,330,-19,-81,-54,5230,110,-20,-87,-55,5230,203,-20,-85,-55,
350,38.915138033333335,-95.3191422,2025/Sep/04,18:12:38,311,480,386,5230,216150.3,55302,-80,-18,-43,8,5230,386,-19,-80,-42,5230,330,-19,-80,-52,5230,110,-16,-77,-53,
360,38.915467316666664,-95.31914521666667,2025/Sep/04,18:12:40,311,480,386,5230,216150.3,55302,-76,-15,-44,9,5230,386,-13,-75,-45,5230,330,-19,-82,-54,5230,110,-14,-76,-54,
370,38.91575221666667,-95.31926645,2025/Sep/04,18:12:42,311,480,386,5230,216150.3,55302,-75,-14,-39,11,5230,386,-15,-74,-44,5230,330,-20,-85,-52,5230,110,-17,-77,-51,
370,38.91586221666667,-95.31936113333333,2025/Sep/04,18:12:43,311,480,386,5230,216150.3,55302,-74,-14,-43,11,5230,386,-14,-74,-43,
370,38.91599301666667,-95.31948691666666,2025/Sep/04,18:12:44,311,480,386,5230,216150.3,55302,-74,-16,-42,9,5230,386,-17,-75,-40,5230,330,-20,-80,-50,
360,38.9161489,-95.31976941666667,2025/Sep/04,18:12:46,311,480,386,5230,216150.3,55302,-79,-18,-42,8,5230,386,-17,-78,-44,5230,110,-16,-78,-53,5230,203,-15,-76,-53,
360,38.9162934,-95.32016956666666,2025/Sep/04,18:12:49,311,480,386,5230,216150.3,55302,-78,-19,-41,8,5230,386,-18,-78,-41,5230,110,-18,-80,-51,5230,203,-17,-76,-51,
370,38.916306266666666,-95.3205749,2025/Sep/04,18:12:52,311,480,386,5230,216150.3,55302,-79,-16,-45,9,5230,386,-16,-79,-46,5230,110,-16,-81,-54,5230,203,-15,-77,-54,
360,38.91629483333333,-95.32070411666666,2025/Sep/04,18:12:53,311,480,386,5230,216150.3,55302,-79,-18,-44,8,5230,386,-18,-79,-44,5230,110,-19,-82,-54,
360,38.916207533333335,-95.32094126666667,2025/Sep/04,18:12:55,311,480,386,5230,216150.3,55302,-80,-18,-45,8,5230,386,-18,-80,-45,5230,110,-18,-81,-54,
370,38.91614761666666,-95.32105726666667,2025/Sep/04,18:12:56,311,480,386,5230,216150.3,55302,-80,-17,-44,8,5230,386,-18,-80,-44,5230,104,-20,-84,-54,5230,330,-18,-81,-54,
370,38.91602928333333,-95.3212741,2025/Sep/04,18:12:58,311,480,386,5230,216150.3,55302,-81,-19,-43,6,5230,386,-19,-81,-44,5230,110,-17,-78,-54,5230,203,-18,-80,-54,
370,38.91595611666666,-95.32135875,2025/Sep/04,18:12:59,311,480,386,5230,216150.3,55302,-81,-17,-46,6,5230,386,-18,-82,-45,5230,110,-16,-78,-54,5230,330,-18,-81,-54,
370,38.915883683333334,-95.32142271666666,2025/Sep/04,18:13:00,311,480,203,5230,216253.3,55302,-79,-17,-43,8,5230,203,-18,-79,-42,5230,110,-16,-77,-52,
370,38.91580153333334,-95.3214823,2025/Sep/04,18:13:01,311,480,203,2300,216253.32,55302,-83,-16,-47,9,2300,203,-16,-83,-44,2300,281,-16,-83,-58,2300,332,-20,-96,-57,2300,337,-20,-95,-57,2300,386,-20,-92,-57,
370,38.91571145,-95.32152678333334,2025/Sep/04,18:13:02,311,480,203,2300,216253.32,55302,-84,-18,-46,9,2300,203,-18,-84,-46,2300,281,-17,-84,-58,2300,110,-20,-94,-58,2300,337,-20,-95,-58,2300,369,-20,-96,-58,2300,437,-20,-93,-58,
370,38.9155316,-95.32160041666667,2025/Sep/04,18:13:04,311,480,203,2300,216253.32,55302,-85,-16,-50,8,2300,203,-16,-85,-50,2300,281,-15,-84,-61,2300,110,-18,-88,-61,2300,386,-18,-88,-61,2300,337,-20,-90,-62,
370,38.91543728333333,-95.32161586666666,2025/Sep/04,18:13:05,311,480,203,2300,216253.32,55302,-85,-16,-46,9,2300,203,-16,-85,-47,2300,281,-20,-87,-59,2300,369,-20,-97,-59,2300,386,-20,-90,-59,
370,38.91533338333333,-95.3216352,2025/Sep/04,18:13:06,311,480,203,2300,216253.32,55302,-84,-17,-45,9,2300,203,-17,-83,-48,2300,386,-20,-91,-59,2300,281,-20,-89,-58,
370,38.915240233333336,-95.32163698333333,2025/Sep/04,18:13:07,311,480,203,2300,216253.32,55302,-82,-14,-47,9,2300,203,-14,-82,-48,2300,386,-20,-92,-61,2300,281,-17,-86,-60,2300,110,-18,-87,-60,2300,202,-17,-85,-60,
370,38.91514458333333,-95.32162615,2025/Sep/04,18:13:08,311,480,203,2300,216253.32,55302,-84,-15,-49,9,2300,203,-16,-85,-47,2300,437,-19,-89,-61,2300,110,-18,-88,-60,
370,38.91505086666667,-95.32159761666666,2025/Sep/04,18:13:09,311,480,203,2300,216253.32,55302,-87,-19,-48,8,2300,203,-19,-87,-47,2300,437,-20,-90,-60,2300,110,-18,-87,-60,2300,369,-20,-92,-60,
370,38.91495185,-95.32156555,2025/Sep/04,18:13:10,311,480,203,2300,216253.32,55302,-85,-17,-47,9,2300,203,-17,-85,-48,2300,437,-18,-86,-60,2300,110,-17,-85,-58,2300,369,-20,-88,-60,2300,104,-18,-86,-58,2300,386,-17,-84,-58,
360,38.9148529,-95.3215115,2025/Sep/04,18:13:11,311,480,203,2300,216253.32,55302,-82,-15,-46,10,2300,203,-15,-82,-46,2300,386,-17,-86,-59,2300,374,-20,-92,-59,2300,110,-20,-95,-59,
360,38.914751833333334,-95.32144661666666,2025/Sep/04,18:13:12,311,480,203,2300,216253.32,55302,-84,-18,-45,8,2300,203,-19,-84,-44,2300,386,-20,-91,-58,2300,374,-20,-90,-58,2300,110,-20,-89,-58,2300,104,-20,-88,-58,
360,38.91464618333333,-95.32136941666667,2025/Sep/04,18:13:13,311,480,203,2300,216253.32,55302,-84,-17,-49,8,2300,203,-16,-85,-49,2300,110,-20,-91,-60,2300,374,-20,-90,-59,2300,386,-18,-87,-60,2300,281,-20,-90,-59,
360,38.91456531666667,-95.3212503,2025/Sep/04,18:13:14,311,480,203,2300,216253.32,55302,-86,-16,-49,10,2300,203,-16,-85,-46,2300,202,-20,-95,-61,
370,38.91441123333333,-95.32094558333333,2025/Sep/04,18:13:16,311,480,203,2300,216253.32,55302,-88,-18,-49,9,2300,203,-18,-89,-50,2300,369,-20,-90,-61,2300,370,-20,-95,-62,2300,437,-17,-89,-61,
370,38.91424048333333,-95.32034558333334,2025/Sep/04,18:13:19,311,480,203,2300,216253.32,55302,-90,-19,-51,9,2300,203,-18,-90,-51,2300,369,-20,-92,-63,2300,374,-20,-92,-63,2300,437,-20,-92,-63,
370,38.914229516666666,-95.32013896666666,2025/Sep/04,18:13:20,311,480,203,2300,216253.32,55302,-88,-19,-48,7,2300,203,-19,-87,-48,2300,369,-20,-92,-61,2300,386,-20,-96,-61,2300,437,-20,-91,-61,2300,281,-18,-87,-61,2300,110,-20,-94,-61,
370,38.9143652,-95.31995816666667,2025/Sep/04,18:13:21,311,480,203,2300,216253.32,55302,-88,-18,-49,6,2300,203,-18,-89,-50,2300,369,-17,-90,-62,2300,110,-19,-90,-62,2300,437,-17,-88,-62,
370,38.91448366666667,-95.31977723333334,2025/Sep/04,18:13:22,311,480,203,2300,216253.32,55302,-88,-17,-50,4,2300,203,-17,-88,-52,2300,386,-18,-91,-64,2300,110,-18,-91,-64,2300,369,-16,-89,-64,2300,370,-19,-92,-64,2300,195,-20,-99,-64,
370,38.91457521666667,-95.31960915,2025/Sep/04,18:13:23,311,480,203,2300,216253.32,55302,-89,-19,-49,6,2300,203,-19,-90,-50,2300,386,-20,-94,-63,2300,110,-17,-89,-63,2300,369,-20,-94,-63,
370,38.914684216666664,-95.31943946666667,2025/Sep/04,18:13:24,311,480,203,2300,216253.32,55302,-91,-20,-51,5,2300,203,-20,-91,-50,2300,104,-20,-92,-63,2300,110,-17,-89,-63,2300,369,-20,-91,-63,
370,38.914812266666665,-95.31932591666667,2025/Sep/04,18:13:25,311,480,110,2300,216458.32,55302,-87,-19,-47,6,2300,386,-17,-86,-60,2300,110,-20,-88,-47,2300,203,-18,-87,-60,2300,104,-20,-90,-60,
370,38.9150859,-95.31916801666667,2025/Sep/04,18:13:27,311,480,110,2300,216458.32,55302,-88,-20,-49,5,2300,386,-17,-86,-61,2300,110,-19,-88,-48,2300,203,-20,-89,-61,2300,437,-20,-93,-61,2300,281,-20,-89,-61,
370,38.91522515,-95.31914446666667,2025/Sep/04,18:13:28,311,480,110,2300,216458.32,55302,-90,-20,-48,4,2300,386,-16,-86,-61,2300,110,-20,-90,-48,
370,38.91534705,-95.31913845,2025/Sep/04,18:13:29,311,480,386,2300,216150.32,55302,-86,-17,-46,6,2300,386,-18,-86,-49,2300,202,-20,-96,-61,2300,104,-20,-90,-61,2300,437,-20,-92,-61,2300,203,-15,-85,-61,
370,38.91547896666667,-95.3191659,2025/Sep/04,18:13:30,311,480,203,2300,216253.32,55302,-87,-18,-50,8,2300,386,-20,-93,-61,2300,332,-20,-89,-61,2300,203,-18,-87,-48,2300,170,-19,-88,-61,2300,437,-20,-90,-61,2300,281,-18,-87,-61,
370,38.91561288333333,-95.31921203333333,2025/Sep/04,18:13:31,311,480,203,2300,216253.32,55302,-88,-18,-48,8,2300,281,-16,-85,-61,2300,437,-20,-90,-61,2300,203,-19,-89,-49,2300,170,-19,-88,-61,2300,332,-20,-90,-61,2300,386,-20,-94,-61,
370,38.915737783333334,-95.31927735,2025/Sep/04,18:13:32,311,480,203,2300,216253.32,55302,-88,-18,-49,8,2300,281,-16,-85,-61,2300,437,-20,-92,-61,2300,203,-18,-87,-48,2300,332,-20,-91,-61,2300,38,-20,-96,-61,2300,110,-20,-98,-61,
370,38.9158447,-95.31935731666667,2025/Sep/04,18:13:33,311,480,203,2300,216253.32,55302,-85,-18,-45,9,2300,281,-19,-86,-59,2300,110,-20,-93,-60,2300,203,-17,-84,-48,2300,202,-20,-94,-60,2300,437,-20,-87,-60,
370,38.91594755,-95.3194635,2025/Sep/04,18:13:34,311,480,203,2300,216253.32,55302,-82,-15,-47,10,2300,281,-19,-87,-59,2300,110,-20,-94,-60,2300,203,-15,-82,-46,2300,202,-20,-92,-60,2300,437,-19,-87,-60,
370,38.91604783333333,-95.31958093333333,2025/Sep/04,18:13:35,311,480,203,2300,216253.32,55302,-82,-15,-47,9,2300,281,-20,-88,-60,2300,386,-20,-92,-59,2300,203,-15,-82,-46,2300,202,-20,-94,-59,2300,437,-18,-86,-60,
370,38.9161051,-95.31971891666667,2025/Sep/04,18:13:36,311,480,203,2300,216253.32,55302,-82,-17,-45,10,2300,437,-19,-85,-58,2300,386,-20,-95,-58,2300,203,-17,-82,-46,2300,202,-20,-95,-58,
370,38.916167433333335,-95.31984758333333,2025/Sep/04,18:13:37,311,480,203,2300,216253.32,55302,-87,-18,-49,6,2300,437,-18,-87,-61,2300,203,-18,-87,-47,2300,386,-20,-97,-62,
370,38.91624481666667,-95.3201421,2025/Sep/04,18:13:39,311,480,203,2300,216253.32,55302,-90,-20,-50,5,2300,110,-16,-86,-63,2300,203,-20,-90,-49,2300,442,-20,-93,-62,
370,38.91625546666667,-95.3202832,2025/Sep/04,18:13:40,311,480,386,5230,216150.3,55302,-76,-15,-44,8,5230,386,-15,-76,-44,5230,203,-13,-73,-52,5230,110,-17,-79,-52,
370,38.916254183333336,-95.32053461666666,2025/Sep/04,18:13:42,311,480,203,5230,216253.3,55302,-76,-18,-41,8,5230,386,-12,-75,-53,5230,203,-19,-77,-41,5230,110,-18,-81,-53,
370,38.916171166666665,-95.32089465,2025/Sep/04,18:13:45,311,480,203,5230,216253.3,55302,-80,-19,-42,7,5230,386,-14,-77,-53,5230,203,-20,-80,-43,5230,437,-20,-84,-53,
370,38.91609593333333,-95.32111521666667,2025/Sep/04,18:13:47,311,480,203,5230,216253.3,55302,-83,-20,-45,5,5230,386,-15,-78,-42,5230,330,-20,-82,-53,5230,110,-18,-80,-53,
370,38.91595515,-95.32129331666667,2025/Sep/04,18:13:49,311,480,386,5230,216150.3,55302,-79,-14,-45,8,5230,386,-14,-79,-45,5230,110,-16,-78,-53,
380,38.915877316666666,-95.3213808,2025/Sep/04,18:13:50,311,480,386,5230,216150.3,55302,-79,-15,-45,8,5230,386,-15,-79,-45,5230,110,-16,-78,-54,5230,203,-20,-88,-54,
380,38.91579965,-95.32144086666666,2025/Sep/04,18:13:51,311,480,203,2300,216253.32,55302,-84,-15,-49,8,2300,203,-15,-84,-49,2300,281,-16,-84,-61,2300,110,-20,-91,-62,2300,437,-20,-91,-62,2300,369,-20,-96,-61,
380,38.915712166666665,-95.32149123333333,2025/Sep/04,18:13:52,311,480,203,2300,216253.32,55302,-85,-16,-50,8,2300,203,-15,-85,-49,2300,281,-19,-89,-61,2300,369,-20,-96,-61,
380,38.915512533333334,-95.32159568333333,2025/Sep/04,18:13:54,311,480,203,2300,216253.32,55302,-85,-17,-48,9,2300,203,-17,-85,-47,2300,367,-20,-95,-58,2300,369,-20,-93,-58,2300,437,-20,-90,-58,
380,38.915403966666666,-95.32162521666666,2025/Sep/04,18:13:55,311,480,203,2300,216253.32,55302,-83,-15,-48,9,2300,203,-15,-83,-48,2300,437,-20,-89,-60,2300,369,-20,-93,-60,
380,38.91528688333333,-95.32163796666667,2025/Sep/04,18:13:56,311,480,203,2300,216253.32,55302,-83,-14,-48,9,2300,203,-14,-84,-48,2300,369,-20,-94,-61,2300,281,-17,-86,-61,2300,110,-17,-86,-61,2300,437,-19,-88,-61,
380,38.91516985,-95.32163725,2025/Sep/04,18:13:57,311,480,203,2300,216253.32,55302,-85,-18,-46,8,2300,203,-19,-86,-46,2300,437,-20,-88,-59,2300,281,-20,-88,-59,2300,110,-18,-86,-59,2300,104,-20,-89,-59,
380,38.91505456666667,-95.32162533333333,2025/Sep/04,18:13:58,311,480,203,2300,216253.32,55302,-85,-18,-47,8,2300,203,-17,-85,-48,2300,437,-20,-91,-60,2300,281,-19,-87,-60,2300,110,-18,-87,-60,2300,104,-20,-90,-60,
380,38.914942,-95.32159535,2025/Sep/04,18:13:59,311,480,203,2300,216253.32,55302,-87,-20,-47,6,2300,203,-20,-88,-49,2300,437,-19,-88,-61,2300,386,-19,-87,-59,2300,281,-18,-88,-61,2300,332,-19,-88,-61,2300,110,-16,-86,-60,
380,38.91460553333334,-95.32131335,2025/Sep/04,18:14:02,311,480,203,2300,216253.32,55302,-89,-19,-49,7,2300,203,-20,-89,-49,2300,437,-20,-91,-61,2300,386,-18,-87,-61,2300,281,-17,-87,-61,2300,110,-20,-92,-62,
380,38.9145098,-95.32116555,2025/Sep/04,18:14:03,311,480,203,2300,216253.32,55302,-87,-19,-47,8,775,110,-17,-88,-61,775,203,-16,-85,-56,
380,38.91441733333333,-95.32100971666667,2025/Sep/04,18:14:04,311,480,203,775,216253.34,55302,-87,-20,-51,7,775,110,-20,-88,-58,775,203,-20,-87,-51,775,374,-20,-87,-58,775,104,-20,-90,-58,775,386,-19,-86,-58,
380,38.91435391666667,-95.3208072,2025/Sep/04,18:14:05,311,480,110,775,216458.34,55302,-88,-16,-53,8,775,110,-17,-88,-54,775,203,-17,-84,-60,775,374,-20,-89,-60,775,386,-16,-86,-59,775,104,-20,-90,-60,775,369,-20,-94,-60,
350,38.914305983333335,-95.32060355,2025/Sep/04,18:14:06,311,480,110,775,216458.34,55302,-89,-19,-54,7,775,110,-19,-90,-57,775,203,-18,-88,-62,775,104,-19,-89,-62,775,386,-16,-86,-62,
360,38.914277033333335,-95.32038566666667,2025/Sep/04,18:14:07,311,480,374,775,216258.34,55302,-90,-19,-58,7,775,374,-20,-91,-55,775,370,-20,-93,-62,775,369,-20,-92,-62,775,203,-19,-89,-62,
370,38.91426025,-95.32015781666666,2025/Sep/04,18:14:08,311,480,374,775,216258.34,55302,-93,-19,-59,4,775,374,-19,-93,-59,775,370,-19,-91,-64,775,369,-19,-91,-64,775,203,-17,-89,-64,775,373,-20,-98,-64,775,110,-19,-91,-64,
370,38.91429841666667,-95.31973388333333,2025/Sep/04,18:14:10,311,480,386,5230,216150.3,55302,-76,-17,-42,9,5230,386,-17,-77,-41,
340,38.9144158,-95.31955803333334,2025/Sep/04,18:14:11,311,480,386,5230,216150.3,55302,-80,-20,-42,8,5230,386,-19,-81,-43,5230,203,-17,-79,-54,
360,38.915181616666665,-95.31913521666667,2025/Sep/04,18:14:16,311,480,203,5230,216253.3,55302,-75,-14,-44,9,5230,330,-18,-79,-53,5230,203,-14,-75,-44,5230,110,-20,-79,-53,5230,386,-20,-85,-54,
360,38.9153202,-95.31913383333334,2025/Sep/04,18:14:17,311,480,203,2300,216253.32,55302,-88,-18,-49,8,2300,203,-18,-89,-49,2300,332,-20,-90,-61,2300,437,-20,-91,-61,2300,170,-20,-89,-61,2300,386,-20,-94,-62,2300,281,-17,-87,-61,
370,38.91559186666667,-95.31920776666666,2025/Sep/04,18:14:19,311,480,203,2300,216253.32,55302,-88,-19,-48,8,2300,203,-19,-88,-49,2300,281,-17,-86,-61,2300,38,-20,-95,-61,
370,38.915711466666664,-95.31927585,2025/Sep/04,18:14:20,311,480,203,2300,216253.32,55302,-86,-18,-46,8,2300,203,-18,-86,-47,2300,281,-17,-85,-60,2300,386,-20,-96,-61,2300,110,-20,-95,-61,
370,38.91582695,-95.31937141666667,2025/Sep/04,18:14:21,311,480,203,2300,216253.32,55302,-85,-15,-48,9,2300,203,-15,-85,-48,2300,332,-20,-95,-62,2300,386,-20,-99,-62,2300,281,-16,-86,-62,2300,110,-20,-94,-62,
370,38.915939933333334,-95.31948525,2025/Sep/04,18:14:22,311,480,203,2300,216253.32,55302,-83,-15,-48,9,2300,203,-15,-83,-48,2300,281,-19,-87,-59,2300,386,-20,-96,-59,2300,110,-20,-95,-60,2300,437,-19,-88,-59,2300,32,-20,-97,-59,
370,38.916027416666665,-95.3196018,2025/Sep/04,18:14:23,311,480,203,2300,216253.32,55302,-82,-17,-44,9,2300,203,-16,-82,-48,2300,281,-20,-88,-61,2300,386,-20,-92,-60,2300,110,-20,-90,-60,2300,437,-19,-87,-61,
370,38.91608756666667,-95.31971743333334,2025/Sep/04,18:14:24,311,480,203,2300,216253.32,55302,-82,-14,-48,10,2300,203,-14,-82,-47,2300,110,-20,-89,-60,2300,437,-18,-86,-60,2300,448,-20,-91,-59,
370,38.916140733333336,-95.31983993333333,2025/Sep/04,18:14:25,311,480,203,2300,216253.32,55302,-84,-17,-46,8,2300,203,-18,-85,-47,2300,110,-18,-88,-60,2300,437,-20,-87,-59,2300,448,-20,-92,-59,
370,38.9162131,-95.32011836666666,2025/Sep/04,18:14:27,311,480,203,2300,216253.32,55302,-87,-18,-50,6,2300,203,-18,-88,-50,2300,110,-18,-87,-62,2300,437,-19,-89,-62,2300,448,-20,-94,-62,
370,38.916248116666665,-95.32023145,2025/Sep/04,18:14:28,311,480,203,2300,216253.32,55302,-89,-19,-50,6,2300,203,-19,-89,-49,2300,110,-15,-85,-62,2300,437,-18,-88,-62,2300,448,-19,-90,-62,2300,374,-20,-91,-62,2300,386,-18,-89,-62,2300,104,-20,-91,-62,
370,38.916251,-95.32036736666667,2025/Sep/04,18:14:29,311,480,203,2300,216253.32,55302,-91,-20,-49,6,2300,203,-20,-91,-49,2300,290,-20,-93,-61,2300,386,-20,-93,-62,2300,281,-20,-91,-62,2300,374,-20,-90,-61,
370,38.91623798333333,-95.32051021666666,2025/Sep/04,18:14:30,311,480,386,775,216150.34,55302,-83,-15,-53,9,775,386,-17,-84,-51,775,110,-19,-87,-58,775,104,-20,-91,-58,
370,38.91620201666667,-95.32063421666666,2025/Sep/04,18:14:31,65535,65535,386,-1,16777215.255,65535,-85,-16,-61,0,2300,374,-20,-90,-62,2300,386,-18,-88,-50,
380,38.9161739,-95.3207736,2025/Sep/04,18:14:32,311,480,386,2300,216150.32,55302,-87,-17,-51,7,2300,374,-20,-93,-62,2300,386,-17,-87,-50,2300,203,-20,-98,-62,2300,104,-20,-92,-62,2300,110,-20,-97,-62,2300,256,-20,-92,-62,
370,38.916133683333335,-95.32088131666667,2025/Sep/04,18:14:33,311,480,386,2300,216150.32,55302,-88,-18,-49,8,2300,203,-19,-89,-61,2300,386,-18,-88,-48,2300,256,-20,-95,-62,2300,104,-20,-91,-61,2300,32,-20,-98,-61,
370,38.91609726666667,-95.32103816666667,2025/Sep/04,18:14:34,311,480,386,2300,216150.32,55302,-88,-20,-47,7,2300,203,-20,-90,-60,2300,386,-20,-88,-47,2300,256,-20,-94,-60,2300,281,-19,-89,-60,2300,364,-20,-98,-60,
380,38.916042166666664,-95.32115701666666,2025/Sep/04,18:14:35,311,480,386,2300,216150.32,55302,-88,-18,-50,6,2300,437,-20,-97,-62,2300,386,-18,-88,-49,2300,256,-20,-91,-62,2300,281,-18,-88,-62,
380,38.915964716666664,-95.32126328333334,2025/Sep/04,18:14:36,311,480,386,2300,216150.32,55302,-89,-19,-50,6,2300,281,-18,-88,-62,2300,386,-19,-90,-49,2300,256,-20,-91,-62,2300,203,-16,-86,-62,
380,38.91588446666667,-95.32135668333333,2025/Sep/04,18:14:37,311,480,203,2300,216253.32,55302,-87,-17,-48,8,2300,281,-16,-85,-61,2300,386,-20,-92,-61,2300,203,-17,-87,-50,2300,437,-20,-93,-61,2300,110,-18,-88,-61,
380,38.915781,-95.32143753333334,2025/Sep/04,18:14:38,311,480,203,2300,216253.32,55302,-86,-16,-51,9,2300,281,-17,-87,-62,2300,110,-20,-92,-62,2300,203,-16,-85,-50,2300,437,-20,-94,-62,
380,38.9156757,-95.3215179,2025/Sep/04,18:14:39,311,480,203,2300,216253.32,55302,-85,-18,-46,9,2300,437,-20,-90,-58,2300,369,-20,-91,-58,2300,203,-17,-84,-46,
380,38.91556756666667,-95.32156835,2025/Sep/04,18:14:40,311,480,203,2300,216253.32,55302,-85,-17,-49,8,2300,437,-20,-92,-59,2300,110,-19,-87,-60,2300,203,-19,-86,-45,2300,281,-19,-88,-60,
370,38.915032466666666,-95.32157216666667,2025/Sep/04,18:14:44,311,480,203,2300,216253.32,55302,-85,-17,-47,9,2300,281,-19,-87,-61,2300,437,-20,-91,-60,2300,203,-18,-85,-46,2300,386,-20,-90,-60,
380,38.914898683333334,-95.3215172,2025/Sep/04,18:14:45,311,480,203,2300,216253.32,55302,-86,-17,-48,8,2300,104,-20,-92,-59,2300,374,-20,-93,-59,2300,203,-17,-86,-47,2300,386,-20,-88,-59,
380,38.91478048333333,-95.32142935,2025/Sep/04,18:14:46,311,480,203,2300,216253.32,55302,-83,-17,-46,9,2300,386,-20,-88,-58,2300,374,-20,-93,-59,2300,203,-18,-83,-42,2300,104,-20,-96,-58,
380,38.91466185,-95.32131293333333,2025/Sep/04,18:14:47,311,480,203,2300,216253.32,55302,-85,-18,-47,7,2300,386,-19,-88,-59,2300,281,-18,-87,-59,2300,203,-18,-86,-47,
380,38.91453845,-95.3211884,2025/Sep/04,18:14:48,311,480,203,2300,216253.32,55302,-85,-16,-49,9,2300,386,-20,-90,-61,2300,203,-16,-85,-47,2300,332,-19,-89,-61,
380,38.91444195,-95.32104228333333,2025/Sep/04,18:14:49,311,480,203,2300,216253.32,55302,-85,-17,-46,9,2300,386,-20,-95,-60,2300,203,-18,-86,-48,2300,437,-19,-88,-60,2300,337,-20,-90,-59,2300,287,-20,-95,-60,
380,38.91438791666667,-95.32084085,2025/Sep/04,18:14:50,311,480,203,2300,216253.32,55302,-87,-19,-47,8,2300,386,-20,-98,-62,2300,203,-19,-88,-47,2300,437,-18,-88,-61,2300,337,-20,-90,-61,
380,38.91433655,-95.32062863333333,2025/Sep/04,18:14:51,311,480,203,2300,216253.32,55302,-87,-16,-51,9,2300,386,-17,-89,-64,2300,203,-16,-87,-51,2300,437,-16,-88,-64,2300,337,-15,-86,-63,2300,110,-16,-88,-64,
380,38.914315116666664,-95.32041773333333,2025/Sep/04,18:14:52,311,480,203,2300,216253.32,55302,-89,-19,-49,9,2300,369,-20,-97,-63,2300,203,-19,-89,-49,2300,256,-20,-93,-63,
380,38.91430825,-95.3202023,2025/Sep/04,18:14:53,311,480,203,2300,216253.32,55302,-88,-18,-50,6,2300,437,-19,-90,-63,2300,203,-18,-88,-51,2300,110,-20,-93,-63,2300,386,-20,-98,-63,2300,281,-18,-89,-63,2300,369,-20,-94,-63,
380,38.91430525,-95.31997161666666,2025/Sep/04,18:14:54,311,480,203,2300,216253.32,55302,-89,-18,-50,4,2300,437,-18,-91,-64,2300,203,-18,-89,-49,2300,110,-19,-91,-64,2300,386,-19,-91,-64,2300,284,-20,-102,-64,
380,38.914318116666664,-95.31975416666667,2025/Sep/04,18:14:55,311,480,203,2300,216253.32,55302,-88,-18,-49,6,2300,386,-18,-91,-63,2300,203,-19,-89,-50,2300,110,-16,-89,-63,
380,38.91453683333334,-95.3194004,2025/Sep/04,18:14:57,311,480,110,775,216458.34,55302,-87,-18,-52,7,775,110,-18,-87,-57,775,104,-19,-88,-58,775,386,-13,-81,-58,775,370,-20,-93,-59,775,369,-20,-92,-58,
380,38.91467106666666,-95.31928936666667,2025/Sep/04,18:14:58,311,480,386,775,216150.34,55302,-80,-16,-49,11,775,110,-20,-84,-57,775,104,-20,-88,-56,775,386,-16,-80,-49,775,369,-20,-93,-56,
330,38.91497931666667,-95.31917746666667,2025/Sep/04,18:15:00,311,480,203,2300,216253.32,55302,-88,-19,-46,7,2300,203,-20,-89,-48,2300,110,-20,-90,-60,2300,104,-20,-88,-60,2300,386,-20,-89,-60,
350,38.91530816666667,-95.31914988333334,2025/Sep/04,18:15:02,311,480,203,2300,216253.32,55302,-91,-20,-49,6,2300,203,-20,-91,-49,2300,281,-19,-90,-62,2300,104,-20,-92,-62,2300,386,-20,-90,-62,2300,437,-20,-93,-62,2300,38,-19,-89,-61,
360,38.915451583333336,-95.31917763333334,2025/Sep/04,18:15:03,311,480,203,2300,216253.32,55302,-89,-20,-48,8,2300,203,-20,-89,-49,2300,38,-20,-93,-61,2300,104,-20,-97,-62,2300,437,-20,-93,-61,
360,38.91559655,-95.31921888333333,2025/Sep/04,18:15:04,311,480,386,775,216150.34,55302,-88,-19,-52,5,775,110,-17,-86,-60,775,386,-20,-89,-53,775,203,-17,-88,-60,
370,38.91572235,-95.31928965,2025/Sep/04,18:15:05,311,480,203,5230,216253.3,55302,-75,-17,-41,10,5230,110,-16,-78,-50,5230,203,-17,-76,-41,5230,386,-15,-78,-50,
370,38.91583125,-95.31937996666667,2025/Sep/04,18:15:06,311,480,203,2300,216253.32,55302,-85,-15,-48,9,2300,203,-15,-85,-47,2300,110,-20,-93,-60,2300,202,-20,-98,-61,2300,281,-17,-86,-61,2300,437,-19,-88,-61,
370,38.91594445,-95.3194866,2025/Sep/04,18:15:07,311,480,203,2300,216253.32,55302,-84,-16,-47,9,2300,203,-16,-84,-51,2300,110,-20,-94,-60,2300,202,-20,-95,-60,2300,281,-18,-86,-60,2300,437,-18,-88,-60,
370,38.91604746666667,-95.31962076666667,2025/Sep/04,18:15:08,311,480,203,2300,216253.32,55302,-82,-16,-46,9,2300,203,-16,-83,-46,2300,110,-20,-91,-58,2300,202,-20,-95,-58,2300,281,-20,-89,-58,2300,437,-20,-87,-58,2300,137,-20,-95,-58,
320,38.9161343,-95.3197746,2025/Sep/04,18:15:09,311,480,203,2300,216253.32,55302,-85,-16,-49,8,2300,203,-18,-85,-48,2300,448,-20,-93,-61,2300,437,-20,-89,-61,2300,386,-17,-86,-61,2300,374,-20,-96,-60,
330,38.916267733333335,-95.32018803333334,2025/Sep/04,18:15:12,311,480,203,2300,216253.32,55302,-89,-19,-49,6,2300,203,-20,-90,-48,2300,437,-20,-94,-61,2300,110,-17,-86,-61,
340,38.91634823333333,-95.3205631,2025/Sep/04,18:15:14,311,480,203,2300,216253.32,55302,-91,-20,-48,5,2300,203,-20,-92,-49,2300,374,-20,-90,-61,2300,104,-20,-93,-61,
340,38.91634461666666,-95.32068438333333,2025/Sep/04,18:15:15,311,480,386,775,216150.34,55302,-84,-17,-54,8,775,386,-17,-84,-53,775,110,-20,-91,-62,775,203,-20,-92,-62,
350,38.91629931666667,-95.32077341666667,2025/Sep/04,18:15:16,311,480,386,775,216150.34,55302,-83,-15,-56,9,775,386,-15,-84,-56,775,110,-17,-87,-61,775,104,-20,-89,-61,775,203,-18,-87,-61,775,374,-19,-88,-61,
350,38.916260933333334,-95.32091991666667,2025/Sep/04,18:15:17,311,480,386,775,216150.34,55302,-83,-18,-50,10,775,386,-18,-83,-50,775,104,-20,-87,-57,775,203,-20,-92,-57,775,110,-20,-88,-57,
360,38.916187883333336,-95.32105628333333,2025/Sep/04,18:15:18,311,480,386,775,216150.34,55302,-87,-19,-53,8,775,386,-20,-87,-52,775,104,-18,-87,-60,775,203,-20,-90,-60,775,110,-19,-87,-60,775,332,-20,-97,-60,
360,38.916111666666666,-95.32119541666667,2025/Sep/04,18:15:19,311,480,386,775,216150.34,55302,-86,-19,-53,8,775,386,-19,-86,-53,775,104,-18,-87,-61,775,203,-17,-87,-61,775,110,-17,-85,-61,775,332,-20,-92,-61,775,2,-20,-94,-61,
360,38.916027033333336,-95.32131195,2025/Sep/04,18:15:20,311,480,386,775,216150.34,55302,-88,-20,-52,6,775,386,-20,-88,-50,775,104,-19,-87,-58,775,203,-20,-96,-59,775,110,-17,-84,-59,775,332,-20,-94,-59,
370,38.91592343333333,-95.32141695,2025/Sep/04,18:15:21,311,480,110,775,216458.34,55302,-83,-16,-53,9,775,332,-20,-93,-58,775,110,-18,-83,-47,
370,38.9158139,-95.32150395,2025/Sep/04,18:15:22,311,480,110,775,216458.34,55302,-83,-20,-49,8,775,386,-16,-79,-55,775,110,-20,-83,-48,775,203,-20,-92,-55,775,104,-20,-83,-55,
370,38.915693866666665,-95.32158166666666,2025/Sep/04,18:15:23,311,480,386,5230,216150.3,55302,-77,-17,-42,7,5230,386,-18,-78,-42,5230,110,-16,-76,-52,5230,203,-18,-78,-52,5230,330,-20,-84,-52,
330,38.91556495,-95.3216353,2025/Sep/04,18:15:24,311,480,386,5230,216150.3,55302,-79,-19,-43,8,5230,386,-20,-80,-43,5230,110,-17,-77,-52,5230,203,-14,-75,-52,
340,38.91528168333333,-95.32166803333334,2025/Sep/04,18:15:26,311,480,203,5230,216253.3,55302,-78,-18,-41,9,5230,386,-17,-77,-51,5230,110,-20,-81,-51,5230,203,-18,-77,-42,
350,38.91514335,-95.32163748333333,2025/Sep/04,18:15:27,311,480,203,2300,216253.32,55302,-85,-17,-47,9,2300,203,-17,-85,-47,2300,281,-19,-88,-59,2300,110,-20,-88,-59,2300,104,-20,-92,-59,2300,386,-20,-91,-59,
350,38.91500486666666,-95.32159153333333,2025/Sep/04,18:15:28,311,480,203,2300,216253.32,55302,-86,-19,-47,7,2300,203,-19,-87,-48,2300,281,-20,-87,-59,2300,110,-20,-89,-59,2300,437,-20,-90,-60,2300,104,-20,-90,-59,
360,38.91487481666667,-95.3215198,2025/Sep/04,18:15:29,311,480,203,2300,216253.32,55302,-86,-17,-48,9,2300,203,-17,-85,-51,2300,386,-20,-90,-60,2300,110,-20,-89,-60,2300,281,-20,-89,-60,
360,38.91474298333333,-95.32141806666667,2025/Sep/04,18:15:30,311,480,203,2300,216253.32,55302,-85,-17,-49,8,2300,203,-16,-85,-49,2300,374,-20,-91,-61,2300,386,-20,-90,-61,2300,437,-20,-90,-61,
360,38.91462188333333,-95.32129193333333,2025/Sep/04,18:15:31,311,480,203,2300,216253.32,55302,-87,-19,-47,8,2300,203,-19,-87,-48,2300,332,-20,-91,-60,2300,281,-20,-92,-60,
360,38.914512,-95.32114851666667,2025/Sep/04,18:15:32,311,480,203,2300,216253.32,55302,-85,-16,-49,9,2300,203,-16,-85,-49,2300,386,-20,-95,-61,2300,281,-20,-91,-62,2300,256,-20,-90,-62,2300,437,-20,-91,-62,
360,38.91441223333333,-95.32097608333333,2025/Sep/04,18:15:33,311,480,203,2300,216253.32,55302,-84,-15,-48,10,2300,203,-16,-84,-48,2300,386,-19,-88,-60,2300,437,-17,-87,-61,2300,256,-18,-88,-62,2300,202,-16,-85,-61,
360,38.91438503333333,-95.32079215,2025/Sep/04,18:15:34,311,480,203,2300,216253.32,55302,-86,-18,-47,9,2300,203,-18,-87,-47,2300,110,-20,-98,-61,2300,437,-20,-88,-61,2300,256,-20,-89,-60,2300,448,-20,-91,-60,2300,386,-20,-98,-60,
360,38.91434161666667,-95.32058715,2025/Sep/04,18:15:35,311,480,203,2300,216253.32,55302,-87,-16,-50,6,2300,203,-16,-87,-49,2300,337,-17,-89,-62,2300,437,-16,-87,-63,2300,349,-20,-92,-62,2300,386,-20,-92,-63,2300,374,-19,-91,-63,2300,448,-20,-92,-63,
370,38.914312233333334,-95.32012851666667,2025/Sep/04,18:15:37,311,480,203,2300,216253.32,55302,-89,-19,-49,3,2300,203,-17,-88,-50,2300,386,-16,-89,-63,2300,256,-18,-89,-62,2300,110,-19,-91,-63,
370,38.9145385,-95.31952225,2025/Sep/04,18:15:40,311,480,203,2300,216253.32,55302,-89,-19,-49,6,2300,203,-19,-90,-50,2300,386,-17,-89,-64,2300,256,-19,-91,-63,2300,110,-18,-90,-63,
370,38.91469768333333,-95.31939263333334,2025/Sep/04,18:15:41,311,480,203,2300,216253.32,55302,-92,-20,-51,5,2300,203,-20,-93,-50,2300,93,-20,-99,-62,2300,110,-16,-87,-63,2300,47,-20,-97,-62,2300,374,-20,-101,-63,
370,38.914839083333334,-95.31926886666666,2025/Sep/04,18:15:42,311,480,110,2300,216458.32,55302,-87,-18,-49,8,2300,203,-20,-91,-62,2300,110,-18,-87,-49,2300,281,-20,-90,-62,2300,104,-20,-95,-62,
370,38.914986883333334,-95.31919361666667,2025/Sep/04,18:15:43,311,480,110,2300,216458.32,55302,-87,-18,-49,6,2300,203,-15,-85,-61,2300,110,-18,-87,-48,2300,281,-20,-95,-61,2300,104,-19,-88,-61,
310,38.9151119,-95.31913598333334,2025/Sep/04,18:15:44,311,480,110,2300,216458.32,55302,-89,-20,-46,4,2300,203,-15,-83,-60,2300,110,-20,-89,-47,2300,437,-20,-92,-60,2300,202,-20,-97,-60,
330,38.91524905,-95.31911471666666,2025/Sep/04,18:15:45,311,480,203,2300,216253.32,55302,-90,-20,-48,7,2300,203,-20,-90,-49,2300,104,-20,-91,-62,2300,386,-20,-92,-62,2300,281,-18,-88,-62,2300,110,-20,-93,-62,
340,38.9153961,-95.3191198,2025/Sep/04,18:15:46,311,480,203,2300,216253.32,55302,-89,-19,-48,7,2300,203,-19,-89,-49,2300,170,-19,-88,-61,2300,332,-20,-89,-61,2300,38,-20,-92,-62,2300,281,-16,-86,-61,2300,386,-20,-91,-61,
360,38.91554121666667,-95.31915528333333,2025/Sep/04,18:15:47,311,480,203,2300,216253.32,55302,-87,-19,-48,8,2300,203,-19,-87,-46,2300,38,-20,-94,-60,2300,281,-16,-85,-60,
360,38.91577796666667,-95.319294,2025/Sep/04,18:15:49,311,480,203,2300,216253.32,55302,-86,-16,-48,7,2300,203,-17,-86,-47,2300,281,-15,-84,-60,2300,437,-17,-87,-60,2300,110,-20,-90,-60,
370,38.915892416666665,-95.3193939,2025/Sep/04,18:15:50,311,480,203,2300,216253.32,55302,-85,-18,-47,8,2300,203,-18,-85,-48,2300,281,-17,-85,-60,2300,437,-20,-88,-60,2300,110,-20,-93,-60,
360,38.91599206666667,-95.31953665,2025/Sep/04,18:15:51,311,480,203,2300,216253.32,55302,-84,-17,-46,9,2300,203,-18,-84,-45,2300,281,-20,-88,-58,2300,437,-20,-87,-58,2300,110,-20,-91,-59,
360,38.91607295,-95.31966156666667,2025/Sep/04,18:15:52,311,480,203,2300,216253.32,55302,-83,-16,-47,9,2300,203,-16,-83,-46,2300,281,-20,-90,-60,2300,437,-17,-86,-60,2300,110,-20,-90,-60,2300,448,-20,-98,-60,
370,38.91614191666667,-95.3197932,2025/Sep/04,18:15:53,311,480,203,2300,216253.32,55302,-83,-15,-48,9,2300,203,-15,-83,-45,2300,281,-20,-92,-60,2300,437,-16,-84,-60,2300,386,-20,-93,-60,2300,448,-20,-90,-60,
360,38.916203366666664,-95.31993598333334,2025/Sep/04,18:15:54,311,480,203,2300,216253.32,55302,-83,-17,-44,8,2300,203,-17,-83,-46,2300,386,-20,-87,-57,2300,437,-20,-85,-57,
370,38.91623511666667,-95.32009076666667,2025/Sep/04,18:15:55,311,480,203,2300,216253.32,55302,-85,-19,-47,6,2300,203,-19,-85,-47,2300,386,-18,-87,-60,2300,437,-20,-88,-60,2300,448,-20,-94,-61,2300,374,-20,-96,-60,
360,38.9162674,-95.32021878333333,2025/Sep/04,18:15:56,311,480,203,2300,216253.32,55302,-88,-19,-48,6,2300,203,-20,-90,-48,2300,386,-19,-88,-61,2300,448,-20,-97,-61,
370,38.91629351666667,-95.32038875,2025/Sep/04,18:15:57,311,480,203,2300,216253.32,55302,-93,-20,-49,5,2300,203,-20,-93,-49,2300,374,-20,-90,-62,2300,281,-18,-88,-62,2300,386,-18,-89,-62,2300,104,-20,-91,-62,
360,38.91630021666667,-95.32053873333334,2025/Sep/04,18:15:58,311,480,203,2300,216253.32,55302,-92,-20,-48,3,2300,203,-20,-92,-49,2300,110,-16,-85,-61,2300,386,-20,-90,-61,2300,374,-20,-92,-61,2300,104,-20,-90,-62,2300,38,-20,-94,-61,
360,38.91623125,-95.32063865,2025/Sep/04,18:15:59,311,480,386,775,216150.34,55302,-83,-17,-52,10,775,386,-16,-83,-53,775,104,-20,-88,-61,
370,38.91620546666667,-95.32080528333333,2025/Sep/04,18:16:00,311,480,386,775,216150.34,55302,-84,-16,-54,10,775,386,-16,-84,-54,775,104,-19,-88,-61,775,110,-18,-87,-61,775,203,-20,-88,-61,
370,38.91614488333333,-95.32093666666667,2025/Sep/04,18:16:01,311,480,104,775,216144.34,55302,-88,-18,-53,7,775,386,-18,-86,-59,775,104,-20,-88,-51,775,110,-18,-87,-59,775,332,-20,-95,-59,
370,38.91607391666667,-95.32106933333333,2025/Sep/04,18:16:02,311,480,104,775,216144.34,55302,-89,-20,-53,7,775,386,-17,-86,-59,775,104,-20,-90,-53,775,110,-18,-86,-59,
380,38.91599855,-95.3211906,2025/Sep/04,18:16:03,311,480,104,775,216144.34,55302,-89,-20,-49,7,775,110,-19,-85,-58,775,104,-20,-89,-51,775,203,-20,-91,-58,775,386,-18,-86,-58,
320,38.915912633333335,-95.3212984,2025/Sep/04,18:16:04,311,480,386,5230,216150.3,55302,-77,-14,-44,8,5230,386,-14,-77,-44,5230,110,-16,-77,-53,
330,38.91582223333333,-95.32138075,2025/Sep/04,18:16:05,311,480,203,2300,216253.32,55302,-86,-17,-48,8,2300,203,-17,-85,-49,2300,369,-20,-92,-58,2300,281,-20,-90,-58,
360,38.9153872,-95.3216441,2025/Sep/04,18:16:09,311,480,203,2300,216253.32,55302,-84,-17,-46,9,2300,203,-17,-84,-49,2300,369,-20,-93,-60,2300,281,-20,-89,-60,
360,38.91525993333333,-95.32165993333334,2025/Sep/04,18:16:10,311,480,203,2300,216253.32,55302,-85,-18,-49,9,2300,203,-17,-85,-49,2300,110,-18,-87,-59,2300,202,-20,-95,-59,
360,38.91498956666667,-95.32163266666667,2025/Sep/04,18:16:12,311,480,203,2300,216253.32,55302,-85,-16,-49,9,2300,203,-16,-85,-49,2300,110,-18,-86,-60,2300,386,-17,-86,-60,2300,281,-17,-86,-60,2300,104,-17,-86,-60,
360,38.914858566666666,-95.32156695,2025/Sep/04,18:16:13,311,480,203,2300,216253.32,55302,-87,-17,-49,7,2300,203,-17,-87,-50,2300,374,-20,-93,-62,2300,386,-16,-86,-61,2300,281,-20,-94,-62,2300,437,-20,-91,-62,
370,38.91473451666667,-95.32148228333334,2025/Sep/04,18:16:14,311,480,203,2300,216253.32,55302,-86,-19,-48,7,2300,203,-19,-86,-48,2300,386,-19,-87,-60,2300,437,-20,-91,-60,
370,38.91461015,-95.32136666666666,2025/Sep/04,18:16:15,311,480,203,2300,216253.32,55302,-88,-19,-49,7,2300,203,-20,-88,-49,2300,386,-18,-87,-61,2300,256,-20,-92,-60,2300,437,-20,-91,-61,2300,281,-17,-87,-61,2300,353,-20,-96,-60,
370,38.914513516666666,-95.3212172,2025/Sep/04,18:16:16,311,480,203,2300,216253.32,55302,-87,-17,-49,9,2300,203,-17,-87,-49,2300,386,-19,-88,-61,2300,110,-20,-92,-61,2300,281,-17,-86,-61,
370,38.914422433333336,-95.32105658333333,2025/Sep/04,18:16:17,311,480,203,2300,216253.32,55302,-85,-16,-47,10,2300,203,-16,-84,-48,2300,386,-20,-96,-60,2300,202,-20,-96,-60,2300,374,-20,-93,-60,2300,256,-20,-91,-60,
370,38.9143435,-95.32086778333333,2025/Sep/04,18:16:18,311,480,203,2300,216253.32,55302,-85,-18,-45,9,2300,203,-18,-86,-50,2300,437,-19,-87,-62,2300,202,-20,-96,-61,2300,337,-20,-91,-62,2300,386,-20,-97,-62,
370,38.91429105,-95.320662,2025/Sep/04,18:16:19,311,480,203,2300,216253.32,55302,-87,-17,-49,8,2300,203,-17,-87,-49,2300,437,-18,-88,-61,2300,337,-20,-91,-61,
370,38.914279433333334,-95.32045878333334,2025/Sep/04,18:16:20,311,480,203,2300,216253.32,55302,-89,-18,-50,9,2300,203,-18,-89,-51,2300,328,-20,-100,-63,2300,386,-20,-92,-63,2300,256,-20,-93,-63,2300,110,-20,-94,-63,2300,337,-20,-91,-63,2300,374,-20,-91,-63,
370,38.914297483333335,-95.3202292,2025/Sep/04,18:16:21,311,480,203,2300,216253.32,55302,-87,-18,-48,6,2300,203,-18,-87,-48,2300,437,-19,-89,-62,2300,110,-20,-92,-62,
370,38.91431673333334,-95.32000348333334,2025/Sep/04,18:16:22,311,480,203,2300,216253.32,55302,-89,-19,-51,3,2300,203,-19,-90,-50,2300,437,-19,-91,-64,2300,256,-20,-92,-63,2300,386,-17,-90,-63,2300,337,-20,-93,-63,2300,110,-18,-89,-63,
370,38.91435773333333,-95.3197889,2025/Sep/04,18:16:23,311,480,203,2300,216253.32,55302,-88,-19,-48,6,2300,203,-19,-88,-48,2300,386,-17,-89,-61,2300,110,-17,-89,-61,
370,38.91438985,-95.31958966666667,2025/Sep/04,18:16:24,311,480,203,2300,216253.32,55302,-88,-18,-49,7,2300,203,-18,-88,-50,2300,386,-17,-89,-63,2300,110,-17,-88,-62,2300,281,-20,-91,-62,
370,38.91462345,-95.31922558333333,2025/Sep/04,18:16:26,311,480,203,2300,216253.32,55302,-92,-20,-49,4,2300,203,-20,-93,-49,2300,386,-19,-90,-62,2300,110,-16,-87,-62,2300,281,-18,-89,-62,
370,38.914813433333336,-95.31913361666666,2025/Sep/04,18:16:27,311,480,110,2300,216458.32,55302,-88,-18,-48,7,2300,203,-19,-89,-62,2300,386,-19,-90,-62,2300,110,-18,-88,-50,2300,104,-19,-90,-62,
370,38.914989633333334,-95.31910721666667,2025/Sep/04,18:16:28,311,480,110,2300,216458.32,55302,-87,-19,-48,6,2300,203,-15,-84,-60,2300,104,-20,-89,-60,2300,110,-19,-87,-48,2300,386,-19,-88,-60,2300,281,-19,-87,-60,2300,202,-20,-91,-60,
320,38.915162366666664,-95.31914005,2025/Sep/04,18:16:29,311,480,203,2300,216253.32,55302,-86,-17,-48,8,2300,203,-18,-87,-48,2300,110,-20,-94,-60,2300,386,-20,-89,-60,2300,202,-20,-96,-60,2300,437,-20,-92,-60,2300,104,-20,-90,-61,
340,38.915313733333335,-95.31914011666667,2025/Sep/04,18:16:30,311,480,203,2300,216253.32,55302,-88,-18,-47,8,2300,203,-18,-88,-49,2300,104,-20,-94,-61,2300,386,-20,-90,-61,2300,437,-20,-92,-61,2300,202,-20,-96,-62,2300,281,-18,-87,-61,
350,38.91545505,-95.31916985,2025/Sep/04,18:16:31,311,480,203,2300,216253.32,55302,-88,-18,-49,8,2300,203,-18,-88,-49,2300,170,-18,-88,-62,2300,437,-20,-91,-63,2300,281,-16,-86,-62,2300,104,-20,-100,-62,
350,38.91558928333333,-95.3192118,2025/Sep/04,18:16:32,311,480,203,2300,216253.32,55302,-88,-19,-48,8,2300,203,-19,-87,-48,2300,386,-20,-95,-61,2300,366,-20,-97,-61,2300,281,-16,-85,-61,
360,38.9157198,-95.31929488333333,2025/Sep/04,18:16:33,311,480,203,2300,216253.32,55302,-86,-17,-48,8,2300,203,-17,-86,-47,2300,110,-20,-97,-62,2300,281,-15,-84,-61,2300,386,-20,-96,-62,2300,332,-20,-99,-61,
360,38.91583181666667,-95.3193768,2025/Sep/04,18:16:34,311,480,203,2300,216253.32,55302,-82,-16,-47,9,2300,203,-14,-82,-49,2300,386,-20,-94,-60,2300,281,-20,-94,-60,2300,202,-20,-94,-60,2300,437,-17,-86,-60,2300,110,-16,-86,-60,
360,38.91619143333333,-95.31986051666667,2025/Sep/04,18:16:38,311,480,203,2300,216253.32,55302,-82,-15,-43,8,2300,203,-15,-82,-48,2300,110,-17,-87,-59,2300,437,-18,-86,-58,2300,281,-20,-95,-59,
360,38.91628826666667,-95.32004133333334,2025/Sep/04,18:16:39,311,480,203,2300,216253.32,55302,-85,-17,-48,6,2300,203,-17,-85,-49,2300,110,-17,-87,-60,2300,437,-20,-88,-60,
360,38.916327,-95.3201799,2025/Sep/04,18:16:40,311,480,203,2300,216253.32,55302,-89,-20,-47,6,2300,203,-20,-89,-47,2300,110,-16,-86,-60,2300,437,-20,-89,-60,
360,38.91633983333333,-95.32033735,2025/Sep/04,18:16:41,311,480,203,2300,216253.32,55302,-92,-20,-50,5,2300,203,-20,-92,-49,2300,110,-20,-96,-61,2300,104,-20,-92,-62,2300,448,-20,-96,-62,2300,374,-20,-91,-62,
360,38.91635483333334,-95.32048676666666,2025/Sep/04,18:16:42,311,480,386,775,216150.34,55302,-82,-17,-51,10,775,386,-17,-82,-51,775,110,-19,-87,-58,775,104,-20,-93,-58,775,203,-20,-97,-58,
360,38.91630318333333,-95.32060781666667,2025/Sep/04,18:16:43,311,480,386,5230,216150.3,55302,-76,-17,-40,10,5230,386,-15,-75,-49,5230,110,-20,-82,-49,5230,203,-14,-72,-39,
360,38.91625928333333,-95.32077586666666,2025/Sep/04,18:16:44,311,480,203,5230,216253.3,55302,-76,-18,-41,9,5230,386,-13,-75,-50,5230,203,-17,-76,-42,
360,38.91621846666666,-95.32095381666667,2025/Sep/04,18:16:45,311,480,203,5230,216253.3,55302,-80,-20,-41,6,5230,386,-15,-76,-51,5230,203,-20,-81,-41,5230,330,-20,-80,-51,5230,437,-20,-85,-51,5230,442,-20,-87,-51,5230,110,-17,-76,-51,
370,38.91604775,-95.32125026666667,2025/Sep/04,18:16:47,311,480,203,5230,216253.3,55302,-83,-20,-42,4,5230,386,-15,-77,-42,5230,437,-20,-88,-52,5230,110,-17,-77,-52,
370,38.9159534,-95.32137845,2025/Sep/04,18:16:48,311,480,386,5230,216150.3,55302,-78,-15,-44,9,5230,386,-15,-78,-44,5230,110,-16,-77,-53,5230,448,-20,-85,-53,
370,38.91582438333333,-95.32148228333334,2025/Sep/04,18:16:49,311,480,386,5230,216150.3,55302,-77,-17,-43,9,5230,386,-17,-77,-40,5230,110,-17,-77,-52,5230,330,-20,-84,-51,5230,203,-19,-79,-52,5230,104,-20,-81,-51,
370,38.9156891,-95.32157401666667,2025/Sep/04,18:16:50,311,480,386,5230,216150.3,55302,-78,-17,-43,8,5230,386,-17,-78,-42,5230,110,-17,-78,-51,
380,38.91555496666667,-95.32164833333333,2025/Sep/04,18:16:51,311,480,203,2300,216253.32,55302,-85,-16,-48,9,2300,203,-16,-85,-49,2300,110,-16,-86,-61,2300,386,-20,-89,-59,2300,281,-17,-86,-61,2300,202,-20,-93,-59,
380,38.915232016666664,-95.32171116666666,2025/Sep/04,18:16:53,311,480,203,2300,216253.32,55302,-86,-18,-46,9,2300,203,-18,-85,-45,2300,110,-19,-88,-59,2300,281,-18,-87,-59,2300,386,-20,-96,-59,
290,38.91506106666667,-95.32168668333334,2025/Sep/04,18:16:54,311,480,203,2300,216253.32,55302,-84,-17,-46,9,2300,203,-17,-84,-48,2300,386,-20,-90,-60,2300,281,-20,-87,-60,2300,104,-20,-91,-60,
310,38.91489175,-95.3216179,2025/Sep/04,18:16:55,311,480,203,2300,216253.32,55302,-86,-18,-47,8,2300,203,-18,-84,-46,2300,386,-18,-86,-60,2300,281,-19,-89,-61,2300,374,-20,-88,-59,
320,38.91473116666667,-95.32152215,2025/Sep/04,18:16:56,311,480,203,2300,216253.32,55302,-88,-20,-48,7,2300,203,-20,-89,-49,2300,110,-20,-92,-62,2300,281,-19,-89,-62,2300,374,-20,-92,-62,2300,170,-20,-92,-62,2300,437,-20,-91,-62,
330,38.91458778333333,-95.32137628333334,2025/Sep/04,18:16:57,311,480,203,775,216253.34,55302,-86,-17,-50,8,775,203,-19,-87,-49,775,110,-20,-89,-60,775,332,-20,-89,-60,775,437,-20,-91,-60,
330,38.914493633333336,-95.32120306666667,2025/Sep/04,18:16:58,311,480,203,775,216253.34,55302,-87,-19,-50,8,775,203,-19,-88,-54,775,110,-19,-87,-59,775,332,-20,-91,-59,775,437,-20,-92,-59,775,170,-20,-91,-59,775,374,-20,-95,-58,
340,38.91437878333333,-95.32101773333333,2025/Sep/04,18:16:59,311,480,203,775,216253.34,55302,-87,-20,-54,7,775,203,-20,-87,-50,775,110,-19,-88,-60,775,104,-20,-90,-59,775,386,-17,-87,-60,775,374,-20,-88,-59,
310,38.9143636,-95.3208183,2025/Sep/04,18:17:00,311,480,203,775,216253.34,55302,-85,-18,-54,9,775,203,-19,-85,-50,775,110,-17,-87,-57,775,104,-20,-92,-57,775,386,-18,-87,-57,775,374,-20,-91,-57,
320,38.914323483333334,-95.32058778333334,2025/Sep/04,18:17:01,311,480,203,775,216253.34,55302,-88,-20,-51,6,775,203,-20,-88,-50,775,110,-20,-87,-57,775,104,-20,-87,-57,775,386,-17,-83,-57,775,374,-20,-89,-57,775,47,-20,-88,-56,775,212,-20,-94,-57,
330,38.91430003333333,-95.32035573333333,2025/Sep/04,18:17:02,311,480,203,775,216253.34,55302,-88,-16,-58,7,775,203,-20,-92,-56,775,110,-15,-86,-62,775,369,-20,-92,-62,775,437,-20,-94,-63,775,370,-20,-93,-62,775,104,-20,-93,-62,
360,38.91455486666667,-95.31953681666667,2025/Sep/04,18:17:06,311,480,110,775,216458.34,55302,-89,-20,-54,10,775,203,-19,-92,-64,775,110,-17,-89,-59,775,104,-20,-93,-64,775,369,-20,-94,-64,775,437,-20,-96,-64,
330,38.91468188333333,-95.31937295,2025/Sep/04,18:17:07,311,480,110,775,216458.34,55302,-87,-17,-53,8,775,203,-20,-91,-60,775,110,-18,-87,-54,775,104,-19,-88,-61,775,369,-20,-92,-61,775,386,-15,-83,-61,
340,38.91484725,-95.31928691666667,2025/Sep/04,18:17:08,311,480,386,775,216150.34,55302,-83,-15,-52,11,775,386,-15,-84,-53,775,110,-19,-89,-61,775,104,-20,-90,-61,775,455,-20,-99,-62,
350,38.915178366666666,-95.31916748333333,2025/Sep/04,18:17:10,311,480,386,775,216150.34,55302,-83,-13,-55,11,775,386,-16,-83,-51,775,110,-20,-89,-59,775,104,-20,-91,-59,
360,38.91533123333333,-95.31913885,2025/Sep/04,18:17:11,311,480,386,775,216150.34,55302,-84,-16,-53,10,775,386,-16,-85,-52,775,110,-17,-86,-60,775,104,-20,-89,-60,775,170,-20,-93,-60,
370,38.915470316666664,-95.31913658333333,2025/Sep/04,18:17:12,311,480,386,775,216150.34,55302,-86,-18,-53,7,775,386,-19,-86,-52,775,110,-15,-84,-58,775,104,-19,-87,-58,
370,38.9155951,-95.31912808333334,2025/Sep/04,18:17:13,311,480,386,775,216150.34,55302,-86,-19,-55,8,775,386,-19,-86,-51,775,110,-15,-83,-59,775,104,-18,-85,-59,
370,38.91572935,-95.31910086666667,2025/Sep/04,18:17:14,311,480,110,775,216458.34,55302,-86,-17,-52,8,775,104,-16,-84,-59,775,110,-17,-86,-52,775,203,-19,-89,-59,775,369,-20,-89,-59,775,339,-20,-88,-57,775,386,-17,-84,-59,
370,38.91584745,-95.31905746666666,2025/Sep/04,18:17:15,311,480,110,775,216458.34,55302,-87,-18,-56,9,775,104,-18,-87,-62,775,110,-19,-87,-54,775,203,-20,-93,-62,775,386,-19,-88,-61,775,437,-20,-95,-62,
330,38.915986866666664,-95.31899348333333,2025/Sep/04,18:17:16,311,480,110,775,216458.34,55302,-89,-20,-54,8,775,370,-20,-92,-60,775,110,-20,-89,-54,775,203,-18,-90,-61,775,386,-19,-92,-60,775,369,-19,-88,-61,
340,38.916102683333335,-95.31889671666667,2025/Sep/04,18:17:17,311,480,110,775,216458.34,55302,-90,-20,-54,8,775,370,-20,-94,-60,775,110,-20,-90,-54,775,369,-20,-88,-60,
340,38.91623315,-95.31879003333333,2025/Sep/04,18:17:18,311,480,386,5230,216150.3,55302,-76,-16,-41,8,5230,386,-16,-77,-43,5230,110,-15,-77,-53,5230,203,-20,-84,-52,5230,330,-20,-87,-52,
350,38.91635538333333,-95.31865935,2025/Sep/04,18:17:19,311,480,386,5230,216150.3,55302,-79,-17,-44,7,5230,386,-17,-79,-40,5230,110,-16,-79,-54,5230,203,-17,-80,-54,5230,330,-20,-89,-54,
350,38.9164713,-95.31851975,2025/Sep/04,18:17:20,311,480,203,5230,216253.3,55302,-79,-18,-43,8,5230,281,-19,-81,-52,5230,110,-19,-82,-52,5230,203,-19,-79,-42,
350,38.9166628,-95.3182162,2025/Sep/04,18:17:22,311,480,203,5230,216253.3,55302,-80,-20,-42,7,5230,203,-19,-80,-45,5230,110,-20,-83,-55,5230,330,-20,-84,-55,5230,281,-17,-80,-55,5230,370,-20,-86,-55,
360,38.916732466666666,-95.31808855,2025/Sep/04,18:17:23,311,480,203,5230,216253.3,55302,-78,-18,-42,8,5230,203,-18,-78,-45,5230,386,-17,-78,-53,5230,330,-20,-82,-53,5230,281,-20,-81,-53,5230,110,-16,-79,-53,
360,38.916826883333336,-95.31795073333333,2025/Sep/04,18:17:24,311,480,203,5230,216253.3,55302,-76,-17,-42,9,5230,203,-17,-76,-42,5230,386,-13,-73,-53,5230,110,-16,-77,-53,5230,289,-20,-85,-53,
360,38.91706956666667,-95.31781705,2025/Sep/04,18:17:26,311,480,203,5230,216253.3,55302,-81,-15,-47,9,5230,203,-16,-80,-44,5230,386,-17,-80,-54,5230,110,-16,-79,-54,5230,330,-20,-85,-54,5230,104,-16,-80,-54,
360,38.917206,-95.31779355,2025/Sep/04,18:17:27,311,480,203,5230,216253.3,55302,-76,-17,-41,9,5230,203,-17,-76,-42,5230,386,-13,-72,-51,
360,38.917341533333335,-95.31780516666667,2025/Sep/04,18:17:28,311,480,386,5230,216150.3,55302,-75,-14,-44,8,5230,203,-17,-79,-52,5230,386,-14,-76,-45,
360,38.917468283333335,-95.31787571666666,2025/Sep/04,18:17:29,311,480,203,2300,216253.32,55302,-84,-14,-49,7,2300,448,-20,-95,-60,2300,386,-14,-84,-61,2300,203,-15,-84,-49,2300,202,-20,-95,-60,2300,437,-19,-89,-61,
360,38.91747365,-95.31823281666667,2025/Sep/04,18:17:30,311,480,203,2300,216253.32,55302,-85,-18,-45,7,2300,374,-20,-93,-58,2300,386,-14,-82,-58,2300,203,-18,-85,-45,2300,104,-20,-92,-58,2300,437,-19,-87,-58,
370,38.917517933333336,-95.3185516,2025/Sep/04,18:17:31,311,480,203,2300,216253.32,55302,-86,-17,-47,7,2300,437,-18,-88,-61,2300,110,-16,-86,-61,2300,203,-19,-87,-47,2300,386,-16,-86,-61,2300,374,-19,-89,-61,2300,472,-17,-85,-60,
370,38.91749183333334,-95.31957421666667,2025/Sep/04,18:17:36,311,480,203,2300,216253.32,55302,-89,-19,-49,5,2300,448,-20,-92,-62,2300,374,-20,-95,-62,2300,203,-20,-89,-49,2300,104,-20,-95,-62,2300,110,-17,-88,-62,
370,38.91747996666667,-95.31972466666667,2025/Sep/04,18:17:37,311,480,203,2300,216253.32,55302,-88,-20,-49,4,2300,448,-20,-91,-60,2300,386,-20,-93,-61,2300,203,-20,-88,-47,
370,38.91747205,-95.31986676666666,2025/Sep/04,18:17:38,311,480,203,2300,216253.32,55302,-86,-17,-47,5,2300,448,-20,-92,-60,2300,203,-17,-86,-48,2300,216,-20,-99,-61,2300,437,-20,-92,-61,
370,38.9174578,-95.31999223333334,2025/Sep/04,18:17:39,65535,65535,386,-1,16777215.255,65535,-89,-16,-62,0,775,110,-16,-89,-62,775,386,-16,-89,-62,775,369,-15,-86,-62,775,374,-16,-88,-62,
370,38.917457266666666,-95.32011165,2025/Sep/04,18:17:40,311,480,203,5230,216253.3,55302,-78,-19,-42,8,5230,203,-19,-78,-42,
370,38.9174567,-95.32022895,2025/Sep/04,18:17:41,311,480,203,5230,216253.3,55302,-79,-17,-44,8,5230,203,-16,-79,-43,5230,386,-20,-82,-53,5230,110,-20,-81,-53,5230,437,-18,-81,-53,
370,38.91746318333333,-95.32036125,2025/Sep/04,18:17:42,311,480,203,5230,216253.3,55302,-85,-15,-62,0,2300,203,-16,-85,-50,2300,437,-16,-86,-62,
300,38.91746321666667,-95.32050765,2025/Sep/04,18:17:43,311,480,203,2300,216253.32,55302,-86,-18,-52,7,2300,203,-18,-87,-49,2300,437,-18,-87,-62,2300,386,-15,-85,-62,2300,374,-20,-94,-62,2300,448,-20,-96,-61,2300,116,-20,-99,-62,
310,38.9174519,-95.32068736666666,2025/Sep/04,18:17:44,311,480,386,2300,216150.32,55302,-86,-16,-49,9,2300,203,-20,-97,-62,2300,256,-20,-92,-63,2300,386,-16,-86,-50,2300,110,-16,-85,-62,2300,442,-20,-94,-63,
330,38.91743661666667,-95.32118991666667,2025/Sep/04,18:17:46,311,480,386,2300,216150.32,55302,-86,-16,-49,9,2300,203,-20,-99,-63,2300,110,-17,-88,-63,2300,386,-15,-85,-49,2300,256,-20,-93,-64,2300,281,-17,-89,-63,
350,38.917400666666666,-95.32138848333334,2025/Sep/04,18:17:47,311,480,386,2300,216150.32,55302,-87,-17,-51,8,2300,281,-18,-90,-62,2300,110,-20,-90,-63,2300,386,-18,-88,-49,2300,203,-20,-92,-62,
350,38.917343816666666,-95.32156096666667,2025/Sep/04,18:17:48,311,480,386,2300,216150.32,55302,-95,-20,-48,4,2300,281,-20,-96,-63,2300,110,-18,-89,-63,2300,386,-20,-94,-49,2300,203,-17,-88,-62,2300,437,-20,-98,-63,
360,38.917289966666665,-95.32171651666667,2025/Sep/04,18:17:49,311,480,386,775,216150.34,55302,-81,-14,-53,9,775,386,-15,-82,-53,775,104,-19,-86,-58,775,110,-17,-84,-59,
360,38.91722036666667,-95.32185481666667,2025/Sep/04,18:17:50,311,480,386,775,216150.34,55302,-86,-19,-51,7,775,386,-20,-86,-50,775,104,-20,-87,-58,775,110,-16,-83,-58,775,203,-20,-90,-58,775,332,-20,-96,-58,
360,38.9171426,-95.32196636666667,2025/Sep/04,18:17:51,311,480,386,775,216150.34,55302,-81,-18,-47,11,775,386,-17,-81,-48,775,104,-20,-88,-54,775,110,-18,-82,-54,
370,38.91704993333333,-95.3220747,2025/Sep/04,18:17:52,311,480,203,2300,216253.32,55302,-85,-16,-49,9,2300,386,-19,-89,-61,2300,281,-19,-90,-61,2300,203,-16,-85,-51,2300,256,-20,-95,-62,2300,500,-20,-99,-61,
370,38.91691393333333,-95.32221111666667,2025/Sep/04,18:17:53,311,480,203,2300,216253.32,55302,-85,-16,-48,9,2300,386,-20,-90,-61,2300,281,-18,-88,-61,2300,203,-16,-85,-49,2300,332,-20,-94,-61,2300,437,-20,-90,-61,2300,110,-18,-87,-61,
370,38.916760733333334,-95.32233016666666,2025/Sep/04,18:17:54,311,480,203,2300,216253.32,55302,-86,-18,-46,9,2300,386,-20,-90,-59,2300,281,-18,-87,-59,2300,203,-19,-86,-48,2300,437,-20,-91,-59,2300,110,-20,-92,-59,
380,38.916594133333334,-95.3224366,2025/Sep/04,18:17:55,311,480,203,2300,216253.32,55302,-86,-19,-46,8,2300,203,-18,-86,-49,2300,281,-18,-87,-62,2300,437,-20,-93,-62,
370,38.91639571666666,-95.32249401666667,2025/Sep/04,18:17:56,311,480,203,2300,216253.32,55302,-85,-17,-45,9,2300,203,-18,-85,-46,2300,281,-17,-87,-60,2300,386,-20,-90,-61,
370,38.91605156666667,-95.32258908333333,2025/Sep/04,18:17:58,311,480,203,2300,216253.32,55302,-86,-18,-47,8,2300,203,-17,-86,-49,2300,386,-20,-89,-61,
370,38.915884866666666,-95.32264836666667,2025/Sep/04,18:17:59,311,480,203,2300,216253.32,55302,-85,-17,-48,8,2300,203,-18,-85,-45,2300,386,-20,-89,-58,2300,281,-20,-89,-58,2300,110,-20,-88,-58,
370,38.91574185,-95.32263206666667,2025/Sep/04,18:18:00,311,480,203,2300,216253.32,55302,-86,-18,-48,7,2300,203,-17,-85,-45,2300,281,-18,-87,-60,2300,369,-20,-91,-60,
370,38.91544761666667,-95.32258655,2025/Sep/04,18:18:02,311,480,203,2300,216253.32,55302,-88,-19,-50,7,2300,203,-19,-88,-49,2300,281,-20,-92,-61,2300,374,-20,-93,-61,2300,386,-19,-88,-61,2300,437,-20,-91,-61,2300,104,-20,-90,-61,
370,38.915188283333336,-95.32242815,2025/Sep/04,18:18:04,311,480,203,2300,216253.32,55302,-87,-18,-49,8,2300,203,-17,-86,-49,2300,437,-14,-85,-62,2300,374,-15,-85,-62,2300,386,-14,-85,-62,
370,38.915062766666665,-95.32233631666666,2025/Sep/04,18:18:05,311,480,203,2300,216253.32,55302,-86,-18,-47,7,2300,203,-18,-86,-47,2300,110,-20,-93,-60,2300,281,-19,-90,-60,
370,38.91497515,-95.32220555,2025/Sep/04,18:18:06,311,480,203,2300,216253.32,55302,-88,-19,-49,7,2300,203,-18,-88,-50,2300,110,-20,-93,-63,2300,281,-17,-87,-63,
370,38.914873433333334,-95.32207238333334,2025/Sep/04,18:18:07,311,480,203,2300,216253.32,55302,-88,-18,-50,7,2300,203,-18,-88,-50,2300,110,-16,-87,-63,2300,281,-14,-86,-63,2300,437,-15,-86,-63,2300,374,-17,-88,-63,
370,38.914790616666664,-95.32192543333333,2025/Sep/04,18:18:08,311,480,203,2300,216253.32,55302,-85,-18,-48,9,2300,203,-18,-86,-49,2300,386,-20,-96,-60,2300,281,-18,-87,-60,
370,38.9146668,-95.321606,2025/Sep/04,18:18:10,311,480,203,2300,216253.32,55302,-88,-17,-50,9,2300,203,-18,-87,-47,2300,386,-20,-92,-60,2300,437,-20,-93,-61,2300,104,-20,-95,-61,2300,281,-20,-89,-61,
370,38.91461013333333,-95.32144201666667,2025/Sep/04,18:18:11,311,480,203,2300,216253.32,55302,-88,-18,-50,9,2300,203,-18,-88,-50,2300,386,-20,-92,-62,2300,104,-20,-98,-62,2300,337,-20,-97,-62,
370,38.91454581666667,-95.32125946666666,2025/Sep/04,18:18:12,311,480,203,2300,216253.32,55302,-88,-17,-51,9,2300,203,-17,-87,-50,2300,386,-20,-95,-63,2300,104,-20,-98,-62,2300,437,-19,-91,-63,2300,202,-20,-98,-62,
370,38.914506966666664,-95.32107635,2025/Sep/04,18:18:13,311,480,203,2300,216253.32,55302,-86,-16,-50,9,2300,203,-16,-86,-47,2300,386,-20,-95,-62,2300,104,-20,-97,-61,2300,437,-18,-89,-62,2300,202,-20,-96,-61,
370,38.91447405,-95.32089243333333,2025/Sep/04,18:18:14,311,480,203,2300,216253.32,55302,-84,-17,-46,10,2300,203,-17,-84,-48,2300,437,-20,-88,-60,2300,202,-20,-96,-60,
370,38.914437766666666,-95.32069658333333,2025/Sep/04,18:18:15,311,480,203,2300,216253.32,55302,-85,-15,-50,9,2300,203,-15,-85,-49,2300,437,-17,-87,-61,2300,202,-20,-92,-63,2300,170,-19,-90,-63,2300,386,-15,-84,-61,
370,38.91437548333333,-95.32049913333333,2025/Sep/04,18:18:16,311,480,203,2300,216253.32,55302,-89,-17,-52,9,2300,203,-17,-89,-52,2300,437,-17,-89,-64,2300,337,-20,-95,-64,2300,386,-20,-99,-64,2300,369,-19,-92,-64,2300,195,-20,-100,-63,
370,38.91436041666667,-95.32031068333333,2025/Sep/04,18:18:17,311,480,203,2300,216253.32,55302,-89,-19,-50,9,2300,203,-19,-89,-50,2300,437,-19,-90,-63,2300,337,-20,-95,-63,2300,110,-20,-96,-63,2300,370,-20,-98,-63,2300,386,-20,-98,-63,2300,369,-20,-93,-63,2300,256,-20,-93,-63,
370,38.914354483333334,-95.32011773333333,2025/Sep/04,18:18:18,311,480,203,2300,216253.32,55302,-90,-19,-50,7,2300,203,-19,-90,-51,2300,437,-20,-92,-63,2300,337,-20,-94,-63,2300,110,-20,-94,-63,
370,38.91434901666667,-95.31992591666666,2025/Sep/04,18:18:19,311,480,203,2300,216253.32,55302,-91,-20,-50,7,2300,203,-20,-91,-50,2300,437,-20,-91,-63,2300,337,-20,-96,-63,2300,110,-20,-94,-63,2300,256,-20,-96,-63,2300,340,-20,-99,-63,
370,38.914356983333334,-95.3195505,2025/Sep/04,18:18:21,311,480,203,2300,216253.32,55302,-91,-20,-51,8,2300,203,-20,-92,-51,2300,437,-19,-91,-64,2300,337,-20,-95,-63,2300,110,-20,-94,-63,2300,256,-20,-95,-63,
370,38.9143699,-95.3193598,2025/Sep/04,18:18:22,311,480,203,2300,216253.32,55302,-91,-19,-51,9,2300,203,-18,-90,-52,2300,386,-20,-94,-63,2300,369,-20,-98,-64,2300,256,-20,-95,-64,
370,38.9143648,-95.31917201666667,2025/Sep/04,18:18:23,311,480,203,2300,216253.32,55302,-89,-18,-49,8,2300,203,-18,-90,-51,2300,369,-20,-93,-63,2300,386,-20,-96,-63,
370,38.91436965,-95.31898166666667,2025/Sep/04,18:18:24,65535,65535,386,-1,16777215.255,65535,-82,-15,-56,0,5230,330,-20,-90,-55,5230,386,-19,-82,-44,5230,110,-17,-82,-55,
370,38.91436996666667,-95.31878921666667,2025/Sep/04,18:18:25,311,480,386,5230,216150.3,55302,-81,-20,-42,6,5230,330,-20,-87,-52,5230,386,-20,-81,-42,
370,38.91437378333333,-95.31860641666667,2025/Sep/04,18:18:26,311,480,203,2300,216253.32,55302,-90,-18,-52,6,2300,203,-18,-91,-51,2300,110,-20,-97,-64,
370,38.91436701666667,-95.3184102,2025/Sep/04,18:18:27,311,480,203,2300,216253.32,55302,-93,-20,-51,4,2300,203,-20,-93,-51,2300,281,-18,-90,-63,2300,332,-20,-94,-63,2300,374,-20,-94,-63,2300,386,-18,-90,-63,
370,38.9143808,-95.3182228,2025/Sep/04,18:18:28,311,480,203,2300,216253.32,55302,-94,-20,-50,4,5230,203,-16,-78,-53,
370,38.9144099,-95.317674,2025/Sep/04,18:18:31,311,480,203,2300,216253.32,55302,-88,-17,-50,9,2300,386,-20,-94,-62,2300,203,-18,-88,-49,2300,369,-17,-89,-62,2300,437,-20,-93,-62,2300,370,-20,-96,-62,2300,202,-20,-96,-62,2300,38,-20,-98,-63,
330,38.9144179,-95.3171196,2025/Sep/04,18:18:34,311,480,203,2300,216253.32,55302,-90,-19,-49,8,2300,369,-17,-88,-63,2300,203,-20,-90,-50,
330,38.91440693333333,-95.3169454,2025/Sep/04,18:18:35,311,480,203,2300,216253.32,55302,-90,-19,-50,8,2300,369,-17,-88,-63,2300,203,-18,-89,-51,2300,437,-19,-90,-63,
340,38.91439151666667,-95.31676686666667,2025/Sep/04,18:18:36,311,480,203,2300,216253.32,55302,-87,-16,-50,8,2300,369,-18,-89,-63,2300,203,-17,-88,-51,2300,437,-20,-91,-63,2300,202,-20,-91,-63,2300,386,-20,-95,-63,
350,38.9144094,-95.31660788333333,2025/Sep/04,18:18:37,311,480,203,2300,216253.32,55302,-90,-19,-49,8,2300,202,-20,-95,-62,2300,203,-19,-90,-50,2300,437,-20,-91,-62,
350,38.91441508333333,-95.3164215,2025/Sep/04,18:18:38,311,480,203,2300,216253.32,55302,-94,-20,-52,5,2300,340,-20,-99,-64,2300,203,-20,-93,-51,2300,281,-18,-90,-64,2300,374,-20,-95,-64,2300,337,-20,-97,-63,2300,194,-20,-96,-64,2300,386,-16,-89,-64,
360,38.91442438333333,-95.31623668333333,2025/Sep/04,18:18:39,311,480,386,775,216150.34,55302,-89,-19,-53,9,775,110,-19,-88,-59,775,104,-20,-91,-59,775,386,-19,-87,-50,775,369,-20,-98,-59,775,203,-20,-88,-59,
370,38.91445888333333,-95.31574856666667,2025/Sep/04,18:18:41,311,480,386,2300,216150.32,55302,-90,-19,-50,5,2300,369,-20,-93,-64,2300,386,-20,-92,-50,2300,281,-19,-91,-63,2300,370,-20,-100,-64,2300,332,-20,-92,-64,
370,38.91447516666667,-95.31550278333333,2025/Sep/04,18:18:42,311,480,386,2300,216150.32,55302,-95,-20,-50,3,2300,369,-20,-95,-62,2300,386,-20,-95,-49,2300,437,-20,-95,-62,
370,38.914502033333335,-95.3152765,2025/Sep/04,18:18:43,311,480,386,5230,216150.3,55302,-76,-16,-43,6,5230,386,-16,-75,-39,5230,110,-20,-86,-51,5230,330,-20,-89,-51,
370,38.91450978333334,-95.31504966666667,2025/Sep/04,18:18:44,311,480,386,5230,216150.3,55302,-76,-17,-42,4,2300,386,-19,-88,-48,
370,38.91451195,-95.31480581666666,2025/Sep/04,18:18:45,311,480,386,2300,216150.32,55302,-91,-20,-49,3,2300,386,-20,-92,-47,2300,203,-16,-87,-61,2300,110,-20,-95,-61,2300,202,-20,-91,-61,2300,104,-20,-98,-61,2300,256,-19,-90,-62,
370,38.914522516666665,-95.31453493333333,2025/Sep/04,18:18:46,311,480,203,2300,216253.32,55302,-93,-20,-49,5,2300,202,-20,-95,-62,2300,203,-20,-92,-50,2300,110,-20,-92,-62,2300,256,-20,-92,-61,2300,281,-16,-86,-62,2300,104,-20,-96,-63,
380,38.91462143333333,-95.31405096666667,2025/Sep/04,18:18:48,65535,65535,281,-1,16777215.255,65535,-86,-15,-62,0,2300,374,-20,-95,-62,2300,203,-19,-90,-62,2300,110,-18,-90,-62,2300,437,-20,-97,-62,2300,281,-17,-88,-53,2300,202,-20,-93,-62,2300,332,-20,-96,-62,2300,386,-18,-90,-62,
380,38.91469523333333,-95.31378231666666,2025/Sep/04,18:18:49,311,480,281,2300,216247.32,55302,-91,-18,-51,6,2300,281,-18,-91,-51,2300,203,-20,-96,-62,2300,110,-17,-90,-62,2300,386,-18,-90,-62,2300,212,-20,-100,-62,
380,38.91476741666666,-95.3135395,2025/Sep/04,18:18:50,311,480,281,2300,216247.32,55302,-92,-19,-52,6,2300,281,-19,-92,-53,2300,203,-20,-98,-64,2300,110,-16,-88,-64,2300,386,-16,-88,-63,2300,212,-20,-97,-63,
320,38.91491085,-95.31332971666667,2025/Sep/04,18:18:51,311,480,386,2300,216150.32,55302,-89,-18,-49,8,2300,281,-19,-91,-62,2300,203,-20,-93,-63,2300,110,-16,-88,-62,2300,386,-18,-89,-49,2300,202,-20,-97,-62,2300,256,-20,-95,-62,2300,437,-20,-93,-62,
330,38.91508725,-95.31317301666667,2025/Sep/04,18:18:52,311,480,386,2300,216150.32,55302,-88,-18,-48,8,2300,281,-18,-87,-61,2300,203,-20,-96,-61,2300,110,-19,-89,-61,2300,386,-19,-88,-48,2300,256,-20,-93,-61,2300,437,-20,-94,-61,2300,202,-20,-96,-61,
340,38.91529031666666,-95.31306076666667,2025/Sep/04,18:18:53,65535,65535,386,-1,16777215.255,65535,-84,-16,-53,8,775,386,-16,-84,-52,775,104,-20,-88,-60,775,110,-16,-83,-60,775,369,-20,-89,-60,775,370,-20,-98,-60,
350,38.91550025,-95.31297835,2025/Sep/04,18:18:54,311,480,110,775,216458.34,55302,-86,-18,-53,8,775,386,-19,-85,-58,775,104,-18,-84,-58,775,110,-20,-87,-52,775,370,-20,-95,-58,775,374,-20,-94,-58,775,369,-20,-92,-58,
330,38.915964216666666,-95.31286115,2025/Sep/04,18:18:57,311,480,110,775,216458.34,55302,-86,-20,-49,7,2300,386,-20,-88,-50,2300,110,-20,-97,-60,2300,203,-16,-86,-60,2300,281,-16,-86,-60,2300,38,-20,-94,-60,
360,38.91650621666667,-95.31289913333333,2025/Sep/04,18:19:01,65535,65535,386,-1,16777215.255,65535,-94,-20,-59,5,775,386,-20,-94,-60,775,212,-20,-102,-66,775,332,-14,-91,-66,775,110,-13,-87,-66,
360,38.91661598333334,-95.31294026666667,2025/Sep/04,18:19:02,311,480,386,775,216150.34,55302,-100,-20,-60,3,775,386,-20,-101,-61,775,110,-13,-86,-65,775,185,-20,-102,-65,775,170,-18,-94,-65,775,332,-16,-91,-64,
370,38.916717766666665,-95.31300841666666,2025/Sep/04,18:19:03,311,480,386,5230,216150.3,55302,-72,-12,-43,12,5230,386,-12,-72,-43,5230,203,-16,-78,-49,
370,38.9168139,-95.31310376666667,2025/Sep/04,18:19:04,311,480,386,5230,216150.3,55302,-71,-13,-42,13,5230,386,-14,-70,-42,5230,202,-18,-78,-47,
370,38.91689881666667,-95.31320941666667,2025/Sep/04,18:19:05,311,480,386,5230,216150.3,55302,-73,-12,-43,11,5230,386,-13,-74,-44,5230,202,-19,-82,-53,
370,38.9169709,-95.31330566666666,2025/Sep/04,18:19:06,311,480,386,5230,216150.3,55302,-76,-16,-42,11,5230,386,-14,-75,-42,5230,202,-20,-80,-52,5230,330,-20,-84,-52,
370,38.91708511666667,-95.31350516666667,2025/Sep/04,18:19:08,311,480,386,5230,216150.3,55302,-73,-12,-44,12,5230,386,-12,-73,-44,5230,202,-17,-79,-52,
360,38.917173383333335,-95.31369765,2025/Sep/04,18:19:10,311,480,386,5230,216150.3,55302,-73,-12,-43,12,5230,386,-12,-74,-44,5230,202,-18,-80,-53,5230,330,-19,-80,-53,
360,38.917218616666666,-95.31380883333334,2025/Sep/04,18:19:11,311,480,386,5230,216150.3,55302,-87,-20,-46,4,5230,386,-20,-87,-45,5230,281,-20,-83,-55,5230,330,-18,-82,-55,5230,104,-18,-82,-55,5230,110,-20,-84,-55,5230,202,-19,-83,-55,
360,38.91726573333333,-95.31391001666667,2025/Sep/04,18:19:12,311,480,386,5230,216150.3,55302,-80,-17,-43,10,5230,386,-18,-79,-41,5230,281,-17,-80,-52,
360,38.9173092,-95.31400936666667,2025/Sep/04,18:19:13,311,480,386,5230,216150.3,55302,-75,-18,-38,12,5230,386,-18,-74,-38,5230,281,-20,-81,-49,5230,202,-20,-80,-49,
360,38.91736086666667,-95.31411158333333,2025/Sep/04,18:19:14,311,480,386,5230,216150.3,55302,-73,-12,-44,12,5230,386,-12,-73,-39,5230,202,-19,-79,-50,
360,38.917442466666664,-95.31430245,2025/Sep/04,18:19:16,311,480,386,5230,216150.3,55302,-75,-14,-44,10,5230,386,-14,-75,-44,5230,202,-19,-81,-54,
360,38.9174745,-95.31440518333334,2025/Sep/04,18:19:17,311,480,386,5230,216150.3,55302,-76,-18,-39,11,5230,386,-18,-76,-39,5230,202,-19,-79,-50,5230,128,-20,-86,-50,
360,38.91750865,-95.31448848333334,2025/Sep/04,18:19:18,311,480,386,5230,216150.3,55302,-79,-17,-44,8,5230,386,-18,-81,-44,5230,281,-17,-80,-55,5230,330,-17,-80,-54,5230,110,-20,-83,-54,
360,38.91754733333333,-95.31458141666667,2025/Sep/04,18:19:19,311,480,330,5230,220252.1,55302,-82,-19,-44,7,5230,386,-13,-76,-54,5230,110,-18,-80,-54,5230,330,-19,-82,-44,
360,38.917586033333336,-95.3148434,2025/Sep/04,18:19:21,311,480,386,5230,216150.3,55302,-77,-15,-42,8,5230,386,-16,-77,-41,5230,110,-18,-79,-51,5230,203,-16,-77,-51,5230,202,-20,-84,-52,
290,38.91759056666667,-95.31506016666667,2025/Sep/04,18:19:22,311,480,203,2300,216253.32,55302,-86,-17,-48,5,2300,203,-18,-86,-47,2300,202,-20,-92,-60,2300,110,-17,-87,-60,2300,386,-17,-87,-60,2300,437,-19,-87,-60,
310,38.917561516666666,-95.31527008333333,2025/Sep/04,18:19:23,311,480,203,2300,216253.32,55302,-88,-20,-47,5,2300,203,-20,-88,-46,2300,386,-14,-83,-60,2300,110,-18,-87,-60,2300,448,-20,-95,-60,
320,38.917542583333336,-95.31543928333333,2025/Sep/04,18:19:24,311,480,386,2300,216150.32,55302,-82,-15,-46,10,2300,386,-15,-82,-46,2300,203,-20,-89,-59,2300,374,-20,-93,-59,
340,38.917533,-95.31557326666666,2025/Sep/04,18:19:25,311,480,386,2300,216150.32,55302,-83,-17,-45,9,2300,386,-16,-83,-44,2300,203,-20,-92,-61,2300,110,-20,-88,-61,2300,437,-20,-92,-61,
350,38.91748068333333,-95.31587878333333,2025/Sep/04,18:19:27,311,480,386,2300,216150.32,55302,-86,-16,-48,7,2300,386,-20,-93,-49,2300,203,-19,-89,-61,2300,110,-17,-88,-61,2300,202,-20,-94,-61,2300,373,-20,-92,-62,2300,437,-20,-89,-61,2300,448,-20,-95,-61,2300,374,-20,-94,-62,
360,38.91737478333334,-95.31634858333334,2025/Sep/04,18:19:30,311,480,203,2300,216253.32,55302,-87,-17,-47,6,2300,203,-18,-87,-48,2300,110,-16,-87,-60,2300,437,-20,-91,-60,
360,38.917326683333336,-95.31663571666667,2025/Sep/04,18:19:32,311,480,203,2300,216253.32,55302,-87,-17,-48,6,2300,203,-17,-86,-49,2300,110,-16,-87,-62,2300,386,-19,-90,-62,
360,38.917303716666666,-95.31680631666667,2025/Sep/04,18:19:33,311,480,203,2300,216253.32,55302,-86,-18,-48,7,2300,203,-18,-86,-48,2300,386,-18,-88,-61,2300,437,-20,-89,-61,
360,38.91728378333333,-95.3169759,2025/Sep/04,18:19:34,311,480,203,2300,216253.32,55302,-87,-20,-46,6,2300,203,-20,-87,-46,2300,386,-15,-84,-59,2300,437,-20,-89,-59,2300,202,-20,-96,-58,
370,38.91726691666667,-95.31713305,2025/Sep/04,18:19:35,311,480,203,2300,216253.32,55302,-88,-20,-47,5,2300,203,-20,-88,-48,2300,437,-20,-88,-60,2300,487,-20,-96,-60,
360,38.91726886666667,-95.3172919,2025/Sep/04,18:19:36,311,480,386,775,216150.34,55302,-80,-15,-49,10,775,386,-16,-80,-49,775,110,-20,-92,-56,775,104,-20,-93,-56,775,203,-20,-94,-56,
360,38.917262433333335,-95.31743356666667,2025/Sep/04,18:19:37,311,480,386,775,216150.34,55302,-80,-15,-50,11,775,386,-14,-80,-54,775,110,-20,-90,-61,775,104,-20,-92,-61,775,203,-20,-95,-62,
360,38.9172569,-95.3175874,2025/Sep/04,18:19:38,311,480,386,775,216150.34,55302,-81,-13,-51,10,775,386,-13,-82,-54,775,110,-20,-92,-61,775,104,-20,-91,-61,775,203,-20,-94,-61,
370,38.9172661,-95.31778041666666,2025/Sep/04,18:19:39,311,480,386,775,216150.34,55302,-82,-17,-51,9,775,386,-17,-82,-49,775,110,-20,-92,-57,775,104,-20,-94,-57,775,203,-20,-95,-57,
370,38.917248283333336,-95.31797706666667,2025/Sep/04,18:19:40,311,480,386,775,216150.34,55302,-83,-16,-53,10,775,386,-16,-83,-53,775,110,-20,-92,-59,775,104,-20,-93,-59,775,203,-20,-96,-59,
370,38.91723171666667,-95.3181642,2025/Sep/04,18:19:41,311,480,386,775,216150.34,55302,-85,-15,-55,10,775,386,-14,-87,-59,775,110,-20,-101,-64,775,104,-20,-93,-64,775,203,-16,-88,-64,
370,38.9172231,-95.3183301,2025/Sep/04,18:19:42,311,480,203,775,216253.34,55302,-90,-19,-53,6,775,386,-20,-96,-62,775,110,-20,-94,-61,775,104,-20,-95,-61,775,203,-20,-90,-53,775,374,-20,-95,-61,
370,38.9172194,-95.31847738333333,2025/Sep/04,18:19:43,311,480,203,775,216253.34,55302,-93,-20,-54,5,775,386,-17,-87,-63,775,104,-20,-98,-63,775,203,-20,-93,-56,
310,38.917230483333334,-95.31862076666667,2025/Sep/04,18:19:44,311,480,203,5230,216253.3,55302,-81,-17,-46,9,5230,203,-17,-81,-45,5230,110,-18,-81,-55,5230,104,-20,-85,-55,5230,369,-20,-89,-56,
320,38.91725426666667,-95.3188768,2025/Sep/04,18:19:46,311,480,203,2300,216253.32,55302,-83,-16,-47,8,2300,203,-16,-83,-47,2300,437,-18,-86,-60,2300,110,-20,-88,-60,2300,202,-20,-92,-60,2300,386,-17,-86,-60,
330,38.91725426666667,-95.31900691666667,2025/Sep/04,18:19:47,311,480,203,2300,216253.32,55302,-84,-18,-44,9,2300,203,-18,-83,-45,2300,437,-20,-86,-58,2300,110,-20,-87,-58,2300,202,-20,-95,-58,
330,38.91726211666667,-95.31916231666666,2025/Sep/04,18:19:48,311,480,203,2300,216253.32,55302,-83,-15,-48,9,2300,203,-15,-83,-48,2300,437,-19,-86,-60,2300,110,-19,-88,-60,2300,202,-20,-93,-60,
330,38.9172651,-95.319309,2025/Sep/04,18:19:49,311,480,203,2300,216253.32,55302,-84,-15,-48,9,2300,203,-15,-84,-47,2300,437,-16,-85,-61,2300,110,-17,-85,-61,2300,202,-20,-89,-60,2300,390,-20,-88,-60,2300,386,-18,-86,-61,
340,38.91729241666667,-95.31946523333333,2025/Sep/04,18:19:50,311,480,203,2300,216253.32,55302,-85,-17,-46,7,2300,203,-18,-86,-46,2300,437,-19,-87,-60,2300,110,-19,-88,-60,2300,448,-20,-96,-59,
340,38.91730571666667,-95.31961766666667,2025/Sep/04,18:19:51,311,480,203,2300,216253.32,55302,-86,-18,-49,7,2300,203,-18,-86,-49,2300,437,-18,-88,-62,2300,110,-17,-88,-62,2300,448,-20,-95,-62,
350,38.91730893333333,-95.3197651,2025/Sep/04,18:19:52,311,480,203,2300,216253.32,55302,-86,-17,-48,7,2300,203,-16,-86,-50,2300,437,-15,-85,-61,2300,110,-16,-86,-61,2300,448,-17,-87,-59,2300,281,-17,-87,-61,2300,395,-16,-86,-61,
350,38.91729708333333,-95.31992806666666,2025/Sep/04,18:19:53,311,480,203,2300,216253.32,55302,-85,-16,-49,7,2300,203,-15,-84,-49,2300,437,-17,-87,-61,2300,386,-20,-90,-61,2300,281,-20,-99,-61,
350,38.9172606,-95.32020716666666,2025/Sep/04,18:19:55,311,480,203,2300,216253.32,55302,-85,-17,-50,8,2300,203,-19,-88,-49,2300,437,-20,-90,-61,2300,386,-16,-85,-61,2300,374,-20,-94,-62,2300,256,-20,-90,-62,
360,38.91720325,-95.32054893333333,2025/Sep/04,18:19:57,311,480,203,2300,216253.32,55302,-89,-20,-49,5,2300,203,-20,-90,-49,2300,437,-20,-90,-61,2300,386,-17,-86,-61,2300,374,-20,-91,-61,2300,256,-20,-93,-61,
370,38.917175316666665,-95.3209389,2025/Sep/04,18:19:59,311,480,386,2300,216150.32,55302,-88,-18,-51,8,2300,374,-20,-91,-62,2300,386,-18,-89,-50,2300,281,-20,-97,-62,2300,256,-20,-92,-62,
370,38.917172416666666,-95.32111003333333,2025/Sep/04,18:20:00,311,480,386,2300,216150.32,55302,-92,-20,-51,6,2300,374,-20,-91,-63,2300,386,-20,-92,-51,
370,38.917154266666664,-95.321274,2025/Sep/04,18:20:01,311,480,386,2300,216150.32,55302,-93,-20,-49,5,2300,110,-19,-90,-62,2300,386,-20,-93,-48,2300,442,-20,-99,-62,
370,38.917111616666666,-95.32142513333334,2025/Sep/04,18:20:02,311,480,203,2300,216253.32,55302,-87,-18,-52,8,2300,110,-18,-88,-63,2300,256,-20,-96,-64,2300,203,-17,-87,-50,2300,320,-20,-97,-64,2300,332,-20,-93,-63,
370,38.91705415,-95.3215754,2025/Sep/04,18:20:03,311,480,203,2300,216253.32,55302,-89,-19,-52,7,2300,110,-18,-88,-61,2300,256,-20,-93,-61,2300,203,-20,-89,-48,2300,281,-18,-88,-61,2300,332,-20,-93,-61,2300,386,-20,-96,-61,
370,38.91698145,-95.32175173333333,2025/Sep/04,18:20:04,311,480,203,2300,216253.32,55302,-90,-20,-50,6,2300,110,-19,-90,-63,2300,386,-20,-92,-63,2300,203,-20,-90,-51,
370,38.9168791,-95.3219027,2025/Sep/04,18:20:05,311,480,203,2300,216253.32,55302,-88,-18,-48,6,2300,281,-18,-88,-60,2300,256,-20,-91,-61,2300,203,-19,-88,-48,2300,386,-20,-91,-60,2300,38,-20,-93,-60,
370,38.91667965,-95.32213733333333,2025/Sep/04,18:20:07,311,480,203,2300,216253.32,55302,-88,-20,-47,7,2300,281,-18,-87,-62,2300,256,-20,-92,-62,2300,203,-19,-88,-49,2300,386,-20,-92,-62,
370,38.9165791,-95.322218,2025/Sep/04,18:20:08,311,480,203,2300,216253.32,55302,-87,-17,-48,7,2300,281,-17,-86,-60,2300,256,-20,-92,-61,2300,203,-18,-87,-47,2300,386,-20,-96,-60,2300,332,-20,-91,-61,
380,38.916467516666664,-95.32229798333333,2025/Sep/04,18:20:09,311,480,203,2300,216253.32,55302,-86,-19,-46,8,2300,281,-18,-86,-60,2300,386,-20,-91,-60,2300,203,-19,-86,-46,2300,256,-20,-94,-59,
370,38.916364683333335,-95.32236821666666,2025/Sep/04,18:20:10,311,480,203,2300,216253.32,55302,-85,-16,-47,8,2300,281,-17,-86,-61,2300,386,-20,-90,-61,2300,203,-16,-85,-49,2300,256,-20,-91,-62,2300,104,-20,-94,-61,
370,38.9162678,-95.32243181666666,2025/Sep/04,18:20:11,311,480,203,2300,216253.32,55302,-85,-15,-49,8,2300,281,-16,-84,-60,2300,386,-20,-92,-60,2300,203,-16,-84,-46,2300,256,-20,-92,-60,
370,38.916179533333334,-95.32248605,2025/Sep/04,18:20:12,311,480,203,2300,216253.32,55302,-84,-18,-47,8,2300,281,-18,-85,-58,2300,386,-20,-91,-58,2300,203,-18,-84,-44,2300,437,-20,-90,-58,
370,38.91607811666667,-95.3225403,2025/Sep/04,18:20:13,311,480,203,2300,216253.32,55302,-85,-17,-48,8,2300,281,-17,-85,-60,2300,110,-20,-97,-60,2300,203,-17,-85,-47,
370,38.91596085,-95.32258255,2025/Sep/04,18:20:14,311,480,203,2300,216253.32,55302,-85,-17,-47,8,2300,281,-17,-87,-61,2300,256,-20,-91,-60,2300,203,-17,-85,-47,2300,337,-20,-93,-60,2300,110,-20,-93,-61,2300,437,-20,-91,-60,
370,38.91585971666667,-95.32262088333333,2025/Sep/04,18:20:15,311,480,203,2300,216253.32,55302,-86,-19,-47,8,2300,386,-20,-87,-59,2300,437,-20,-90,-59,2300,203,-18,-85,-46,2300,337,-20,-95,-58,2300,110,-20,-95,-59,2300,281,-18,-86,-59,
370,38.915755016666665,-95.32263915,2025/Sep/04,18:20:16,311,480,203,2300,216253.32,55302,-86,-17,-47,9,2300,386,-19,-88,-60,2300,437,-19,-89,-60,2300,203,-16,-85,-48,2300,110,-20,-89,-60,
370,38.915649916666666,-95.32264753333334,2025/Sep/04,18:20:17,311,480,203,2300,216253.32,55302,-84,-18,-44,9,2300,386,-19,-86,-59,2300,437,-19,-88,-59,2300,203,-19,-85,-46,2300,110,-18,-86,-58,2300,281,-20,-89,-59,
370,38.91541845,-95.32262981666666,2025/Sep/04,18:20:19,311,480,203,2300,216253.32,55302,-87,-20,-47,7,2300,386,-18,-87,-61,2300,437,-20,-89,-61,2300,203,-20,-88,-49,2300,110,-18,-87,-61,2300,104,-20,-93,-61,
370,38.9152985,-95.32258083333333,2025/Sep/04,18:20:20,311,480,203,2300,216253.32,55302,-88,-20,-48,7,2300,110,-18,-87,-61,2300,437,-20,-91,-60,2300,203,-20,-88,-48,2300,386,-17,-86,-60,2300,487,-20,-99,-61,
370,38.91517845,-95.322535,2025/Sep/04,18:20:21,311,480,203,5230,216253.3,55302,-76,-14,-44,10,5230,281,-20,-82,-53,5230,203,-14,-76,-43,
370,38.9150769,-95.3224692,2025/Sep/04,18:20:22,311,480,203,2300,216253.32,55302,-86,-17,-51,7,2300,203,-17,-86,-49,2300,437,-16,-84,-60,2300,374,-15,-86,-61,2300,281,-16,-84,-60,2300,38,-16,-86,-60,2300,332,-17,-87,-62,
340,38.9146882,-95.32206608333334,2025/Sep/04,18:20:26,311,480,203,2300,216253.32,55302,-86,-18,-47,7,2300,203,-18,-86,-48,2300,437,-20,-91,-61,2300,386,-20,-91,-60,2300,281,-20,-89,-60,2300,139,-20,-98,-60,
350,38.91460708333334,-95.32193448333334,2025/Sep/04,18:20:27,311,480,203,2300,216253.32,55302,-87,-18,-49,8,2300,203,-18,-87,-48,2300,104,-20,-93,-60,2300,386,-20,-91,-60,2300,281,-19,-88,-60,
350,38.91453311666667,-95.32178916666666,2025/Sep/04,18:20:28,311,480,203,2300,216253.32,55302,-86,-17,-49,9,2300,203,-16,-85,-48,2300,496,-16,-87,-62,2300,386,-17,-86,-61,2300,374,-20,-89,-61,2300,104,-19,-89,-61,
360,38.9144529,-95.32163623333334,2025/Sep/04,18:20:29,311,480,203,2300,216253.32,55302,-85,-17,-47,10,2300,203,-17,-84,-46,2300,337,-20,-96,-59,2300,256,-20,-93,-59,
360,38.91434816666667,-95.32129326666667,2025/Sep/04,18:20:31,311,480,203,2300,216253.32,55302,-85,-16,-49,9,2300,203,-16,-86,-48,2300,386,-20,-92,-61,
360,38.91431333333333,-95.32110803333333,2025/Sep/04,18:20:32,311,480,203,2300,216253.32,55302,-87,-17,-50,9,2300,203,-17,-87,-49,2300,256,-20,-96,-62,2300,337,-20,-92,-62,2300,437,-19,-89,-63,
360,38.914295816666666,-95.32092878333333,2025/Sep/04,18:20:33,311,480,203,2300,216253.32,55302,-90,-20,-49,7,2300,203,-20,-90,-50,2300,437,-20,-92,-62,2300,337,-20,-92,-62,2300,369,-20,-93,-62,2300,256,-20,-92,-62,2300,110,-20,-95,-62,2300,370,-20,-94,-62,
370,38.91427345,-95.32073321666667,2025/Sep/04,18:20:34,311,480,203,2300,216253.32,55302,-92,-20,-51,6,2300,203,-20,-93,-50,2300,369,-20,-93,-63,2300,437,-20,-95,-63,2300,256,-20,-96,-63,2300,281,-19,-90,-63,
360,38.914282433333334,-95.3205415,2025/Sep/04,18:20:35,311,480,110,775,216458.34,55302,-91,-20,-54,6,775,437,-20,-95,-61,775,110,-20,-91,-54,775,386,-16,-85,-61,775,369,-20,-91,-60,775,104,-20,-89,-61,775,203,-20,-91,-60,775,347,-20,-94,-61,
370,38.91429488333333,-95.3203568,2025/Sep/04,18:20:36,311,480,110,775,216458.34,55302,-91,-20,-54,5,775,203,-20,-97,-62,775,110,-20,-91,-56,775,386,-16,-86,-55,775,369,-20,-95,-62,775,104,-20,-90,-61,
310,38.91431153333333,-95.32015088333333,2025/Sep/04,18:20:37,311,480,386,775,216150.34,55302,-88,-18,-54,8,775,104,-19,-89,-60,775,110,-20,-90,-60,775,386,-18,-88,-53,775,203,-20,-96,-60,
330,38.91434578333333,-95.31996238333333,2025/Sep/04,18:20:38,311,480,203,2300,216253.32,55302,-93,-20,-51,6,2300,203,-20,-93,-50,2300,369,-20,-95,-63,2300,281,-17,-89,-64,2300,370,-20,-100,-64,
340,38.914374233333334,-95.31977666666667,2025/Sep/04,18:20:39,311,480,203,2300,216253.32,55302,-92,-20,-51,5,2300,203,-20,-93,-50,2300,369,-20,-92,-64,2300,386,-20,-92,-64,
350,38.91439063333333,-95.31958813333334,2025/Sep/04,18:20:40,311,480,203,2300,216253.32,55302,-90,-19,-50,6,2300,203,-19,-91,-51,2300,110,-20,-94,-63,2300,437,-20,-95,-63,2300,170,-20,-97,-63,2300,337,-20,-93,-63,2300,93,-20,-100,-64,
350,38.91441638333333,-95.31940838333334,2025/Sep/04,18:20:41,311,480,203,2300,216253.32,55302,-91,-20,-50,5,2300,203,-20,-91,-50,2300,110,-18,-89,-63,2300,437,-17,-88,-62,2300,170,-18,-89,-62,2300,337,-19,-89,-61,
350,38.91443225,-95.31922946666667,2025/Sep/04,18:20:42,311,480,203,2300,216253.32,55302,-89,-19,-49,6,2300,203,-19,-90,-50,2300,110,-20,-97,-63,2300,337,-20,-91,-63,2300,340,-20,-97,-63,
360,38.9144446,-95.31888406666667,2025/Sep/04,18:20:44,311,480,203,2300,216253.32,55302,-93,-20,-51,5,2300,203,-20,-94,-50,2300,281,-18,-90,-64,2300,337,-20,-97,-64,2300,93,-20,-96,-64,
350,38.91446366666667,-95.31869513333334,2025/Sep/04,18:20:45,311,480,386,775,216150.34,55302,-90,-20,-55,7,775,110,-17,-88,-62,775,104,-19,-89,-62,775,386,-20,-91,-55,775,203,-20,-94,-62,775,437,-20,-95,-62,
360,38.9144791,-95.31822786666666,2025/Sep/04,18:20:47,311,480,386,775,216150.34,55302,-92,-20,-55,6,775,110,-18,-88,-55,775,374,-20,-96,-61,775,369,-20,-97,-62,775,437,-20,-98,-61,
370,38.9145078,-95.31798406666667,2025/Sep/04,18:20:48,311,480,110,775,216458.34,55302,-89,-20,-56,8,775,110,-20,-89,-52,775,374,-20,-95,-60,775,369,-20,-98,-60,775,386,-18,-87,-60,
370,38.91452475,-95.31776208333333,2025/Sep/04,18:20:49,311,480,110,775,216458.34,55302,-89,-19,-52,7,775,110,-19,-89,-52,775,437,-20,-88,-58,775,369,-20,-89,-59,775,386,-14,-82,-58,775,332,-17,-84,-58,
310,38.91453418333333,-95.31754151666667,2025/Sep/04,18:20:50,311,480,386,2300,216150.32,55302,-92,-20,-51,4,2300,386,-20,-92,-50,2300,437,-19,-91,-63,2300,256,-20,-95,-63,2300,203,-19,-90,-63,2300,422,-20,-101,-63,
320,38.91453955,-95.31731501666667,2025/Sep/04,18:20:51,311,480,203,2300,216253.32,55302,-91,-19,-50,7,2300,337,-20,-95,-62,2300,203,-19,-92,-50,2300,110,-20,-92,-63,
350,38.914526083333335,-95.31610861666667,2025/Sep/04,18:20:56,65535,65535,386,-1,16777215.255,65535,-79,-17,-53,0,5230,386,-20,-86,-43,
350,38.91453416666667,-95.31585693333334,2025/Sep/04,18:20:57,311,480,386,5230,216150.3,55302,-81,-19,-43,2,2300,369,-20,-93,-62,2300,203,-17,-88,-49,2300,386,-20,-94,-62,
350,38.9145344,-95.31561221666666,2025/Sep/04,18:20:58,311,480,203,2300,216253.32,55302,-89,-19,-49,7,2300,104,-20,-99,-62,2300,203,-19,-90,-49,2300,386,-20,-96,-62,2300,422,-20,-100,-62,
360,38.91453615,-95.31537603333334,2025/Sep/04,18:20:59,311,480,203,2300,216253.32,55302,-90,-18,-50,8,2300,256,-20,-98,-64,2300,203,-18,-89,-50,2300,386,-20,-97,-63,2300,437,-20,-92,-63,2300,104,-20,-100,-63,
360,38.9145329,-95.31514908333334,2025/Sep/04,18:21:00,311,480,203,2300,216253.32,55302,-89,-17,-49,8,2300,110,-20,-92,-61,2300,203,-18,-89,-50,2300,386,-20,-95,-61,2300,202,-20,-91,-61,2300,337,-20,-92,-61,
360,38.91453816666667,-95.31490543333334,2025/Sep/04,18:21:01,311,480,203,2300,216253.32,55302,-91,-20,-48,7,2300,437,-20,-92,-61,2300,203,-20,-91,-48,2300,281,-18,-88,-62,2300,386,-20,-94,-62,2300,256,-18,-89,-61,
360,38.914561033333335,-95.31466156666667,2025/Sep/04,18:21:02,311,480,203,2300,216253.32,55302,-91,-20,-49,8,2300,202,-20,-92,-62,2300,203,-20,-91,-50,2300,256,-17,-89,-62,2300,437,-20,-91,-62,2300,448,-20,-96,-63,2300,386,-20,-93,-62,
360,38.91456336666667,-95.31439515,2025/Sep/04,18:21:03,311,480,386,775,216150.34,55302,-88,-20,-56,8,775,386,-20,-91,-58,775,104,-20,-93,-63,775,203,-20,-97,-63,775,369,-20,-100,-63,
370,38.91457045,-95.3141598,2025/Sep/04,18:21:04,311,480,374,775,216258.34,55302,-92,-20,-56,7,775,374,-20,-97,-56,775,203,-18,-88,-62,775,104,-18,-88,-61,775,370,-18,-88,-62,775,202,-15,-86,-62,775,369,-16,-87,-62,
370,38.91475403333333,-95.3136745,2025/Sep/04,18:21:06,5230,386,-15,-71,-38,
370,38.91486771666667,-95.31345275,2025/Sep/04,18:21:07,311,480,386,5230,216150.3,55302,-72,-11,-44,10,5230,386,-11,-73,-44,5230,110,-16,-77,-54,
370,38.91502166666667,-95.31325248333333,2025/Sep/04,18:21:08,65535,65535,0,-1,16777215.255,65535,0,0,0,0,5230,386,-12,-73,-43,5230,203,-20,-81,-51,
370,38.91523576666667,-95.31318743333334,2025/Sep/04,18:21:09,311,480,386,5230,216150.3,55302,-73,-12,-44,11,5230,386,-12,-73,-43,5230,203,-20,-87,-52,5230,110,-16,-75,-52,5230,212,-20,-89,-52,
370,38.91543005,-95.31310271666666,2025/Sep/04,18:21:10,311,480,386,5230,216150.3,55302,-72,-13,-44,13,5230,386,-12,-72,-42,5230,203,-20,-86,-52,5230,110,-18,-78,-52,
370,38.9156076,-95.31304465,2025/Sep/04,18:21:11,311,480,386,5230,216150.3,55302,-73,-15,-44,12,5230,386,-16,-73,-39,5230,330,-20,-83,-49,5230,110,-20,-81,-50,
370,38.91577638333333,-95.31297988333333,2025/Sep/04,18:21:12,311,480,386,5230,216150.3,55302,-74,-14,-43,11,5230,386,-14,-74,-43,5230,330,-20,-80,-52,
370,38.9159397,-95.3129314,2025/Sep/04,18:21:13,311,480,386,5230,216150.3,55302,-75,-17,-40,10,5230,386,-17,-75,-40,5230,330,-20,-79,-50,
370,38.9160857,-95.31289606666667,2025/Sep/04,18:21:14,311,480,386,5230,216150.3,55302,-77,-18,-45,9,5230,386,-17,-78,-46,5230,330,-18,-79,-54,5230,203,-20,-87,-55,5230,281,-18,-82,-55,
370,38.91623826666667,-95.31288828333334,2025/Sep/04,18:21:15,311,480,386,5230,216150.3,55302,-85,-20,-46,4,5230,386,-20,-86,-44,5230,330,-16,-79,-54,5230,203,-18,-81,-55,5230,202,-20,-85,-55,
370,38.916371866666665,-95.31288751666666,2025/Sep/04,18:21:16,311,480,203,5230,216253.3,55302,-78,-17,-42,7,5230,203,-18,-78,-43,5230,110,-16,-77,-52,5230,386,-13,-74,-52,
360,38.91660545,-95.3129478,2025/Sep/04,18:21:18,311,480,386,5230,216150.3,55302,-75,-16,-43,9,5230,437,-20,-83,-52,5230,110,-16,-76,-52,5230,386,-16,-75,-43,5230,281,-18,-78,-51,
300,38.9167045,-95.31300886666666,2025/Sep/04,18:21:19,311,480,386,5230,216150.3,55302,-80,-18,-43,6,5230,386,-19,-80,-45,5230,281,-19,-80,-52,5230,203,-12,-73,-52,5230,202,-17,-77,-52,
310,38.9167997,-95.31308706666667,2025/Sep/04,18:21:20,311,480,203,5230,216253.3,55302,-79,-17,-45,9,5230,374,-20,-87,-54,5230,437,-17,-80,-54,5230,203,-17,-79,-46,5230,110,-17,-80,-54,5230,202,-17,-79,-54,
320,38.91689255,-95.31318015,2025/Sep/04,18:21:21,311,480,281,2300,216247.32,55302,-84,-14,-50,8,2300,203,-16,-86,-60,2300,281,-15,-85,-49,2300,386,-20,-95,-60,2300,202,-20,-89,-60,2300,110,-20,-90,-60,
310,38.91706408333334,-95.31343355,2025/Sep/04,18:21:24,311,480,281,2300,216247.32,55302,-87,-17,-50,6,2300,203,-19,-87,-60,2300,281,-17,-87,-48,2300,386,-15,-83,-60,2300,110,-20,-89,-60,2300,437,-20,-90,-60,
320,38.91710748333333,-95.3135174,2025/Sep/04,18:21:25,311,480,281,2300,216247.32,55302,-87,-18,-49,7,2300,203,-17,-85,-60,2300,281,-17,-87,-50,2300,386,-15,-83,-60,2300,110,-19,-87,-60,2300,437,-20,-89,-60,
330,38.91714508333333,-95.31364378333333,2025/Sep/04,18:21:26,311,480,281,2300,216247.32,55302,-87,-17,-50,7,2300,203,-13,-81,-60,2300,281,-17,-87,-50,2300,386,-15,-83,-59,2300,110,-15,-83,-60,2300,202,-16,-83,-60,2300,437,-14,-82,-59,2300,374,-15,-83,-60,
330,38.91718015,-95.3137562,2025/Sep/04,18:21:27,311,480,281,2300,216247.32,55302,-88,-17,-50,6,2300,203,-20,-90,-61,2300,281,-17,-88,-49,2300,437,-18,-87,-61,2300,110,-16,-85,-61,2300,202,-20,-92,-61,2300,376,-20,-97,-61,
340,38.917211183333336,-95.31387076666667,2025/Sep/04,18:21:28,311,480,110,2300,216458.32,55302,-86,-18,-45,7,2300,203,-17,-85,-60,2300,202,-20,-89,-60,2300,437,-18,-86,-60,2300,110,-17,-86,-48,2300,83,-20,-98,-60,2300,386,-20,-89,-60,
350,38.91728145,-95.31410543333334,2025/Sep/04,18:21:30,311,480,110,2300,216458.32,55302,-86,-19,-46,7,2300,203,-16,-83,-58,2300,202,-17,-83,-58,2300,437,-15,-82,-58,2300,110,-18,-85,-47,2300,386,-16,-82,-58,
360,38.91731733333334,-95.31422408333333,2025/Sep/04,18:21:31,311,480,110,2300,216458.32,55302,-87,-13,-48,6,2300,110,-17,-85,-48,
360,38.917340016666664,-95.31434995,2025/Sep/04,18:21:32,311,480,110,2300,216458.32,55302,-88,-20,-48,6,2300,110,-20,-89,-47,2300,203,-15,-84,-60,2300,104,-20,-95,-60,2300,202,-20,-90,-60,2300,386,-20,-92,-60,2300,437,-19,-88,-60,2300,281,-20,-89,-60,
360,38.91736345,-95.3144977,2025/Sep/04,18:21:33,311,480,110,2300,216458.32,55302,-89,-20,-47,5,2300,110,-20,-89,-48,2300,203,-15,-84,-59,2300,386,-20,-95,-60,2300,104,-20,-97,-59,
360,38.91738543333334,-95.31463846666666,2025/Sep/04,18:21:34,311,480,110,2300,216458.32,55302,-89,-20,-48,5,2300,110,-20,-89,-47,2300,203,-15,-84,-60,2300,386,-20,-94,-60,2300,437,-17,-86,-61,2300,125,-20,-98,-61,
360,38.9173925,-95.31478055,2025/Sep/04,18:21:35,311,480,437,2300,216459.32,55302,-88,-19,-48,7,2300,110,-20,-88,-60,2300,203,-16,-84,-61,2300,386,-17,-85,-60,2300,437,-19,-88,-47,2300,104,-20,-95,-61,2300,202,-20,-88,-60,2300,281,-20,-90,-60,
360,38.91740623333333,-95.31490131666666,2025/Sep/04,18:21:36,311,480,437,2300,216459.32,55302,-88,-20,-46,5,2300,437,-20,-88,-48,2300,203,-15,-83,-60,2300,386,-16,-84,-60,
360,38.917405966666664,-95.31503998333334,2025/Sep/04,18:21:37,311,480,203,2300,216253.32,55302,-85,-17,-48,8,2300,281,-18,-87,-61,2300,203,-17,-85,-48,2300,110,-17,-85,-60,2300,437,-16,-85,-60,2300,202,-19,-88,-61,
360,38.917412733333336,-95.31530085,2025/Sep/04,18:21:39,311,480,203,2300,216253.32,55302,-85,-18,-49,8,2300,386,-20,-92,-61,2300,203,-18,-86,-48,2300,437,-16,-85,-60,2300,202,-19,-89,-61,
360,38.917414566666665,-95.31559881666666,2025/Sep/04,18:21:41,311,480,203,2300,216253.32,55302,-86,-18,-47,7,2300,386,-18,-88,-61,2300,203,-17,-86,-49,2300,437,-17,-86,-61,2300,202,-20,-91,-61,
360,38.917416083333336,-95.31574436666666,2025/Sep/04,18:21:42,311,480,203,2300,216253.32,55302,-86,-19,-45,6,2300,386,-17,-86,-59,2300,203,-19,-86,-46,2300,437,-19,-86,-59,2300,202,-20,-94,-59,
360,38.917407383333334,-95.31588368333334,2025/Sep/04,18:21:43,311,480,203,2300,216253.32,55302,-88,-20,-47,6,2300,386,-18,-87,-60,2300,203,-20,-88,-47,2300,437,-20,-89,-60,
360,38.917388,-95.3160442,2025/Sep/04,18:21:44,311,480,203,2300,216253.32,55302,-87,-18,-47,7,2300,110,-18,-88,-61,2300,203,-18,-87,-48,2300,386,-16,-86,-60,
370,38.91736748333334,-95.3162215,2025/Sep/04,18:21:45,65535,65535,386,-1,16777215.255,65535,-89,-20,-48,4,2300,386,-20,-90,-47,2300,437,-18,-87,-61,2300,203,-15,-85,-61,2300,202,-20,-91,-61,
370,38.91733791666667,-95.31640586666667,2025/Sep/04,18:21:46,311,480,386,5230,216150.3,55302,-77,-16,-42,8,5230,386,-16,-77,-43,5230,203,-12,-74,-53,
300,38.91728885,-95.31670776666667,2025/Sep/04,18:21:48,311,480,203,2300,216253.32,55302,-85,-18,-47,8,2300,203,-20,-84,-44,2300,110,-20,-85,-57,2300,437,-20,-86,-57,2300,386,-16,-81,-57,
340,38.91729121666667,-95.31720031666667,2025/Sep/04,18:21:52,311,480,203,2300,216253.32,55302,-85,-17,-48,7,2300,203,-17,-85,-48,2300,110,-17,-87,-62,2300,437,-15,-85,-62,
350,38.917315716666664,-95.3175326,2025/Sep/04,18:21:54,311,480,203,2300,216253.32,55302,-84,-17,-46,8,2300,203,-17,-84,-45,2300,386,-16,-85,-58,2300,437,-20,-88,-58,2300,202,-20,-94,-58,2300,448,-20,-95,-58,
350,38.91730806666666,-95.31772435,2025/Sep/04,18:21:55,311,480,203,2300,216253.32,55302,-87,-19,-48,6,2300,203,-18,-87,-49,2300,386,-16,-85,-62,2300,437,-18,-88,-62,2300,448,-20,-94,-62,2300,202,-20,-96,-62,
350,38.9172975,-95.31791961666667,2025/Sep/04,18:21:56,311,480,203,2300,216253.32,55302,-86,-17,-48,7,2300,203,-16,-85,-47,2300,386,-20,-90,-61,2300,437,-18,-87,-61,2300,448,-20,-88,-60,2300,202,-20,-96,-61,
350,38.9172905,-95.31810161666667,2025/Sep/04,18:21:57,311,480,203,2300,216253.32,55302,-84,-17,-46,9,2300,203,-17,-84,-46,2300,386,-20,-93,-59,2300,437,-19,-86,-59,
350,38.91728845,-95.31826665,2025/Sep/04,18:21:58,311,480,203,2300,216253.32,55302,-85,-18,-46,7,2300,203,-18,-85,-48,2300,386,-18,-86,-60,2300,437,-18,-86,-60,
360,38.917281016666664,-95.3184051,2025/Sep/04,18:21:59,311,480,203,2300,216253.32,55302,-86,-18,-47,8,2300,203,-17,-85,-47,2300,386,-17,-87,-61,2300,437,-17,-87,-61,2300,110,-16,-85,-61,
360,38.91729936666667,-95.31852588333334,2025/Sep/04,18:22:00,311,480,203,2300,216253.32,55302,-84,-16,-46,7,2300,203,-17,-84,-46,2300,437,-20,-89,-59,2300,104,-20,-94,-59,2300,202,-20,-97,-59,
360,38.917305416666665,-95.31866418333334,2025/Sep/04,18:22:01,311,480,203,2300,216253.32,55302,-84,-17,-47,9,2300,203,-16,-83,-46,2300,104,-20,-96,-59,2300,437,-19,-86,-59,
360,38.91730793333333,-95.31882511666667,2025/Sep/04,18:22:02,311,480,203,2300,216253.32,55302,-84,-15,-49,7,2300,203,-15,-84,-49,2300,202,-20,-92,-62,2300,437,-18,-87,-61,
360,38.917303616666665,-95.31900748333334,2025/Sep/04,18:22:03,311,480,203,2300,216253.32,55302,-85,-17,-49,8,2300,203,-17,-85,-46,2300,437,-18,-86,-60,2300,386,-17,-86,-60,
360,38.917299,-95.31930245,2025/Sep/04,18:22:05,311,480,203,2300,216253.32,55302,-85,-17,-47,7,2300,203,-15,-84,-49,2300,437,-18,-86,-60,2300,386,-18,-86,-60,
360,38.91733326666667,-95.31947346666666,2025/Sep/04,18:22:06,311,480,203,2300,216253.32,55302,-85,-16,-49,9,2300,203,-16,-84,-49,2300,437,-17,-86,-60,2300,32,-20,-98,-60,
360,38.91737095,-95.31961573333334,2025/Sep/04,18:22:07,311,480,203,2300,216253.32,55302,-82,-15,-48,9,2300,203,-15,-82,-46,2300,437,-18,-86,-60,2300,386,-20,-88,-61,2300,202,-20,-94,-61,
360,38.917373616666666,-95.31973313333333,2025/Sep/04,18:22:08,311,480,203,2300,216253.32,55302,-82,-14,-45,11,2300,203,-14,-81,-44,2300,437,-18,-85,-58,2300,202,-20,-94,-58,
360,38.91735283333333,-95.31980861666666,2025/Sep/04,18:22:09,311,480,203,2300,216253.32,55302,-83,-17,-47,9,2300,203,-16,-83,-46,2300,437,-18,-85,-61,2300,386,-20,-90,-61,2300,332,-20,-96,-61,2300,281,-20,-90,-61,2300,202,-20,-92,-61,
360,38.91737191666667,-95.31991728333334,2025/Sep/04,18:22:10,311,480,203,2300,216253.32,55302,-82,-13,-49,9,2300,203,-13,-82,-49,2300,437,-16,-85,-61,2300,386,-17,-87,-61,2300,202,-20,-89,-59,
350,38.9174026,-95.3200672,2025/Sep/04,18:22:11,311,480,203,2300,216253.32,55302,-83,-15,-48,9,2300,203,-15,-83,-45,2300,437,-17,-85,-60,2300,386,-20,-91,-60,2300,448,-20,-96,-59,2300,87,-20,-96,-61,
350,38.91741451666667,-95.3202425,2025/Sep/04,18:22:12,311,480,203,2300,216253.32,55302,-82,-15,-45,8,2300,203,-15,-82,-48,2300,437,-17,-85,-61,2300,386,-19,-88,-61,2300,448,-20,-97,-61,
350,38.9174471,-95.32038338333334,2025/Sep/04,18:22:13,311,480,203,2300,216253.32,55302,-85,-15,-49,7,2300,203,-16,-86,-48,2300,437,-18,-88,-61,2300,386,-14,-84,-61,2300,110,-16,-85,-61,
360,38.917481583333334,-95.32055701666667,2025/Sep/04,18:22:14,311,480,386,2300,216150.32,55302,-90,-20,-50,6,2300,442,-20,-98,-62,2300,110,-15,-85,-62,2300,386,-20,-92,-51,
360,38.91739346666667,-95.32116381666667,2025/Sep/04,18:22:17,311,480,110,2300,216458.32,55302,-91,-20,-50,4,5230,203,-17,-77,-43,
310,38.91716653333334,-95.3218415,2025/Sep/04,18:22:20,311,480,203,5230,216253.3,55302,-79,-19,-43,7,5230,203,-19,-79,-44,5230,386,-15,-77,-53,5230,110,-17,-78,-53,
320,38.91706906666667,-95.32197233333333,2025/Sep/04,18:22:21,311,480,281,2300,216247.32,55302,-89,-16,-51,7,2300,281,-17,-89,-52,2300,203,-20,-92,-62,2300,110,-19,-90,-62,2300,256,-20,-92,-62,2300,437,-20,-92,-62,
320,38.9169784,-95.32206746666667,2025/Sep/04,18:22:22,311,480,281,2300,216247.32,55302,-89,-17,-52,7,2300,281,-17,-89,-51,2300,203,-16,-86,-62,2300,110,-20,-91,-63,2300,256,-19,-91,-63,2300,337,-20,-99,-63,
280,38.91685875,-95.32215601666667,2025/Sep/04,18:22:23,311,480,281,2300,216247.32,55302,-87,-17,-50,7,2300,281,-17,-87,-50,2300,203,-14,-84,-62,2300,110,-16,-86,-62,2300,256,-16,-86,-62,2300,386,-16,-86,-62,2300,359,-16,-86,-62,2300,337,-20,-91,-62,
300,38.91673058333333,-95.32225386666667,2025/Sep/04,18:22:24,311,480,281,2300,216247.32,55302,-88,-17,-50,6,2300,281,-17,-88,-51,2300,203,-14,-84,-62,2300,110,-20,-90,-62,2300,256,-20,-91,-62,2300,337,-20,-95,-62,2300,332,-20,-92,-62,
310,38.916590666666664,-95.32235953333333,2025/Sep/04,18:22:25,311,480,281,2300,216247.32,55302,-88,-16,-52,7,2300,281,-16,-88,-52,2300,203,-13,-84,-62,2300,110,-20,-91,-62,2300,256,-20,-91,-62,2300,332,-19,-89,-62,2300,437,-20,-93,-62,
320,38.91645401666667,-95.3224447,2025/Sep/04,18:22:26,311,480,281,2300,216247.32,55302,-87,-16,-51,7,2300,281,-16,-87,-47,2300,203,-15,-84,-58,2300,110,-20,-94,-58,2300,256,-20,-93,-58,2300,337,-20,-93,-58,2300,386,-20,-90,-58,
330,38.916315,-95.32250555,2025/Sep/04,18:22:27,311,480,281,2300,216247.32,55302,-87,-16,-51,7,2300,281,-16,-87,-51,2300,203,-17,-87,-62,2300,437,-20,-90,-62,2300,256,-20,-95,-61,2300,337,-20,-93,-61,2300,110,-20,-94,-61,
340,38.91604898333333,-95.3225815,2025/Sep/04,18:22:29,311,480,281,2300,216247.32,55302,-87,-16,-51,7,2300,281,-16,-87,-50,2300,203,-15,-85,-61,2300,437,-20,-90,-61,2300,256,-20,-95,-60,2300,337,-20,-94,-60,2300,110,-20,-93,-60,
350,38.915928916666665,-95.32260496666666,2025/Sep/04,18:22:30,311,480,281,2300,216247.32,55302,-87,-17,-49,6,2300,281,-17,-87,-50,2300,203,-15,-83,-61,2300,110,-20,-95,-60,2300,337,-20,-91,-60,2300,437,-20,-90,-61,
350,38.91581153333333,-95.32261828333333,2025/Sep/04,18:22:31,311,480,203,2300,216253.32,55302,-85,-16,-50,9,2300,281,-19,-90,-62,2300,203,-16,-85,-49,2300,110,-20,-89,-62,2300,337,-20,-93,-63,2300,437,-20,-92,-62,
350,38.915703783333335,-95.32262496666667,2025/Sep/04,18:22:32,311,480,203,2300,216253.32,55302,-85,-16,-50,8,2300,281,-19,-89,-62,2300,203,-15,-85,-50,2300,110,-19,-89,-62,2300,386,-20,-91,-61,
350,38.91559516666667,-95.32262851666667,2025/Sep/04,18:22:33,311,480,203,2300,216253.32,55302,-85,-16,-49,8,2300,281,-20,-89,-62,2300,203,-16,-85,-49,2300,437,-20,-91,-62,
350,38.9154883,-95.3226262,2025/Sep/04,18:22:34,311,480,203,2300,216253.32,55302,-84,-15,-49,9,2300,386,-19,-88,-61,2300,203,-15,-84,-49,2300,110,-18,-88,-61,2300,437,-20,-90,-61,
350,38.91538418333333,-95.32261406666667,2025/Sep/04,18:22:35,311,480,203,2300,216253.32,55302,-87,-18,-49,7,2300,386,-18,-87,-61,2300,203,-18,-87,-49,2300,110,-17,-87,-61,2300,437,-20,-90,-61,2300,104,-20,-95,-61,2300,281,-20,-90,-61,
350,38.9152812,-95.32260583333333,2025/Sep/04,18:22:36,311,480,203,2300,216253.32,55302,-87,-20,-47,7,2300,386,-18,-86,-60,2300,203,-20,-87,-47,2300,110,-19,-88,-60,2300,437,-20,-91,-60,2300,104,-20,-89,-60,2300,281,-20,-89,-60,
350,38.9151686,-95.32256498333334,2025/Sep/04,18:22:37,311,480,203,2300,216253.32,55302,-87,-17,-49,9,2300,386,-18,-88,-62,2300,203,-17,-86,-50,2300,110,-18,-89,-62,2300,104,-19,-89,-62,2300,281,-18,-88,-61,
350,38.915055100000004,-95.32251348333334,2025/Sep/04,18:22:38,311,480,203,2300,216253.32,55302,-86,-17,-49,8,2300,386,-20,-88,-59,2300,203,-19,-87,-49,2300,110,-20,-89,-58,2300,437,-20,-93,-58,2300,448,-20,-96,-59,2300,281,-20,-89,-59,
350,38.91483705,-95.3223647,2025/Sep/04,18:22:40,311,480,203,2300,216253.32,55302,-85,-16,-49,7,2300,256,-20,-96,-62,2300,203,-16,-85,-49,2300,110,-19,-89,-62,2300,437,-20,-92,-62,2300,281,-18,-88,-62,
350,38.91472595,-95.32225816666667,2025/Sep/04,18:22:41,311,480,203,2300,216253.32,55302,-88,-18,-49,7,2300,256,-20,-92,-61,2300,203,-18,-88,-49,2300,110,-19,-89,-62,2300,386,-19,-89,-62,2300,281,-17,-87,-62,2300,332,-20,-90,-62,
350,38.91463863333333,-95.32212916666667,2025/Sep/04,18:22:42,311,480,203,2300,216253.32,55302,-86,-18,-46,9,2300,256,-20,-91,-60,2300,203,-17,-85,-46,2300,110,-20,-91,-60,
350,38.9145581,-95.32199623333334,2025/Sep/04,18:22:43,311,480,203,2300,216253.32,55302,-87,-17,-47,9,2300,256,-19,-90,-61,2300,203,-17,-86,-50,2300,437,-20,-90,-61,
350,38.91448341666667,-95.32182645,2025/Sep/04,18:22:44,311,480,203,2300,216253.32,55302,-87,-17,-48,9,2300,256,-20,-93,-60,2300,203,-17,-87,-50,2300,437,-20,-89,-61,2300,170,-20,-93,-61,
350,38.91442706666667,-95.32164583333333,2025/Sep/04,18:22:45,311,480,203,2300,216253.32,55302,-90,-18,-51,7,2300,256,-20,-96,-64,2300,203,-20,-94,-51,2300,386,-20,-93,-64,2300,369,-20,-98,-64,2300,281,-18,-90,-63,2300,332,-19,-91,-64,
340,38.91437358333334,-95.32108426666667,2025/Sep/04,18:22:48,311,480,203,2300,216253.32,55302,-93,-20,-51,6,2300,256,-20,-97,-64,2300,203,-19,-92,-51,2300,386,-19,-91,-64,2300,332,-19,-91,-64,
340,38.91437513333333,-95.32089193333333,2025/Sep/04,18:22:49,311,480,386,775,216150.34,55302,-86,-18,-55,9,775,104,-18,-87,-61,775,110,-16,-85,-61,775,386,-18,-86,-55,775,369,-18,-88,-61,775,374,-17,-87,-61,775,203,-18,-87,-61,775,370,-16,-85,-61,775,437,-15,-84,-61,
340,38.91439375,-95.32069398333333,2025/Sep/04,18:22:50,311,480,386,775,216150.34,55302,-87,-20,-52,8,775,374,-20,-92,-60,775,110,-18,-87,-60,775,386,-19,-87,-54,
340,38.914390516666664,-95.3203007,2025/Sep/04,18:22:52,311,480,386,775,216150.34,55302,-88,-19,-54,8,775,374,-20,-91,-62,775,110,-17,-87,-62,775,386,-19,-88,-56,775,203,-19,-89,-62,
340,38.91437885,-95.32011466666667,2025/Sep/04,18:22:53,311,480,386,775,216150.34,55302,-88,-20,-55,7,775,374,-20,-92,-60,775,110,-19,-88,-61,775,386,-20,-88,-53,775,203,-20,-89,-61,775,104,-20,-93,-61,775,369,-20,-99,-61,
340,38.91436341666667,-95.31991465,2025/Sep/04,18:22:54,311,480,386,775,216150.34,55302,-89,-19,-55,7,775,374,-20,-90,-60,775,110,-18,-88,-61,775,386,-19,-88,-55,775,203,-18,-87,-61,775,104,-20,-90,-61,775,369,-20,-92,-61,
340,38.91435275,-95.31972541666667,2025/Sep/04,18:22:55,311,480,386,775,216150.34,55302,-87,-18,-53,8,775,369,-17,-86,-60,775,110,-19,-88,-60,775,386,-18,-87,-54,775,39,-20,-91,-61,775,104,-17,-86,-60,775,370,-20,-89,-61,775,437,-20,-92,-62,775,374,-19,-88,-60,
340,38.91436491666666,-95.31953235,2025/Sep/04,18:22:56,311,480,386,775,216150.34,55302,-88,-20,-54,9,775,369,-19,-88,-61,775,370,-20,-92,-62,775,386,-20,-88,-54,775,110,-20,-93,-62,775,104,-19,-90,-62,775,203,-20,-95,-62,775,437,-20,-95,-62,775,374,-20,-92,-61,
340,38.91438105,-95.31932788333333,2025/Sep/04,18:22:57,311,480,386,775,216150.34,55302,-88,-19,-56,8,775,369,-20,-90,-62,775,374,-20,-92,-62,775,386,-19,-88,-55,775,373,-20,-95,-63,
340,38.91441475,-95.31915325,2025/Sep/04,18:22:58,65535,65535,203,-1,16777215.255,65535,-92,-20,-50,6,2300,369,-20,-100,-62,2300,203,-20,-92,-49,2300,104,-19,-89,-62,2300,386,-17,-88,-62,2300,219,-20,-100,-62,
340,38.91445588333333,-95.31898875,2025/Sep/04,18:22:59,311,480,203,2300,216253.32,55302,-88,-18,-50,9,2300,281,-19,-88,-61,2300,203,-19,-88,-47,2300,332,-20,-95,-61,2300,386,-20,-90,-61,2300,104,-20,-92,-61,2300,110,-20,-89,-61,
340,38.914492433333336,-95.31881955,2025/Sep/04,18:23:00,311,480,203,2300,216253.32,55302,-89,-19,-50,8,2300,281,-16,-87,-63,2300,203,-18,-88,-50,2300,110,-20,-90,-62,2300,386,-19,-90,-62,2300,104,-20,-93,-62,2300,332,-20,-93,-62,2300,170,-20,-94,-63,2300,437,-20,-95,-63,
340,38.9145282,-95.31866583333333,2025/Sep/04,18:23:01,311,480,203,2300,216253.32,55302,-86,-16,-51,7,2300,281,-17,-88,-63,2300,203,-16,-87,-50,2300,110,-19,-90,-63,2300,256,-17,-89,-63,2300,437,-20,-93,-63,2300,374,-20,-94,-63,2300,332,-20,-94,-63,
340,38.9145814,-95.31838298333334,2025/Sep/04,18:23:04,311,480,203,2300,216253.32,55302,-88,-19,-49,6,2300,281,-17,-88,-63,2300,203,-18,-88,-51,2300,110,-20,-92,-63,2300,332,-19,-91,-64,2300,437,-20,-93,-64,2300,256,-19,-91,-63,2300,386,-20,-93,-64,2300,195,-20,-97,-64,
340,38.91449325,-95.31820538333334,2025/Sep/04,18:23:05,311,480,203,2300,216253.32,55302,-88,-16,-51,6,2300,281,-15,-87,-64,2300,203,-16,-88,-51,2300,110,-16,-89,-62,2300,332,-15,-88,-64,2300,437,-17,-89,-62,2300,256,-18,-90,-63,2300,386,-16,-89,-64,
340,38.91437505,-95.31800518333333,2025/Sep/04,18:23:06,311,480,203,2300,216253.32,55302,-85,-17,-48,8,2300,110,-20,-96,-61,2300,203,-17,-86,-49,2300,281,-16,-87,-61,
340,38.914252633333334,-95.31785845,2025/Sep/04,18:23:07,311,480,203,2300,216253.32,55302,-88,-20,-48,8,2300,110,-20,-98,-61,2300,203,-19,-88,-47,2300,281,-19,-88,-61,2300,369,-20,-94,-61,2300,104,-20,-98,-61,
330,38.9141665,-95.31769951666666,2025/Sep/04,18:23:08,311,480,203,2300,216253.32,55302,-88,-17,-50,9,2300,110,-20,-94,-64,2300,203,-17,-87,-50,2300,202,-19,-91,-64,2300,369,-20,-93,-64,
330,38.91408213333333,-95.31751175,2025/Sep/04,18:23:09,311,480,203,2300,216253.32,55302,-88,-17,-51,9,2300,374,-20,-96,-63,2300,203,-17,-89,-52,2300,202,-20,-92,-64,2300,386,-20,-93,-64,2300,437,-18,-90,-64,2300,256,-20,-93,-63,2300,110,-20,-96,-63,2300,212,-20,-98,-63,
330,38.91400493333333,-95.31729443333333,2025/Sep/04,18:23:10,311,480,203,2300,216253.32,55302,-91,-20,-49,8,2300,374,-20,-91,-62,2300,203,-19,-90,-49,2300,110,-20,-96,-62,2300,281,-17,-88,-63,2300,437,-20,-92,-62,2300,386,-20,-97,-62,2300,202,-20,-96,-62,2300,104,-20,-95,-62,
330,38.9139861,-95.31710025,2025/Sep/04,18:23:11,311,480,203,2300,216253.32,55302,-92,-20,-50,7,2300,374,-20,-93,-63,2300,203,-20,-92,-50,2300,110,-20,-95,-63,2300,281,-16,-87,-62,2300,386,-19,-91,-63,2300,369,-18,-92,-63,2300,256,-20,-97,-62,
330,38.91396318333334,-95.31692056666667,2025/Sep/04,18:23:12,311,480,281,2300,216247.32,55302,-90,-16,-52,8,2300,374,-20,-96,-64,2300,203,-19,-92,-64,2300,110,-20,-94,-64,2300,281,-15,-90,-54,2300,370,-19,-92,-65,
320,38.91402686666667,-95.31673651666667,2025/Sep/04,18:23:13,311,480,281,2300,216247.32,55302,-90,-18,-51,6,2300,202,-20,-96,-64,2300,203,-17,-90,-64,2300,437,-20,-93,-64,2300,281,-18,-91,-51,2300,110,-20,-95,-64,2300,332,-17,-90,-64,2300,374,-20,-93,-64,
300,38.91414196666667,-95.31578548333333,2025/Sep/04,18:23:18,311,480,386,2300,216150.32,55302,-91,-18,-53,6,2300,386,-19,-91,-51,2300,203,-17,-90,-64,2300,437,-20,-94,-64,2300,332,-18,-91,-64,2300,369,-16,-90,-64,2300,370,-20,-94,-65,
300,38.9141285,-95.31557573333333,2025/Sep/04,18:23:19,311,480,386,2300,216150.32,55302,-93,-20,-50,4,2300,386,-20,-93,-54,2300,203,-19,-91,-64,2300,370,-20,-93,-64,2300,332,-17,-89,-64,2300,369,-16,-89,-64,2300,437,-20,-94,-64,
300,38.9141472,-95.31537931666666,2025/Sep/04,18:23:20,311,480,369,2300,216158.12,55302,-89,-18,-51,7,2300,203,-18,-91,-65,2300,369,-17,-89,-52,2300,370,-20,-94,-65,2300,332,-17,-90,-65,
300,38.914154333333336,-95.31518693333334,2025/Sep/04,18:23:21,311,480,369,2300,216158.12,55302,-90,-17,-52,9,2300,203,-17,-89,-64,2300,369,-18,-89,-52,2300,370,-20,-92,-64,2300,332,-17,-89,-64,2300,374,-20,-97,-63,
280,38.91414246666667,-95.31499333333333,2025/Sep/04,18:23:22,311,480,369,2300,216158.12,55302,-88,-17,-50,7,2300,203,-20,-93,-63,2300,369,-17,-88,-51,2300,370,-19,-92,-63,2300,332,-18,-90,-63,2300,374,-20,-95,-63,2300,281,-17,-89,-63,
290,38.91416165,-95.3147965,2025/Sep/04,18:23:23,311,480,369,2300,216158.12,55302,-88,-17,-50,7,2300,437,-20,-93,-64,2300,369,-17,-88,-49,2300,370,-19,-92,-64,2300,332,-17,-89,-64,
290,38.914175033333336,-95.3146006,2025/Sep/04,18:23:24,311,480,369,2300,216158.12,55302,-86,-15,-50,7,2300,59,-18,-89,-62,2300,369,-16,-86,-50,2300,370,-16,-88,-63,2300,332,-16,-87,-62,2300,203,-15,-86,-62,
300,38.91419815,-95.31440683333334,2025/Sep/04,18:23:25,311,480,369,2300,216158.12,55302,-88,-18,-50,8,2300,437,-20,-91,-63,2300,369,-18,-89,-49,2300,370,-19,-89,-63,2300,281,-16,-86,-62,2300,202,-20,-91,-63,
300,38.91422695,-95.3142004,2025/Sep/04,18:23:26,
310,38.9143289,-95.31382291666667,2025/Sep/04,18:23:28,311,480,386,5230,216150.3,55302,-77,-17,-42,5,5230,386,-18,-77,-43,5230,110,-19,-83,-53,
310,38.91439401666667,-95.31365041666666,2025/Sep/04,18:23:29,311,480,386,5230,216150.3,55302,-77,-16,-44,5,5230,386,-17,-76,-42,5230,110,-19,-84,-52,5230,330,-20,-88,-52,5230,370,-20,-84,-52,
310,38.91446441666667,-95.31347616666666,2025/Sep/04,18:23:30,311,480,386,5230,216150.3,55302,-76,-16,-43,5,5230,386,-16,-77,-44,5230,437,-20,-91,-55,5230,110,-18,-84,-55,
310,38.9145318,-95.31330331666666,2025/Sep/04,18:23:31,311,480,386,5230,216150.3,55302,-81,-20,-43,6,5230,386,-20,-81,-44,5230,110,-18,-83,-52,5230,330,-20,-86,-52,5230,437,-20,-90,-52,5230,104,-17,-81,-52,
310,38.914607333333336,-95.31313128333333,2025/Sep/04,18:23:32,311,480,386,5230,216150.3,55302,-83,-20,-42,6,5230,386,-20,-83,-42,5230,110,-18,-81,-52,5230,330,-20,-88,-52,5230,370,-20,-83,-52,
310,38.914691983333334,-95.31296768333333,2025/Sep/04,18:23:33,311,480,386,5230,216150.3,55302,-83,-19,-43,6,5230,386,-19,-82,-43,5230,110,-16,-81,-54,5230,437,-20,-88,-54,
310,38.91479591666667,-95.31280596666667,2025/Sep/04,18:23:34,311,480,386,5230,216150.3,55302,-81,-20,-42,6,5230,386,-20,-81,-42,5230,110,-17,-80,-53,5230,437,-20,-88,-53,5230,330,-20,-90,-53,5230,281,-20,-81,-53,
310,38.9148944,-95.31265418333334,2025/Sep/04,18:23:35,311,480,386,5230,216150.3,55302,-76,-14,-43,7,5230,386,-15,-75,-42,5230,110,-17,-80,-52,5230,281,-17,-78,-52,5230,104,-20,-83,-52,
310,38.91500383333333,-95.31250795,2025/Sep/04,18:23:36,311,480,386,2300,216150.32,55302,-93,-20,-51,7,2300,386,-20,-92,-51,2300,110,-17,-89,-64,2300,369,-20,-92,-64,2300,203,-20,-100,-64,2300,335,-20,-95,-64,2300,374,-20,-98,-64,
310,38.915246583333335,-95.31225565,2025/Sep/04,18:23:38,311,480,386,2300,216150.32,55302,-91,-20,-48,7,2300,386,-20,-91,-50,2300,281,-20,-91,-62,2300,104,-20,-90,-63,
310,38.91537125,-95.31213601666667,2025/Sep/04,18:23:39,311,480,386,775,216150.34,55302,-81,-13,-52,9,775,104,-20,-86,-58,775,110,-16,-83,-58,775,386,-13,-81,-52,
310,38.91550298333333,-95.31206715,2025/Sep/04,18:23:40,311,480,386,775,216150.34,55302,-79,-17,-48,11,775,369,-20,-89,-56,775,110,-20,-89,-56,775,386,-17,-80,-50,775,104,-20,-84,-56,775,370,-20,-94,-56,
320,38.91577551666666,-95.31198253333334,2025/Sep/04,18:23:42,65535,65535,332,-1,16777215.255,65535,-92,-20,-56,5,5230,386,-18,-76,-40,5230,437,-16,-78,-49,
320,38.91623156666667,-95.3122631,2025/Sep/04,18:23:46,311,480,386,5230,216150.3,55302,-78,-16,-46,10,5230,386,-16,-79,-46,5230,437,-16,-81,-55,5230,330,-17,-80,-55,5230,203,-17,-81,-55,
320,38.91631146666667,-95.31239666666667,2025/Sep/04,18:23:47,311,480,386,5230,216150.3,55302,-80,-19,-43,7,5230,386,-19,-80,-45,5230,437,-19,-82,-54,5230,330,-18,-79,-53,5230,110,-19,-80,-54,5230,203,-19,-82,-54,
320,38.9164054,-95.31272008333333,2025/Sep/04,18:23:49,311,480,386,5230,216150.3,55302,-81,-20,-43,7,5230,386,-20,-82,-42,5230,437,-20,-82,-53,5230,330,-18,-79,-53,
320,38.91644603333334,-95.3130357,2025/Sep/04,18:23:51,311,480,386,5230,216150.3,55302,-82,-20,-43,6,5230,386,-20,-82,-43,5230,437,-20,-82,-53,5230,330,-18,-80,-53,5230,203,-20,-91,-53,
320,38.916458266666666,-95.31318411666666,2025/Sep/04,18:23:52,
320,38.9164479,-95.31330518333333,2025/Sep/04,18:23:53,311,480,386,775,216150.34,55302,-85,-16,-53,7,775,386,-16,-85,-57,775,104,-20,-95,-62,775,110,-20,-92,-62,
320,38.91644193333333,-95.31364388333333,2025/Sep/04,18:23:55,311,480,203,2300,216253.32,55302,-87,-18,-48,7,2300,386,-20,-90,-61,2300,203,-18,-86,-49,2300,437,-20,-90,-61,2300,202,-19,-87,-61,2300,281,-19,-88,-61,2300,278,-20,-95,-61,2300,332,-20,-93,-61,
320,38.9164546,-95.3138185,2025/Sep/04,18:23:56,311,480,203,2300,216253.32,55302,-86,-17,-49,7,2300,386,-20,-90,-61,2300,203,-17,-86,-49,2300,281,-17,-87,-61,2300,202,-17,-87,-62,2300,437,-18,-89,-61,
320,38.91646256666667,-95.3140005,2025/Sep/04,18:23:57,311,480,203,2300,216253.32,55302,-86,-17,-48,9,2300,386,-19,-88,-60,2300,203,-17,-86,-48,2300,281,-19,-87,-60,2300,202,-16,-85,-60,2300,437,-17,-86,-60,2300,256,-19,-87,-60,
320,38.91647365,-95.31417396666667,2025/Sep/04,18:23:58,311,480,203,2300,216253.32,55302,-86,-17,-47,8,2300,202,-19,-89,-62,2300,203,-17,-86,-48,2300,281,-19,-89,-61,2300,437,-18,-88,-61,
320,38.91649376666667,-95.3143315,2025/Sep/04,18:23:59,311,480,203,2300,216253.32,55302,-86,-17,-49,8,2300,202,-20,-89,-61,2300,203,-17,-86,-49,2300,386,-20,-90,-61,2300,437,-16,-86,-61,
320,38.91651408333333,-95.31449318333334,2025/Sep/04,18:24:00,311,480,203,2300,216253.32,55302,-86,-16,-49,9,2300,202,-20,-90,-62,2300,203,-16,-86,-49,2300,386,-20,-91,-62,2300,437,-18,-87,-62,2300,281,-19,-88,-62,
320,38.91653395,-95.31464631666667,2025/Sep/04,18:24:01,311,480,203,2300,216253.32,55302,-85,-16,-48,8,2300,202,-18,-88,-61,2300,203,-16,-85,-49,2300,437,-17,-86,-61,2300,386,-20,-94,-61,
320,38.91656895,-95.31498313333333,2025/Sep/04,18:24:03,311,480,203,2300,216253.32,55302,-84,-16,-48,9,2300,202,-19,-89,-61,2300,203,-16,-84,-48,2300,437,-18,-87,-61,2300,386,-20,-98,-61,
320,38.91658815,-95.31514361666666,2025/Sep/04,18:24:04,311,480,203,2300,216253.32,55302,-85,-17,-48,8,2300,202,-20,-90,-62,2300,203,-17,-85,-48,2300,437,-18,-87,-61,2300,281,-20,-89,-62,2300,332,-20,-98,-62,
320,38.91660825,-95.3153153,2025/Sep/04,18:24:05,311,480,203,2300,216253.32,55302,-85,-16,-47,9,2300,281,-19,-88,-61,2300,203,-16,-85,-47,2300,332,-20,-96,-61,2300,369,-20,-97,-61,2300,437,-18,-87,-61,
320,38.91663715,-95.31549063333334,2025/Sep/04,18:24:06,311,480,203,2300,216253.32,55302,-85,-15,-49,9,2300,437,-18,-88,-62,2300,203,-15,-84,-48,2300,281,-19,-89,-62,2300,332,-20,-97,-62,2300,202,-20,-90,-62,
320,38.91666965,-95.31566408333333,2025/Sep/04,18:24:07,311,480,203,2300,216253.32,55302,-84,-16,-48,8,2300,437,-18,-87,-61,2300,203,-16,-84,-47,2300,281,-19,-88,-61,2300,202,-20,-89,-61,2300,332,-20,-96,-62,
320,38.916700033333335,-95.31584001666667,2025/Sep/04,18:24:08,311,480,203,2300,216253.32,55302,-84,-16,-48,9,2300,437,-19,-88,-60,2300,203,-16,-84,-48,2300,202,-20,-90,-61,
320,38.91672903333333,-95.3160159,2025/Sep/04,18:24:09,311,480,203,2300,216253.32,55302,-86,-17,-49,8,2300,437,-19,-89,-61,2300,203,-17,-86,-49,2300,281,-18,-88,-61,2300,386,-20,-91,-61,2300,202,-20,-93,-61,
320,38.91676411666667,-95.31617951666666,2025/Sep/04,18:24:10,311,480,203,2300,216253.32,55302,-86,-17,-49,8,2300,437,-17,-87,-61,2300,203,-17,-86,-49,2300,281,-17,-87,-61,2300,332,-20,-91,-61,2300,202,-17,-87,-61,
320,38.91680345,-95.31636613333333,2025/Sep/04,18:24:11,311,480,203,2300,216253.32,55302,-84,-15,-48,10,2300,437,-16,-84,-60,2300,203,-15,-84,-49,2300,202,-18,-86,-60,2300,110,-19,-87,-60,2300,386,-19,-88,-60,2300,104,-20,-89,-60,2300,281,-17,-85,-60,
320,38.916924683333335,-95.31690898333333,2025/Sep/04,18:24:14,311,480,203,2300,216253.32,55302,-84,-16,-47,9,2300,437,-20,-88,-59,2300,203,-16,-84,-45,2300,202,-20,-92,-59,2300,110,-20,-94,-59,2300,386,-20,-89,-59,2300,281,-17,-86,-60,
320,38.91700795,-95.31727005,2025/Sep/04,18:24:16,311,480,203,2300,216253.32,55302,-83,-15,-47,10,2300,437,-20,-89,-61,2300,203,-15,-83,-48,2300,202,-20,-92,-61,2300,110,-20,-94,-61,2300,386,-19,-88,-61,2300,281,-17,-86,-62,
320,38.9170505,-95.31744093333333,2025/Sep/04,18:24:17,311,480,203,2300,216253.32,55302,-84,-15,-49,10,2300,437,-18,-88,-61,2300,203,-15,-84,-49,2300,202,-20,-92,-60,2300,110,-20,-93,-60,2300,386,-20,-90,-60,2300,281,-17,-87,-61,
320,38.91709493333333,-95.31760145,2025/Sep/04,18:24:18,311,480,203,2300,216253.32,55302,-84,-14,-50,10,2300,437,-16,-86,-61,2300,203,-14,-84,-50,2300,202,-18,-87,-61,2300,110,-16,-85,-61,2300,386,-14,-84,-61,2300,281,-15,-85,-61,
320,38.91713875,-95.3177597,2025/Sep/04,18:24:19,311,480,203,2300,216253.32,55302,-85,-15,-48,9,2300,437,-18,-87,-61,2300,203,-16,-85,-49,2300,202,-20,-91,-61,2300,110,-20,-91,-61,2300,386,-19,-89,-61,2300,281,-17,-86,-61,
320,38.917190866666665,-95.31793073333333,2025/Sep/04,18:24:20,311,480,203,2300,216253.32,55302,-84,-15,-47,9,2300,437,-18,-88,-61,2300,203,-15,-84,-49,2300,202,-20,-94,-62,2300,110,-19,-90,-61,2300,386,-20,-91,-61,2300,281,-18,-88,-61,2300,374,-20,-94,-61,
320,38.917241250000004,-95.31810566666667,2025/Sep/04,18:24:21,311,480,203,2300,216253.32,55302,-84,-14,-50,9,2300,437,-17,-87,-60,2300,203,-14,-84,-50,2300,202,-20,-91,-60,2300,110,-18,-89,-60,2300,386,-19,-90,-60,2300,281,-17,-87,-60,2300,374,-20,-92,-62,
320,38.917291283333334,-95.31826928333334,2025/Sep/04,18:24:22,311,480,203,2300,216253.32,55302,-84,-15,-49,9,2300,437,-19,-89,-62,2300,203,-15,-84,-48,2300,202,-20,-93,-61,2300,110,-20,-94,-61,2300,386,-20,-92,-62,2300,104,-20,-95,-61,
320,38.91734483333333,-95.31843193333333,2025/Sep/04,18:24:23,311,480,203,2300,216253.32,55302,-85,-15,-49,9,2300,437,-19,-89,-62,2300,203,-15,-85,-49,2300,202,-20,-93,-62,2300,110,-20,-91,-61,2300,386,-18,-88,-61,2300,281,-16,-86,-61,2300,374,-20,-92,-62,
320,38.91739621666667,-95.3185763,2025/Sep/04,18:24:24,311,480,203,2300,216253.32,55302,-84,-15,-50,8,2300,437,-16,-85,-60,2300,203,-15,-84,-50,2300,202,-18,-87,-60,2300,110,-17,-86,-60,2300,332,-20,-88,-61,2300,281,-17,-85,-60,
320,38.9174516,-95.31874563333334,2025/Sep/04,18:24:25,311,480,203,2300,216253.32,55302,-84,-15,-49,8,2300,437,-18,-88,-62,2300,203,-14,-83,-47,2300,386,-18,-88,-62,2300,110,-16,-86,-62,2300,290,-20,-98,-61,
320,38.9175479,-95.31908598333334,2025/Sep/04,18:24:27,311,480,203,2300,216253.32,55302,-83,-14,-49,8,2300,437,-16,-86,-62,2300,203,-15,-84,-49,2300,290,-17,-87,-62,2300,110,-14,-84,-61,2300,202,-17,-86,-61,2300,386,-14,-83,-61,
320,38.917571216666666,-95.31925346666667,2025/Sep/04,18:24:28,311,480,203,2300,216253.32,55302,-90,-20,-49,6,2300,104,-18,-87,-61,2300,203,-20,-90,-48,2300,110,-13,-83,-61,
320,38.91759483333333,-95.31941335,2025/Sep/04,18:24:29,311,480,110,2300,216458.32,55302,-87,-18,-50,7,2300,110,-17,-85,-56,2300,386,-14,-81,-45,2300,437,-20,-95,-56,
320,38.91756505,-95.31955813333333,2025/Sep/04,18:24:30,311,480,203,2300,216253.32,55302,-80,-14,-47,11,2300,203,-14,-81,-46,2300,441,-20,-92,-59,2300,281,-20,-87,-58,2300,369,-20,-90,-58,
290,38.917492,-95.31969443333334,2025/Sep/04,18:24:31,311,480,203,2300,216253.32,55302,-82,-16,-45,9,2300,203,-16,-82,-45,2300,256,-20,-90,-59,2300,281,-16,-83,-58,2300,110,-20,-92,-58,2300,386,-20,-86,-58,
290,38.9173909,-95.31979478333334,2025/Sep/04,18:24:32,311,480,203,2300,216253.32,55302,-82,-17,-44,10,2300,203,-17,-83,-45,2300,386,-20,-92,-58,2300,437,-18,-85,-59,
300,38.9172742,-95.31990288333333,2025/Sep/04,18:24:33,311,480,203,2300,216253.32,55302,-84,-15,-49,10,2300,203,-15,-85,-49,2300,386,-20,-89,-62,2300,437,-15,-85,-62,2300,110,-20,-90,-62,2300,202,-20,-90,-62,
310,38.917071566666664,-95.32003301666667,2025/Sep/04,18:24:35,311,480,203,2300,216253.32,55302,-86,-16,-49,9,2300,203,-15,-87,-49,2300,386,-20,-95,-62,2300,437,-18,-87,-62,2300,110,-20,-96,-63,2300,202,-20,-96,-63,
310,38.91700341666667,-95.31952601666667,2025/Sep/04,18:24:36,311,480,203,2300,216253.32,55302,-89,-19,-48,8,2300,203,-19,-89,-47,2300,110,-20,-91,-62,2300,437,-19,-88,-61,2300,386,-20,-96,-61,
310,38.91694306666667,-95.3193339,2025/Sep/04,18:24:37,311,480,203,2300,216253.32,55302,-89,-19,-50,7,2300,203,-19,-90,-51,2300,110,-19,-91,-63,2300,437,-20,-94,-63,2300,281,-18,-89,-63,2300,332,-20,-96,-63,
310,38.91694205,-95.31883728333334,2025/Sep/04,18:24:39,311,480,203,2300,216253.32,55302,-86,-15,-49,10,2300,203,-19,-88,-49,2300,110,-20,-95,-62,2300,386,-20,-92,-62,2300,437,-20,-92,-62,
300,38.91690056666667,-95.31814046666666,2025/Sep/04,18:24:42,311,480,203,2300,216253.32,55302,-89,-17,-48,8,2300,203,-17,-89,-50,2300,110,-20,-95,-63,2300,370,-20,-95,-63,2300,437,-20,-94,-62,2300,289,-20,-99,-62,
300,38.91689158333333,-95.31790315,2025/Sep/04,18:24:43,311,480,203,2300,216253.32,55302,-89,-18,-49,8,2300,203,-18,-89,-48,2300,110,-20,-93,-62,2300,202,-20,-98,-62,
300,38.916894633333335,-95.31765831666667,2025/Sep/04,18:24:44,311,480,203,2300,216253.32,55302,-92,-19,-52,6,2300,203,-18,-92,-53,2300,110,-20,-95,-64,2300,202,-20,-101,-64,2300,332,-20,-94,-64,
300,38.91688258333333,-95.31715296666667,2025/Sep/04,18:24:46,311,480,203,2300,216253.32,55302,-91,-19,-50,7,2300,203,-19,-91,-50,2300,110,-20,-93,-64,2300,437,-20,-92,-64,2300,202,-20,-95,-64,2300,281,-18,-90,-64,
300,38.91688,-95.31691483333333,2025/Sep/04,18:24:47,311,480,203,2300,216253.32,55302,-90,-19,-49,7,2300,203,-19,-90,-49,2300,110,-20,-94,-62,2300,370,-20,-97,-62,2300,437,-20,-91,-62,
300,38.916866533333334,-95.31667156666667,2025/Sep/04,18:24:48,311,480,203,2300,216253.32,55302,-92,-20,-51,7,2300,203,-20,-92,-50,2300,110,-20,-94,-64,2300,281,-19,-91,-64,2300,437,-20,-94,-64,2300,386,-17,-89,-63,2300,369,-16,-90,-64,2300,332,-20,-97,-64,
300,38.91686235,-95.31644436666667,2025/Sep/04,18:24:49,311,480,386,775,216150.34,55302,-83,-16,-49,9,775,386,-17,-83,-49,775,110,-18,-84,-56,775,437,-20,-92,-56,775,104,-19,-85,-56,775,203,-20,-85,-56,
300,38.916824416666664,-95.31598623333333,2025/Sep/04,18:24:51,311,480,386,775,216150.34,55302,-82,-18,-50,10,775,386,-17,-82,-49,775,110,-18,-85,-57,775,104,-20,-85,-57,775,203,-20,-87,-57,
310,38.91680285,-95.31576318333333,2025/Sep/04,18:24:52,65535,65535,203,-1,16777215.255,65535,-88,-16,-63,0,2300,203,-16,-88,-63,2300,110,-16,-88,-63,2300,437,-16,-87,-63,
310,38.91678868333333,-95.3155419,2025/Sep/04,18:24:53,65535,65535,203,-1,16777215.255,65535,-88,-16,-63,0,2300,203,-16,-88,-63,2300,110,-16,-88,-63,2300,437,-16,-87,-63,
310,38.9167544,-95.31530831666667,2025/Sep/04,18:24:54,311,480,386,5230,216150.3,55302,-77,-18,-41,5,5230,386,-19,-78,-40,5230,110,-17,-77,-50,5230,203,-20,-79,-49,5230,437,-20,-78,-50,5230,281,-19,-78,-49,5230,330,-20,-78,-50,
310,38.91672483333333,-95.31509203333333,2025/Sep/04,18:24:55,311,480,386,2300,216150.32,55302,-88,-20,-48,6,2300,386,-20,-89,-48,2300,203,-20,-98,-61,2300,332,-20,-96,-62,2300,437,-20,-96,-62,2300,110,-17,-86,-61,2300,281,-17,-89,-62,2300,202,-20,-96,-62,2300,104,-20,-91,-61,
300,38.91669506666667,-95.31490273333333,2025/Sep/04,18:24:56,311,480,281,2300,216247.32,55302,-86,-14,-51,9,2300,386,-19,-90,-62,2300,203,-20,-94,-62,2300,332,-20,-94,-62,2300,437,-20,-93,-63,2300,110,-20,-93,-62,2300,281,-14,-86,-52,2300,202,-20,-95,-62,2300,104,-20,-92,-62,
300,38.91652593333333,-95.31480783333333,2025/Sep/04,18:24:57,311,480,281,2300,216247.32,55302,-89,-16,-52,8,2300,110,-18,-89,-64,2300,203,-19,-90,-63,2300,281,-16,-89,-52,2300,386,-17,-88,-64,2300,370,-18,-89,-64,
300,38.91640545,-95.31475451666667,2025/Sep/04,18:24:58,311,480,281,2300,216247.32,55302,-88,-17,-49,8,2300,110,-20,-94,-61,2300,203,-20,-90,-61,2300,281,-17,-88,-51,2300,386,-18,-87,-61,2300,104,-20,-90,-61,2300,332,-20,-99,-61,
300,38.9162753,-95.31476836666667,2025/Sep/04,18:24:59,311,480,281,2300,216247.32,55302,-86,-14,-52,9,2300,110,-20,-91,-63,2300,203,-20,-97,-64,2300,281,-15,-87,-53,2300,386,-18,-89,-64,2300,256,-20,-98,-63,2300,332,-20,-94,-64,2300,104,-20,-92,-64,
290,38.9161698,-95.31481113333334,2025/Sep/04,18:25:00,311,480,281,2300,216247.32,55302,-88,-16,-49,7,2300,110,-19,-89,-63,2300,203,-14,-85,-62,2300,281,-19,-92,-52,2300,437,-20,-93,-63,2300,202,-20,-90,-63,2300,374,-20,-99,-63,
290,38.91607525,-95.31506666666667,2025/Sep/04,18:25:02,311,480,203,2300,216253.32,55302,-86,-16,-50,9,2300,386,-15,-86,-63,2300,203,-15,-86,-50,2300,202,-20,-91,-63,2300,104,-19,-90,-63,2300,197,-20,-99,-63,
280,38.91606676666667,-95.31523235,2025/Sep/04,18:25:03,311,480,203,2300,216253.32,55302,-88,-18,-48,7,2300,386,-14,-85,-63,2300,203,-19,-88,-47,2300,202,-20,-95,-62,2300,374,-20,-94,-62,
280,38.916054116666665,-95.31538313333333,2025/Sep/04,18:25:04,311,480,203,2300,216253.32,55302,-89,-19,-51,6,2300,386,-14,-85,-65,2300,203,-18,-89,-52,2300,281,-20,-101,-65,2300,374,-20,-97,-64,2300,104,-20,-92,-65,2300,202,-20,-95,-65,2300,332,-20,-96,-65,
280,38.916046466666664,-95.31554601666667,2025/Sep/04,18:25:05,311,480,203,2300,216253.32,55302,-88,-16,-53,8,2300,386,-13,-87,-65,2300,203,-16,-88,-53,2300,281,-16,-89,-65,2300,202,-20,-94,-65,2300,374,-20,-93,-65,
280,38.91604045,-95.31570916666666,2025/Sep/04,18:25:06,311,480,203,2300,216253.32,55302,-86,-14,-47,10,2300,110,-20,-95,-62,2300,203,-15,-86,-48,2300,202,-20,-91,-62,
270,38.9160259,-95.3158663,2025/Sep/04,18:25:07,311,480,203,2300,216253.32,55302,-89,-13,-55,8,2300,386,-15,-92,-67,2300,203,-14,-90,-55,2300,202,-20,-97,-68,
270,38.91602031666667,-95.31633261666667,2025/Sep/04,18:25:10,311,480,203,2300,216253.32,55302,-88,-14,-51,11,2300,386,-16,-92,-69,2300,203,-13,-89,-57,2300,202,-19,-95,-69,
270,38.91600128333333,-95.31650015,2025/Sep/04,18:25:11,311,480,203,2300,216253.32,55302,-88,-12,-56,12,2300,386,-20,-97,-65,2300,203,-12,-88,-56,2300,202,-19,-95,-65,
270,38.91598523333333,-95.3166607,2025/Sep/04,18:25:12,311,480,203,2300,216253.32,55302,-98,-15,-64,6,2300,386,-16,-99,-75,2300,203,-15,-98,-64,2300,202,-19,-102,-75,2300,332,-20,-106,-76,
270,38.91594728333333,-95.31698206666667,2025/Sep/04,18:25:14,311,480,203,2300,216253.32,55302,-96,-14,-62,8,2300,110,-16,-98,-74,2300,203,-14,-96,-61,2300,202,-20,-106,-75,2300,332,-17,-101,-75,
270,38.9159269,-95.31714346666666,2025/Sep/04,18:25:15,311,480,203,2300,216253.32,55302,-94,-14,-59,10,2300,110,-18,-98,-73,2300,203,-14,-95,-61,2300,202,-20,-102,-73,2300,386,-16,-96,-74,
260,38.91590658333333,-95.31728216666667,2025/Sep/04,18:25:16,311,480,203,2300,216253.32,55302,-98,-15,-64,9,2300,110,-16,-99,-76,2300,203,-15,-98,-64,2300,202,-20,-103,-76,
260,38.915898133333336,-95.31741573333333,2025/Sep/04,18:25:17,311,480,203,2300,216253.32,55302,-104,-17,-69,7,2300,110,-20,-108,-80,2300,203,-17,-105,-68,2300,212,-20,-117,-80,2300,386,-11,-98,-80,
260,38.915889633333336,-95.31754835,2025/Sep/04,18:25:18,311,480,203,2300,216253.32,55302,-100,-14,-61,11,2300,110,-20,-111,-79,2300,203,-13,-99,-67,2300,202,-20,-107,-80,2300,332,-20,-112,-80,2300,386,-19,-106,-79,
260,38.91587545,-95.31765511666667,2025/Sep/04,18:25:19,311,480,203,2300,216253.32,55302,-102,-14,-68,11,2300,110,-18,-107,-81,2300,203,-14,-102,-68,2300,202,-19,-107,-81,2300,281,-20,-110,-81,2300,386,-16,-103,-81,
260,38.91586041666667,-95.31775151666666,2025/Sep/04,18:25:20,311,480,203,2300,216253.32,55302,-99,-12,-64,12,2300,110,-20,-108,-78,2300,203,-12,-99,-67,2300,202,-19,-105,-78,2300,386,-20,-106,-77,2300,32,-20,-115,-77,
260,38.915856833333336,-95.31781868333333,2025/Sep/04,18:25:21,311,480,203,2300,216253.32,55302,-99,-14,-61,10,2300,110,-19,-105,-77,2300,203,-14,-99,-67,2300,202,-20,-104,-77,2300,386,-18,-103,-76,2300,397,-20,-112,-78,
250,38.91584355,-95.31783263333334,2025/Sep/04,18:25:22,311,480,203,2300,216253.32,55302,-99,-13,-65,10,2300,110,-17,-104,-77,2300,203,-13,-99,-65,2300,202,-19,-104,-77,
260,38.91581685,-95.31782731666667,2025/Sep/04,18:25:23,311,480,203,2300,216253.32,55302,-99,-12,-65,11,2300,110,-18,-106,-76,2300,203,-12,-99,-66,2300,202,-19,-104,-76,
250,38.91582261666667,-95.31783265,2025/Sep/04,18:25:24,311,480,203,2300,216253.32,55302,-99,-13,-66,10,2300,110,-18,-105,-77,2300,203,-13,-99,-65,2300,202,-18,-103,-77,
250,38.91582618333333,-95.3178387,2025/Sep/04,18:25:26,311,480,203,2300,216253.32,55302,-99,-13,-65,10,2300,110,-17,-106,-73,2300,203,-14,-99,-65,2300,202,-20,-104,-73,
250,38.91582905,-95.31784045,2025/Sep/04,18:25:27,311,480,203,2300,216253.32,55302,-99,-15,-61,10,2300,110,-19,-106,-77,2300,203,-15,-99,-65,2300,202,-20,-105,-77,
250,38.915823333333336,-95.31784131666667,2025/Sep/04,18:25:28,311,480,203,2300,216253.32,55302,-99,-14,-63,10,2300,110,-19,-105,-72,2300,203,-15,-99,-63,2300,202,-20,-106,-73,
250,38.915815683333335,-95.31784026666666,2025/Sep/04,18:25:29,311,480,203,2300,216253.32,55302,-99,-15,-66,10,2300,110,-18,-105,-73,2300,203,-15,-99,-66,2300,202,-20,-103,-73,2300,406,-20,-112,-73,
250,38.9158147,-95.3178348,2025/Sep/04,18:25:30,311,480,203,2300,216253.32,55302,-99,-12,-66,10,2300,110,-17,-104,-78,2300,203,-12,-99,-66,2300,202,-19,-105,-77,2300,406,-20,-110,-78,
250,38.915816183333334,-95.31783995,2025/Sep/04,18:25:31,311,480,203,2300,216253.32,55302,-99,-13,-67,10,2300,386,-14,-101,-74,2300,203,-13,-99,-65,2300,202,-20,-105,-74,
250,38.9158191,-95.31784105,2025/Sep/04,18:25:32,311,480,203,2300,216253.32,55302,-99,-14,-60,11,2300,386,-15,-102,-73,2300,203,-14,-99,-66,2300,202,-20,-104,-73,
250,38.9158201,-95.31784293333334,2025/Sep/04,18:25:33,311,480,203,2300,216253.32,55302,-99,-14,-64,11,2300,386,-16,-102,-76,2300,203,-14,-99,-64,2300,202,-20,-103,-75,
250,38.91582148333333,-95.31784555,2025/Sep/04,18:25:34,311,480,203,2300,216253.32,55302,-99,-13,-65,10,2300,386,-16,-102,-77,2300,203,-13,-99,-62,2300,202,-19,-104,-77,2300,110,-19,-104,-78,
250,38.91582101666667,-95.31784651666666,2025/Sep/04,18:25:35,311,480,203,2300,216253.32,55302,-99,-15,-67,11,2300,386,-17,-105,-80,2300,203,-13,-99,-66,2300,332,-14,-102,-79,2300,202,-18,-106,-80,2300,110,-17,-105,-80,2300,212,-20,-107,-80,
250,38.91582128333334,-95.31784671666666,2025/Sep/04,18:25:39,311,480,203,2300,216253.32,55302,-100,-14,-64,11,2300,386,-14,-101,-77,2300,203,-14,-100,-66,2300,212,-20,-112,-77,2300,202,-20,-107,-77,
250,38.915806,-95.31785091666667,2025/Sep/04,18:25:41,311,480,203,2300,216253.32,55302,-100,-16,-62,11,2300,386,-20,-107,-77,2300,203,-16,-100,-65,2300,332,-20,-105,-77,2300,202,-20,-107,-77,2300,212,-20,-115,-77,
250,38.91579286666666,-95.31785238333333,2025/Sep/04,18:25:42,311,480,203,2300,216253.32,55302,-101,-15,-67,10,2300,202,-20,-113,-81,2300,203,-15,-101,-66,2300,332,-20,-107,-81,2300,386,-19,-105,-80,
250,38.9157807,-95.31787023333334,2025/Sep/04,18:25:43,311,480,203,2300,216253.32,55302,-99,-13,-66,10,2300,202,-20,-108,-80,2300,203,-13,-100,-66,2300,332,-17,-105,-80,2300,386,-17,-105,-80,
250,38.91577228333333,-95.3178828,2025/Sep/04,18:25:45,311,480,203,2300,216253.32,55302,-99,-13,-65,11,2300,202,-20,-108,-76,2300,203,-12,-98,-66,2300,332,-20,-105,-76,2300,386,-18,-104,-77,2300,8,-20,-109,-77,
250,38.91575461666667,-95.31789081666666,2025/Sep/04,18:25:46,311,480,203,2300,216253.32,55302,-96,-13,-64,12,2300,386,-20,-108,-73,2300,203,-13,-96,-65,2300,332,-20,-107,-73,
250,38.91574071666667,-95.31790136666666,2025/Sep/04,18:25:47,311,480,203,2300,216253.32,55302,-98,-14,-62,11,2300,386,-20,-106,-76,2300,203,-14,-99,-67,2300,202,-20,-109,-77,2300,332,-20,-111,-77,2300,212,-20,-114,-77,
250,38.91571498333333,-95.31791095,2025/Sep/04,18:25:48,311,480,203,2300,216253.32,55302,-100,-16,-63,10,2300,386,-20,-106,-74,2300,203,-17,-100,-62,2300,202,-20,-108,-74,2300,110,-20,-110,-74,2300,281,-20,-107,-74,
250,38.91568395,-95.31791861666666,2025/Sep/04,18:25:51,311,480,203,2300,216253.32,55302,-101,-14,-66,9,2300,386,-18,-105,-79,2300,203,-13,-101,-68,2300,202,-20,-109,-79,2300,110,-18,-104,-79,
250,38.915682516666664,-95.3179173,2025/Sep/04,18:25:52,311,480,203,2300,216253.32,55302,-97,-14,-65,11,2300,386,-20,-111,-77,2300,203,-13,-97,-66,2300,202,-20,-105,-77,
250,38.915677466666665,-95.31791731666667,2025/Sep/04,18:25:53,311,480,203,2300,216253.32,55302,-97,-10,-67,12,2300,202,-19,-104,-76,2300,203,-10,-97,-67,
250,38.915663333333335,-95.3179172,2025/Sep/04,18:25:54,311,480,203,2300,216253.32,55302,-95,-11,-58,11,2300,202,-20,-103,-76,2300,203,-12,-95,-64,
250,38.91565308333333,-95.31791465,2025/Sep/04,18:25:55,311,480,203,2300,216253.32,55302,-99,-12,-68,13,2300,202,-20,-107,-80,2300,203,-12,-99,-67,
250,38.915638566666665,-95.31790618333333,2025/Sep/04,18:25:57,311,480,203,2300,216253.32,55302,-99,-11,-68,13,2300,202,-17,-105,-79,2300,203,-11,-99,-66,2300,110,-20,-112,-79,2300,386,-20,-111,-79,
250,38.915634516666664,-95.31790656666666,2025/Sep/04,18:25:58,311,480,203,2300,216253.32,55302,-98,-12,-60,12,2300,202,-19,-104,-78,2300,203,-12,-99,-65,
250,38.915636383333336,-95.31791028333333,2025/Sep/04,18:25:59,311,480,203,2300,216253.32,55302,-99,-13,-66,13,2300,202,-20,-105,-79,2300,203,-13,-99,-68,
250,38.915633383333336,-95.31790951666666,2025/Sep/04,18:26:00,311,480,203,2300,216253.32,55302,-99,-12,-63,12,2300,202,-18,-104,-79,2300,203,-12,-99,-66,
250,38.91564088333333,-95.31789855,2025/Sep/04,18:26:02,311,480,203,2300,216253.32,55302,-98,-12,-62,12,2300,202,-18,-104,-77,2300,203,-12,-98,-62,2300,110,-20,-112,-78,
250,38.915643016666664,-95.31789756666667,2025/Sep/04,18:26:03,311,480,203,2300,216253.32,55302,-99,-11,-67,12,2300,202,-18,-104,-78,2300,203,-12,-99,-66,
250,38.91564158333333,-95.3178974,2025/Sep/04,18:26:05,311,480,203,2300,216253.32,55302,-99,-12,-69,13,2300,202,-19,-105,-79,2300,203,-12,-99,-67,
250,38.91563851666667,-95.3179006,2025/Sep/04,18:26:08,311,480,203,2300,216253.32,55302,-99,-14,-67,12,2300,202,-20,-107,-74,2300,203,-14,-99,-68,
250,38.91563696666667,-95.31790253333334,2025/Sep/04,18:26:09,311,480,203,2300,216253.32,55302,-99,-11,-67,12,2300,202,-19,-105,-78,2300,203,-12,-100,-66,
250,38.91563633333333,-95.3179032,2025/Sep/04,18:26:10,311,480,203,2300,216253.32,55302,-99,-11,-69,13,2300,202,-18,-105,-79,2300,203,-11,-99,-67,
250,38.9156362,-95.3179032,2025/Sep/04,18:26:11,311,480,203,2300,216253.32,55302,-99,-14,-67,13,2300,202,-20,-106,-73,2300,203,-14,-99,-62,
250,38.91563618333333,-95.31790325,2025/Sep/04,18:26:12,311,480,203,2300,216253.32,55302,-99,-11,-69,13,2300,202,-18,-105,-79,2300,203,-11,-99,-68,
250,38.9156361,-95.31790335,2025/Sep/04,18:26:14,311,480,203,2300,216253.32,55302,-99,-11,-68,13,2300,202,-18,-105,-79,2300,203,-11,-99,-67,
250,38.91563608333333,-95.31790336666667,2025/Sep/04,18:26:15,311,480,203,2300,216253.32,55302,-99,-11,-68,12,2300,202,-18,-105,-79,2300,203,-11,-99,-68,
250,38.9156361,-95.31790338333333,2025/Sep/04,18:26:17,311,480,203,2300,216253.32,55302,-99,-14,-64,12,2300,202,-20,-106,-75,2300,203,-14,-99,-63,2300,110,-20,-112,-75,
250,38.9156361,-95.31790336666667,2025/Sep/04,18:26:18,311,480,203,2300,216253.32,55302,-99,-11,-64,12,2300,202,-20,-106,-78,2300,203,-12,-99,-68,2300,110,-20,-111,-78,
250,38.915636066666664,-95.31790336666667,2025/Sep/04,18:26:19,311,480,203,2300,216253.32,55302,-99,-14,-63,12,2300,202,-20,-106,-75,2300,203,-14,-99,-67,
250,38.915636033333335,-95.31790338333333,2025/Sep/04,18:26:21,311,480,203,2300,216253.32,55302,-99,-10,-69,12,2300,202,-18,-105,-79,2300,203,-10,-99,-69,
250,38.915636066666664,-95.31790336666667,2025/Sep/04,18:26:22,311,480,203,2300,216253.32,55302,-99,-11,-67,11,2300,202,-19,-105,-76,2300,203,-12,-99,-67,2300,386,-20,-110,-76,
250,38.91563598333333,-95.31790336666667,2025/Sep/04,18:26:24,311,480,203,2300,216253.32,55302,-99,-12,-64,11,2300,202,-20,-104,-75,2300,203,-13,-99,-64,
250,38.91563576666667,-95.31790386666667,2025/Sep/04,18:26:25,311,480,203,2300,216253.32,55302,-99,-15,-63,12,2300,202,-20,-105,-76,2300,203,-14,-100,-63,
250,38.91563566666667,-95.3179041,2025/Sep/04,18:26:26,311,480,203,2300,216253.32,55302,-99,-13,-63,12,2300,202,-19,-105,-77,2300,203,-13,-99,-63,2300,386,-20,-110,-77,
250,38.915635566666666,-95.31790423333334,2025/Sep/04,18:26:27,311,480,203,2300,216253.32,55302,-99,-15,-63,12,2300,202,-20,-104,-75,2300,203,-16,-99,-62,
250,38.91563551666667,-95.3179043,2025/Sep/04,18:26:28,311,480,203,2300,216253.32,55302,-99,-11,-67,11,2300,202,-19,-106,-78,2300,203,-11,-99,-67,
250,38.91563548333333,-95.31790431666667,2025/Sep/04,18:26:29,311,480,203,2300,216253.32,55302,-99,-12,-67,11,2300,202,-19,-105,-78,2300,203,-12,-99,-68,2300,110,-20,-115,-78,
250,38.91563548333333,-95.31790431666667,2025/Sep/04,18:26:31,311,480,203,2300,216253.32,55302,-99,-12,-68,12,2300,202,-19,-105,-79,2300,203,-12,-100,-62,2300,110,-20,-116,-79,
250,38.915635433333335,-95.31790441666666,2025/Sep/04,18:26:32,311,480,203,2300,216253.32,55302,-99,-11,-65,12,2300,202,-19,-106,-78,2300,203,-12,-99,-67,2300,110,-20,-116,-78,
250,38.9156354,-95.31790436666667,2025/Sep/04,18:26:36,311,480,203,2300,216253.32,55302,-99,-11,-67,11,2300,202,-19,-106,-78,2300,203,-12,-99,-67,2300,110,-20,-116,-78,
250,38.91563545,-95.3179043,2025/Sep/04,18:26:37,311,480,203,2300,216253.32,55302,-99,-12,-68,12,2300,202,-19,-106,-79,2300,203,-12,-99,-67,2300,110,-20,-115,-79,
250,38.91563545,-95.31790431666667,2025/Sep/04,18:26:39,311,480,203,2300,216253.32,55302,-99,-11,-68,12,2300,202,-19,-106,-79,2300,203,-11,-99,-68,2300,110,-20,-116,-79,
250,38.915635433333335,-95.31790433333333,2025/Sep/04,18:26:40,311,480,203,2300,216253.32,55302,-99,-15,-63,13,2300,202,-20,-108,-76,2300,203,-15,-99,-62,
250,38.915635433333335,-95.31790433333333,2025/Sep/04,18:26:42,311,480,203,2300,216253.32,55302,-100,-15,-62,12,2300,202,-20,-105,-77,2300,203,-15,-99,-62,
250,38.915635466666664,-95.31790433333333,2025/Sep/04,18:26:43,311,480,203,2300,216253.32,55302,-99,-11,-68,11,2300,202,-18,-105,-78,2300,203,-11,-99,-67,
250,38.9156355,-95.31790435,2025/Sep/04,18:26:44,311,480,203,2300,216253.32,55302,-100,-11,-67,11,2300,202,-19,-106,-78,2300,203,-12,-100,-65,
250,38.91563545,-95.3179044,2025/Sep/04,18:26:45,311,480,203,2300,216253.32,55302,-100,-12,-67,12,2300,202,-18,-106,-80,2300,203,-11,-100,-68,
250,38.915635466666664,-95.31790441666666,2025/Sep/04,18:26:47,311,480,203,2300,216253.32,55302,-99,-12,-64,12,2300,202,-18,-106,-80,2300,203,-12,-100,-67,
250,38.9156355,-95.31790441666666,2025/Sep/04,18:26:49,311,480,203,2300,216253.32,55302,-99,-11,-66,11,2300,202,-18,-105,-78,2300,203,-11,-99,-64,
250,38.91563551666667,-95.31790441666666,2025/Sep/04,18:26:50,311,480,203,2300,216253.32,55302,-100,-12,-67,11,2300,202,-19,-105,-78,2300,203,-11,-100,-67,2300,456,-20,-115,-80,
250,38.91563551666667,-95.3179044,2025/Sep/04,18:26:51,311,480,203,2300,216253.32,55302,-99,-12,-63,11,2300,202,-19,-106,-76,2300,203,-11,-100,-66,2300,110,-20,-114,-76,
250,38.91563555,-95.31790441666666,2025/Sep/04,18:26:53,311,480,203,2300,216253.32,55302,-100,-13,-69,13,2300,202,-19,-106,-79,2300,203,-12,-100,-68,2300,110,-20,-117,-79,
250,38.915635566666666,-95.31790438333333,2025/Sep/04,18:26:54,311,480,203,2300,216253.32,55302,-99,-12,-67,12,2300,202,-18,-105,-78,2300,203,-11,-99,-67,2300,110,-20,-112,-79,
250,38.9156356,-95.31790435,2025/Sep/04,18:26:56,311,480,203,2300,216253.32,55302,-100,-12,-65,11,2300,202,-19,-105,-77,2300,203,-12,-100,-68,
250,38.91563561666667,-95.3179043,2025/Sep/04,18:26:57,311,480,203,2300,216253.32,55302,-99,-10,-68,12,2300,202,-17,-104,-78,2300,203,-10,-99,-68,2300,110,-20,-107,-78,
250,38.91563563333333,-95.31790428333333,2025/Sep/04,18:26:58,311,480,203,2300,216253.32,55302,-100,-12,-67,11,2300,202,-19,-105,-78,2300,203,-11,-100,-67,2300,110,-20,-115,-78,
250,38.91563561666667,-95.3179043,2025/Sep/04,18:27:01,311,480,203,2300,216253.32,55302,-99,-11,-67,11,2300,202,-18,-104,-77,2300,203,-11,-99,-68,2300,110,-20,-115,-77,2300,406,-20,-115,-76,
250,38.9156355,-95.31790433333333,2025/Sep/04,18:27:04,311,480,203,2300,216253.32,55302,-100,-11,-63,11,2300,202,-18,-104,-78,2300,203,-10,-100,-68,2300,110,-20,-114,-78,
250,38.91563553333334,-95.31790438333333,2025/Sep/04,18:27:05,311,480,203,2300,216253.32,55302,-100,-11,-66,12,2300,202,-18,-105,-78,2300,203,-12,-100,-66,2300,110,-20,-116,-78,
250,38.91563553333334,-95.31790441666666,2025/Sep/04,18:27:07,311,480,203,2300,216253.32,55302,-100,-14,-63,11,2300,202,-20,-104,-75,2300,203,-15,-100,-62,2300,110,-20,-113,-75,2300,256,-20,-112,-75,
250,38.91563555,-95.31790441666666,2025/Sep/04,18:27:08,311,480,203,2300,216253.32,55302,-100,-14,-67,11,2300,202,-19,-105,-79,2300,203,-13,-100,-68,2300,110,-20,-114,-79,2300,436,-20,-116,-79,
250,38.91563553333334,-95.3179044,2025/Sep/04,18:27:09,311,480,203,2300,216253.32,55302,-100,-11,-67,11,2300,202,-18,-105,-78,2300,203,-11,-100,-67,2300,110,-20,-114,-78,
250,38.91563551666667,-95.31790438333333,2025/Sep/04,18:27:10,311,480,203,2300,216253.32,55302,-100,-11,-65,11,2300,202,-19,-106,-78,2300,203,-11,-100,-67,2300,110,-20,-116,-79,
250,38.915635466666664,-95.3179044,2025/Sep/04,18:27:11,311,480,203,2300,216253.32,55302,-100,-11,-68,12,2300,202,-19,-105,-78,2300,203,-11,-100,-67,2300,110,-20,-116,-78,
250,38.91563545,-95.31790441666666,2025/Sep/04,18:27:12,311,480,203,2300,216253.32,55302,-100,-11,-68,11,2300,202,-19,-105,-76,2300,203,-11,-100,-63,2300,110,-20,-115,-76,
250,38.91563541666667,-95.31790445,2025/Sep/04,18:27:13,311,480,203,2300,216253.32,55302,-100,-13,-68,12,2300,202,-20,-105,-78,2300,203,-13,-100,-66,2300,110,-20,-114,-78,
250,38.91563535,-95.3179046,2025/Sep/04,18:27:14,311,480,203,2300,216253.32,55302,-99,-11,-67,13,2300,202,-18,-105,-78,2300,203,-11,-99,-67,2300,110,-20,-116,-79,
250,38.915635316666666,-95.31790466666666,2025/Sep/04,18:27:15,311,480,203,2300,216253.32,55302,-99,-12,-67,11,2300,202,-19,-105,-78,2300,203,-12,-99,-67,2300,110,-20,-116,-78,
250,38.91563526666667,-95.31790468333334,2025/Sep/04,18:27:16,311,480,203,2300,216253.32,55302,-100,-16,-66,12,2300,202,-20,-105,-78,2300,203,-14,-100,-66,2300,110,-20,-114,-79,
250,38.91563525,-95.31790473333334,2025/Sep/04,18:27:17,311,480,203,2300,216253.32,55302,-99,-12,-65,11,2300,202,-20,-106,-77,2300,203,-12,-100,-67,2300,110,-20,-114,-77,
250,38.91563523333333,-95.31790473333334,2025/Sep/04,18:27:18,311,480,203,2300,216253.32,55302,-100,-12,-65,12,2300,202,-19,-105,-78,2300,203,-13,-99,-67,2300,110,-20,-114,-78,
250,38.9156352,-95.31790476666667,2025/Sep/04,18:27:20,311,480,203,2300,216253.32,55302,-99,-13,-66,11,2300,202,-20,-106,-75,2300,203,-14,-99,-62,2300,110,-20,-113,-75,
250,38.915635183333336,-95.31790478333333,2025/Sep/04,18:27:21,311,480,203,2300,216253.32,55302,-99,-13,-66,12,2300,202,-20,-105,-75,2300,203,-14,-99,-66,2300,110,-20,-113,-76,
250,38.91563515,-95.31790478333333,2025/Sep/04,18:27:22,311,480,203,2300,216253.32,55302,-100,-11,-67,11,2300,202,-18,-105,-79,2300,203,-11,-99,-68,
250,38.9156351,-95.31790481666667,2025/Sep/04,18:27:24,311,480,203,2300,216253.32,55302,-100,-16,-63,11,2300,202,-20,-103,-75,2300,203,-16,-100,-63,
250,38.915635083333335,-95.31790485,2025/Sep/04,18:27:25,311,480,203,2300,216253.32,55302,-100,-14,-66,11,2300,202,-19,-105,-78,2300,203,-13,-100,-67,
250,38.91563506666667,-95.31790486666667,2025/Sep/04,18:27:26,311,480,203,2300,216253.32,55302,-99,-11,-66,11,2300,202,-18,-105,-78,2300,203,-11,-99,-66,2300,110,-20,-116,-79,
250,38.91563503333333,-95.3179049,2025/Sep/04,18:27:28,311,480,203,2300,216253.32,55302,-99,-12,-68,12,2300,202,-20,-106,-75,2300,203,-14,-99,-66,
250,38.91563501666667,-95.31790485,2025/Sep/04,18:27:32,311,480,203,2300,216253.32,55302,-100,-13,-66,11,2300,202,-20,-105,-77,2300,203,-13,-99,-65,
250,38.91563503333333,-95.31790486666667,2025/Sep/04,18:27:33,311,480,203,2300,216253.32,55302,-99,-11,-68,12,2300,202,-19,-105,-78,2300,203,-11,-99,-68,
250,38.91563505,-95.3179049,2025/Sep/04,18:27:34,311,480,203,2300,216253.32,55302,-100,-14,-66,11,2300,202,-19,-105,-79,2300,203,-13,-100,-66,
250,38.9156351,-95.31790493333334,2025/Sep/04,18:27:35,311,480,203,2300,216253.32,55302,-99,-13,-63,12,2300,202,-20,-105,-75,2300,203,-13,-100,-63,
250,38.91563506666667,-95.31790495,2025/Sep/04,18:27:36,311,480,203,2300,216253.32,55302,-100,-14,-63,12,2300,202,-19,-105,-77,2300,203,-14,-100,-66,
250,38.915634983333334,-95.31790496666666,2025/Sep/04,18:27:38,311,480,203,2300,216253.32,55302,-99,-11,-68,12,2300,202,-19,-105,-78,2300,203,-11,-99,-68,2300,266,-20,-111,-80,
250,38.91563493333334,-95.31790496666666,2025/Sep/04,18:27:39,311,480,203,2300,216253.32,55302,-100,-13,-64,12,2300,202,-19,-104,-77,2300,203,-13,-99,-62,2300,110,-20,-114,-77,
250,38.9156349,-95.31790493333334,2025/Sep/04,18:27:40,311,480,203,2300,216253.32,55302,-99,-12,-68,12,2300,202,-19,-105,-78,2300,203,-13,-99,-63,2300,110,-20,-114,-78,
250,38.915634866666664,-95.31790495,2025/Sep/04,18:27:41,311,480,203,2300,216253.32,55302,-99,-13,-62,11,2300,202,-20,-105,-78,2300,203,-13,-100,-67,2300,110,-20,-113,-78,
250,38.915634850000004,-95.31790495,2025/Sep/04,18:27:42,311,480,203,2300,216253.32,55302,-100,-11,-69,12,2300,202,-18,-105,-78,2300,203,-14,-99,-64,2300,110,-20,-114,-79,
250,38.91563481666667,-95.31790496666666,2025/Sep/04,18:27:43,311,480,203,2300,216253.32,55302,-99,-12,-67,11,2300,202,-18,-104,-79,2300,203,-12,-99,-63,
250,38.915634833333336,-95.31790495,2025/Sep/04,18:27:45,311,480,203,2300,216253.32,55302,-99,-11,-67,11,2300,202,-19,-105,-78,2300,203,-11,-99,-66,2300,110,-20,-116,-79,
250,38.915634850000004,-95.31790491666666,2025/Sep/04,18:27:47,311,480,203,2300,216253.32,55302,-100,-14,-66,12,2300,202,-20,-105,-76,2300,203,-14,-100,-63,2300,110,-20,-114,-76,
250,38.915634833333336,-95.31790491666666,2025/Sep/04,18:27:48,311,480,203,2300,216253.32,55302,-99,-13,-65,11,2300,202,-19,-106,-79,2300,203,-13,-99,-65,2300,110,-20,-114,-79,
250,38.9156348,-95.31790493333334,2025/Sep/04,18:27:50,311,480,203,2300,216253.32,55302,-99,-12,-67,11,2300,202,-18,-105,-79,2300,203,-12,-99,-66,2300,110,-20,-116,-79,
250,38.91563475,-95.31790491666666,2025/Sep/04,18:27:51,311,480,203,2300,216253.32,55302,-100,-12,-67,11,2300,202,-19,-106,-78,2300,203,-12,-100,-67,2300,110,-20,-115,-79,
250,38.915634733333334,-95.3179049,2025/Sep/04,18:27:52,311,480,203,2300,216253.32,55302,-100,-14,-67,10,2300,202,-19,-105,-78,2300,203,-13,-100,-67,
250,38.915634716666666,-95.31790488333333,2025/Sep/04,18:27:53,311,480,203,2300,216253.32,55302,-100,-12,-68,11,2300,202,-18,-105,-78,2300,203,-12,-100,-66,
250,38.91563475,-95.31790488333333,2025/Sep/04,18:27:54,311,480,203,2300,216253.32,55302,-100,-11,-67,12,2300,202,-19,-106,-79,2300,203,-11,-100,-65,
250,38.915634716666666,-95.31790491666666,2025/Sep/04,18:27:56,311,480,203,2300,216253.32,55302,-100,-14,-66,11,2300,202,-16,-103,-78,2300,203,-11,-99,-67,2300,386,-20,-111,-78,
250,38.915634366666666,-95.31790531666667,2025/Sep/04,18:28:02,311,480,203,2300,216253.32,55302,-99,-14,-65,12,2300,202,-20,-106,-78,2300,203,-14,-100,-67,
250,38.91563433333334,-95.31790535,2025/Sep/04,18:28:03,311,480,203,2300,216253.32,55302,-99,-13,-65,12,2300,202,-18,-104,-78,2300,203,-13,-99,-65,
250,38.91563433333334,-95.3179054,2025/Sep/04,18:28:05,311,480,203,2300,216253.32,55302,-100,-13,-66,12,2300,202,-20,-106,-77,2300,203,-13,-100,-67,2300,110,-20,-112,-78,
250,38.91563435,-95.31790546666667,2025/Sep/04,18:28:06,311,480,203,2300,216253.32,55302,-100,-13,-67,11,2300,202,-20,-105,-77,2300,203,-13,-100,-62,2300,110,-20,-114,-77,
250,38.915634366666666,-95.31790551666667,2025/Sep/04,18:28:07,311,480,203,2300,216253.32,55302,-100,-15,-62,11,2300,202,-20,-107,-78,2300,203,-14,-100,-67,2300,110,-20,-113,-78,
250,38.915634366666666,-95.31790553333333,2025/Sep/04,18:28:08,311,480,203,2300,216253.32,55302,-99,-12,-65,12,2300,202,-19,-106,-79,2300,203,-13,-99,-65,2300,110,-20,-110,-79,
250,38.915634383333334,-95.31790553333333,2025/Sep/04,18:28:09,311,480,203,2300,216253.32,55302,-100,-15,-66,12,2300,202,-20,-107,-75,2300,203,-15,-99,-63,
250,38.915634366666666,-95.31790556666667,2025/Sep/04,18:28:11,311,480,203,2300,216253.32,55302,-100,-14,-64,11,2300,202,-19,-105,-78,2300,203,-13,-99,-66,
250,38.91563431666667,-95.31790558333333,2025/Sep/04,18:28:12,311,480,203,2300,216253.32,55302,-100,-12,-66,11,2300,202,-19,-105,-77,2300,203,-13,-100,-67,2300,110,-20,-115,-78,
250,38.91563428333333,-95.31790561666666,2025/Sep/04,18:28:14,311,480,203,2300,216253.32,55302,-99,-12,-67,12,2300,202,-19,-106,-79,2300,203,-12,-99,-66,2300,110,-20,-117,-79,
250,38.91563428333333,-95.31790563333334,2025/Sep/04,18:28:15,311,480,203,2300,216253.32,55302,-100,-12,-67,11,2300,202,-19,-105,-77,2300,203,-12,-100,-67,2300,110,-20,-115,-77,
250,38.91563425,-95.31790568333334,2025/Sep/04,18:28:17,311,480,203,2300,216253.32,55302,-100,-12,-67,11,2300,202,-18,-105,-79,2300,203,-12,-100,-66,2300,110,-20,-116,-79,
250,38.915634233333336,-95.3179057,2025/Sep/04,18:28:18,311,480,203,2300,216253.32,55302,-100,-14,-66,11,2300,202,-20,-104,-77,2300,203,-14,-100,-61,2300,110,-20,-114,-77,
250,38.915634233333336,-95.31790571666667,2025/Sep/04,18:28:19,311,480,203,2300,216253.32,55302,-99,-12,-68,12,2300,202,-20,-106,-79,2300,203,-12,-100,-68,2300,110,-20,-115,-79,
250,38.9156342,-95.3179057,2025/Sep/04,18:28:20,311,480,203,2300,216253.32,55302,-99,-11,-68,13,2300,202,-18,-105,-78,2300,203,-11,-99,-61,2300,110,-20,-112,-78,2300,386,-20,-109,-78,
250,38.91563421666667,-95.31790566666666,2025/Sep/04,18:28:22,311,480,203,2300,216253.32,55302,-100,-12,-67,12,2300,202,-19,-106,-79,2300,203,-11,-100,-66,2300,110,-20,-115,-79,
250,38.91563425,-95.31790565,2025/Sep/04,18:28:23,311,480,203,2300,216253.32,55302,-100,-11,-68,11,2300,202,-19,-105,-79,2300,203,-11,-99,-68,2300,110,-20,-117,-79,
250,38.91563425,-95.31790566666666,2025/Sep/04,18:28:25,311,480,203,2300,216253.32,55302,-100,-12,-68,12,2300,202,-20,-107,-78,2300,203,-12,-99,-67,2300,110,-20,-114,-78,
250,38.9156342,-95.3179057,2025/Sep/04,18:28:26,311,480,203,2300,216253.32,55302,-100,-12,-67,12,2300,202,-20,-106,-75,2300,203,-15,-100,-62,
250,38.915634133333334,-95.31790571666667,2025/Sep/04,18:28:29,311,480,203,2300,216253.32,55302,-100,-11,-65,12,2300,202,-18,-105,-79,2300,203,-11,-100,-65,2300,386,-20,-110,-78,
250,38.915634133333334,-95.31790573333333,2025/Sep/04,18:28:30,311,480,203,2300,216253.32,55302,-99,-11,-67,12,2300,202,-19,-105,-76,2300,203,-12,-99,-67,
250,38.915634116666666,-95.31790575,2025/Sep/04,18:28:32,311,480,203,2300,216253.32,55302,-100,-13,-62,12,2300,202,-20,-106,-77,2300,203,-13,-100,-67,
250,38.915634116666666,-95.31790576666667,2025/Sep/04,18:28:34,311,480,203,2300,216253.32,55302,-100,-14,-63,11,2300,202,-20,-105,-77,2300,203,-14,-99,-67,
250,38.915634116666666,-95.31790576666667,2025/Sep/04,18:28:35,311,480,203,2300,216253.32,55302,-100,-12,-66,11,2300,202,-19,-105,-78,2300,203,-11,-100,-66,
250,38.915634116666666,-95.31790576666667,2025/Sep/04,18:28:36,311,480,203,2300,216253.32,55302,-100,-11,-67,12,2300,202,-19,-105,-79,2300,203,-11,-100,-66,
250,38.9156341,-95.31790578333333,2025/Sep/04,18:28:38,311,480,203,2300,216253.32,55302,-100,-12,-67,12,2300,202,-19,-105,-77,2300,203,-12,-99,-66,2300,110,-20,-111,-77,
250,38.915634116666666,-95.31790578333333,2025/Sep/04,18:28:39,311,480,203,2300,216253.32,55302,-100,-12,-66,11,2300,202,-20,-105,-78,2300,203,-12,-100,-66,2300,110,-20,-114,-78,
250,38.915634133333334,-95.31790581666667,2025/Sep/04,18:28:40,311,480,203,2300,216253.32,55302,-100,-12,-65,11,2300,202,-20,-107,-77,2300,203,-12,-100,-67,2300,110,-20,-114,-77,
250,38.915634133333334,-95.3179058,2025/Sep/04,18:28:42,311,480,203,2300,216253.32,55302,-99,-16,-63,12,2300,202,-20,-107,-75,2300,203,-16,-99,-63,2300,110,-20,-113,-75,
250,38.91563415,-95.31790578333333,2025/Sep/04,18:28:43,311,480,203,2300,216253.32,55302,-99,-13,-63,12,2300,202,-20,-107,-77,2300,203,-13,-100,-68,2300,110,-20,-114,-76,2300,386,-20,-111,-77,
250,38.91563418333333,-95.31790578333333,2025/Sep/04,18:28:44,311,480,203,2300,216253.32,55302,-99,-14,-62,12,2300,202,-20,-106,-76,2300,203,-13,-99,-67,2300,386,-20,-111,-76,
250,38.9156342,-95.3179058,2025/Sep/04,18:28:46,311,480,203,2300,216253.32,55302,-100,-12,-68,12,2300,202,-18,-105,-79,2300,203,-11,-100,-67,
250,38.915634233333336,-95.31790575,2025/Sep/04,18:28:47,311,480,203,2300,216253.32,55302,-100,-11,-68,11,2300,202,-18,-105,-79,2300,203,-11,-100,-68,
250,38.915634266666665,-95.31790573333333,2025/Sep/04,18:28:48,311,480,203,2300,216253.32,55302,-100,-11,-67,11,2300,202,-19,-106,-79,2300,203,-11,-100,-67,
250,38.915634266666665,-95.31790573333333,2025/Sep/04,18:28:50,311,480,203,2300,216253.32,55302,-99,-15,-63,11,2300,202,-19,-104,-75,2300,203,-15,-99,-67,
250,38.915634233333336,-95.31790571666667,2025/Sep/04,18:28:51,311,480,203,2300,216253.32,55302,-100,-11,-68,12,2300,202,-18,-105,-79,2300,203,-11,-100,-68,
250,38.9156342,-95.3179057,2025/Sep/04,18:28:52,311,480,203,2300,216253.32,55302,-99,-14,-63,12,2300,202,-20,-106,-75,2300,203,-14,-99,-64,
250,38.91563418333333,-95.31790568333334,2025/Sep/04,18:28:53,311,480,203,2300,216253.32,55302,-99,-12,-63,11,2300,202,-18,-105,-79,2300,203,-12,-100,-67,2300,110,-20,-116,-79,
250,38.915634016666665,-95.3179058,2025/Sep/04,18:28:57,311,480,203,2300,216253.32,55302,-99,-12,-65,11,2300,202,-19,-105,-78,2300,203,-11,-99,-66,
250,38.915633983333336,-95.3179058,2025/Sep/04,18:28:58,311,480,203,2300,216253.32,55302,-99,-13,-67,11,2300,202,-20,-105,-78,2300,203,-14,-99,-68,
250,38.915634,-95.31790575,2025/Sep/04,18:28:59,311,480,203,2300,216253.32,55302,-100,-14,-66,11,2300,202,-20,-105,-78,2300,203,-13,-100,-65,
250,38.915634,-95.31790573333333,2025/Sep/04,18:29:00,311,480,203,2300,216253.32,55302,-100,-12,-66,11,2300,202,-19,-105,-78,2300,203,-12,-100,-67,
250,38.915634,-95.31790568333334,2025/Sep/04,18:29:02,311,480,203,2300,216253.32,55302,-99,-11,-67,11,2300,202,-19,-105,-77,2300,203,-11,-99,-67,
250,38.915634016666665,-95.31790568333334,2025/Sep/04,18:29:03,311,480,203,2300,216253.32,55302,-99,-12,-65,12,2300,202,-20,-105,-76,2300,203,-13,-99,-64,2300,86,-20,-113,-75,
250,38.91563403333333,-95.31790568333334,2025/Sep/04,18:29:04,311,480,203,2300,216253.32,55302,-100,-14,-67,11,2300,202,-19,-106,-79,2300,203,-13,-100,-67,
250,38.91563403333333,-95.31790568333334,2025/Sep/04,18:29:05,311,480,203,2300,216253.32,55302,-99,-12,-67,12,2300,202,-20,-106,-77,2300,203,-13,-99,-63,
250,38.91563403333333,-95.31790568333334,2025/Sep/04,18:29:06,311,480,203,2300,216253.32,55302,-100,-14,-68,11,2300,202,-20,-106,-78,2300,203,-13,-99,-67,2300,110,-20,-114,-77,
250,38.915634016666665,-95.31790568333334,2025/Sep/04,18:29:07,311,480,203,2300,216253.32,55302,-99,-12,-68,12,2300,202,-20,-106,-80,2300,203,-12,-100,-68,
250,38.915633983333336,-95.3179057,2025/Sep/04,18:29:08,311,480,203,2300,216253.32,55302,-100,-12,-68,11,2300,202,-20,-107,-81,2300,203,-12,-101,-70,2300,110,-20,-116,-81,
250,38.91563395,-95.31790571666667,2025/Sep/04,18:29:10,311,480,203,2300,216253.32,55302,-103,-13,-70,10,2300,202,-20,-109,-81,2300,203,-12,-103,-71,2300,110,-20,-118,-82,
250,38.91563395,-95.31790571666667,2025/Sep/04,18:29:11,311,480,203,2300,216253.32,55302,-103,-12,-71,11,2300,202,-20,-109,-80,2300,203,-12,-103,-71,2300,110,-20,-117,-80,
250,38.91563395,-95.31790571666667,2025/Sep/04,18:29:12,311,480,203,2300,216253.32,55302,-103,-12,-68,10,2300,202,-20,-108,-81,2300,203,-12,-103,-71,
250,38.9156339,-95.31790568333334,2025/Sep/04,18:29:14,311,480,203,2300,216253.32,55302,-100,-14,-66,11,2300,202,-20,-106,-77,2300,203,-14,-100,-68,
250,38.91563383333333,-95.31790566666666,2025/Sep/04,18:29:15,311,480,203,2300,216253.32,55302,-100,-11,-69,12,2300,202,-19,-107,-80,2300,203,-11,-100,-69,
250,38.91563381666667,-95.31790565,2025/Sep/04,18:29:17,311,480,203,2300,216253.32,55302,-100,-12,-68,11,2300,202,-20,-107,-79,2300,203,-12,-100,-68,2300,110,-20,-116,-79,
250,38.915633766666666,-95.31790565,2025/Sep/04,18:29:18,311,480,203,2300,216253.32,55302,-100,-12,-69,11,2300,202,-19,-107,-80,2300,203,-12,-100,-69,2300,110,-20,-116,-80,
250,38.915633766666666,-95.31790565,2025/Sep/04,18:29:19,311,480,203,2300,216253.32,55302,-101,-12,-69,11,2300,202,-19,-106,-79,2300,203,-12,-101,-68,
250,38.91563375,-95.31790566666666,2025/Sep/04,18:29:20,311,480,203,2300,216253.32,55302,-101,-12,-68,11,2300,202,-19,-107,-79,2300,203,-12,-101,-68,2300,110,-20,-114,-79,
250,38.91563373333334,-95.31790568333334,2025/Sep/04,18:29:21,311,480,203,2300,216253.32,55302,-101,-13,-66,11,2300,202,-20,-108,-78,2300,203,-13,-101,-67,
250,38.91563371666667,-95.31790571666667,2025/Sep/04,18:29:23,311,480,203,2300,216253.32,55302,-101,-12,-69,11,2300,202,-20,-108,-80,2300,203,-12,-101,-69,2300,110,-20,-116,-80,
250,38.91563373333334,-95.31790576666667,2025/Sep/04,18:29:25,311,480,203,2300,216253.32,55302,-101,-12,-66,11,2300,202,-19,-107,-79,2300,203,-12,-101,-67,2300,110,-20,-116,-79,
250,38.91563373333334,-95.31790576666667,2025/Sep/04,18:29:26,311,480,203,2300,216253.32,55302,-101,-12,-67,11,2300,202,-19,-107,-80,2300,203,-12,-101,-68,2300,110,-20,-117,-80,
250,38.91563373333334,-95.31790576666667,2025/Sep/04,18:29:27,311,480,203,2300,216253.32,55302,-101,-11,-69,11,2300,202,-19,-107,-79,2300,203,-11,-101,-68,
250,38.9156337,-95.31790576666667,2025/Sep/04,18:29:28,311,480,203,2300,216253.32,55302,-101,-11,-69,12,2300,202,-18,-106,-80,2300,203,-12,-101,-67,
250,38.91563371666667,-95.31790576666667,2025/Sep/04,18:29:29,311,480,203,2300,216253.32,55302,-101,-13,-69,11,2300,202,-20,-107,-78,2300,203,-13,-101,-68,
250,38.91563373333334,-95.31790576666667,2025/Sep/04,18:29:30,311,480,203,2300,216253.32,55302,-101,-12,-69,11,2300,202,-19,-107,-80,2300,203,-12,-101,-68,
250,38.915633766666666,-95.31790575,2025/Sep/04,18:29:32,311,480,203,2300,216253.32,55302,-101,-11,-69,11,2300,202,-19,-107,-80,2300,203,-11,-101,-70,2300,110,-20,-116,-80,
250,38.915633783333334,-95.31790576666667,2025/Sep/04,18:29:34,311,480,203,2300,216253.32,55302,-101,-11,-68,11,2300,202,-20,-108,-75,2300,203,-12,-101,-64,2300,110,-20,-114,-75,
250,38.9156338,-95.31790575,2025/Sep/04,18:29:35,311,480,203,2300,216253.32,55302,-101,-13,-68,11,2300,202,-20,-107,-79,2300,203,-13,-101,-63,2300,110,-20,-115,-79,
250,38.9156338,-95.31790573333333,2025/Sep/04,18:29:36,311,480,203,2300,216253.32,55302,-101,-14,-68,11,2300,202,-20,-107,-79,2300,203,-14,-101,-64,2300,110,-20,-114,-79,
250,38.915633783333334,-95.31790573333333,2025/Sep/04,18:29:37,311,480,203,2300,216253.32,55302,-101,-14,-65,10,2300,202,-19,-105,-78,2300,203,-14,-101,-64,
250,38.91563381666667,-95.31790571666667,2025/Sep/04,18:29:38,311,480,203,2300,216253.32,55302,-101,-13,-63,10,2300,202,-20,-108,-80,2300,203,-13,-101,-65,
250,38.91563383333333,-95.3179057,2025/Sep/04,18:29:39,311,480,203,2300,216253.32,55302,-101,-13,-68,11,2300,202,-20,-107,-75,2300,203,-14,-101,-68,
250,38.91563386666667,-95.3179057,2025/Sep/04,18:29:40,311,480,203,2300,216253.32,55302,-101,-12,-68,11,2300,202,-19,-106,-80,2300,203,-12,-101,-69,
250,38.915633883333335,-95.3179057,2025/Sep/04,18:29:41,311,480,203,2300,216253.32,55302,-101,-12,-69,11,2300,202,-18,-106,-80,2300,203,-12,-101,-64,
250,38.91563386666667,-95.31790575,2025/Sep/04,18:29:43,311,480,203,2300,216253.32,55302,-101,-15,-64,11,2300,202,-20,-110,-76,2300,203,-15,-101,-64,
250,38.91563385,-95.31790575,2025/Sep/04,18:29:44,311,480,203,2300,216253.32,55302,-101,-12,-69,11,2300,202,-18,-105,-78,2300,203,-12,-100,-66,2300,110,-20,-114,-78,
250,38.9156338,-95.31790575,2025/Sep/04,18:29:46,311,480,203,2300,216253.32,55302,-101,-14,-65,12,2300,202,-20,-107,-80,2300,203,-13,-101,-67,
250,38.91563373333334,-95.31790575,2025/Sep/04,18:29:47,311,480,203,2300,216253.32,55302,-101,-12,-69,11,2300,202,-19,-107,-80,2300,203,-12,-101,-68,
250,38.91563371666667,-95.31790576666667,2025/Sep/04,18:29:48,311,480,203,2300,216253.32,55302,-101,-12,-69,11,2300,202,-20,-107,-79,2300,203,-13,-101,-66,2300,386,-20,-111,-79,
250,38.91563375,-95.31790585,2025/Sep/04,18:29:53,311,480,203,2300,216253.32,55302,-101,-12,-69,11,2300,202,-19,-107,-80,2300,203,-12,-101,-68,2300,386,-20,-111,-80,
250,38.915633766666666,-95.31790585,2025/Sep/04,18:29:54,311,480,203,2300,216253.32,55302,-101,-12,-68,11,2300,202,-20,-108,-80,2300,203,-12,-101,-69,2300,386,-19,-109,-80,
250,38.915633766666666,-95.31790585,2025/Sep/04,18:29:55,311,480,203,2300,216253.32,55302,-101,-14,-64,11,2300,202,-20,-108,-79,2300,203,-14,-101,-67,2300,386,-20,-110,-79,
250,38.915633783333334,-95.31790586666666,2025/Sep/04,18:29:56,311,480,203,2300,216253.32,55302,-101,-12,-68,11,2300,202,-19,-107,-80,2300,203,-12,-101,-67,2300,386,-20,-111,-80,
250,38.915633783333334,-95.31790586666666,2025/Sep/04,18:29:57,311,480,203,2300,216253.32,55302,-101,-12,-67,11,2300,202,-19,-108,-80,2300,203,-12,-101,-68,2300,386,-20,-110,-80,
250,38.9156338,-95.31790588333334,2025/Sep/04,18:29:58,311,480,203,2300,216253.32,55302,-101,-13,-67,11,2300,202,-20,-107,-80,2300,203,-13,-101,-68,2300,386,-20,-109,-80,
250,38.9156338,-95.31790586666666,2025/Sep/04,18:29:59,311,480,203,2300,216253.32,55302,-101,-13,-62,11,2300,202,-20,-107,-79,2300,203,-13,-101,-69,2300,386,-20,-109,-78,
250,38.9156338,-95.31790586666666,2025/Sep/04,18:30:00,311,480,203,2300,216253.32,55302,-101,-12,-69,12,2300,202,-19,-107,-81,2300,203,-12,-101,-68,
250,38.91563381666667,-95.31790588333334,2025/Sep/04,18:30:01,311,480,203,2300,216253.32,55302,-101,-13,-68,12,2300,202,-18,-106,-77,2300,203,-13,-101,-68,
250,38.9156338,-95.31790588333334,2025/Sep/04,18:30:03,311,480,203,2300,216253.32,55302,-101,-13,-65,11,2300,202,-20,-107,-80,2300,203,-13,-101,-68,
250,38.9156338,-95.31790588333334,2025/Sep/04,18:30:04,311,480,203,2300,216253.32,55302,-101,-12,-67,11,2300,202,-20,-107,-78,2300,203,-12,-101,-67,
250,38.91563381666667,-95.31790588333334,2025/Sep/04,18:30:05,311,480,203,2300,216253.32,55302,-101,-13,-68,11,2300,202,-19,-107,-80,2300,203,-12,-101,-68,
250,38.91563381666667,-95.31790588333334,2025/Sep/04,18:30:06,311,480,203,2300,216253.32,55302,-101,-14,-66,11,2300,202,-20,-108,-79,2300,203,-13,-101,-67,
250,38.91563381666667,-95.3179059,2025/Sep/04,18:30:07,311,480,203,2300,216253.32,55302,-101,-14,-65,12,2300,202,-20,-107,-79,2300,203,-13,-101,-65,
250,38.91563375,-95.31790593333334,2025/Sep/04,18:30:09,311,480,203,2300,216253.32,55302,-101,-13,-68,12,2300,202,-20,-108,-75,2300,203,-14,-101,-64,
250,38.915632116666664,-95.31790576666667,2025/Sep/04,18:30:10,311,480,203,2300,216253.32,55302,-101,-15,-64,11,2300,202,-20,-108,-76,2300,203,-15,-101,-64,
250,38.91563058333333,-95.31790616666666,2025/Sep/04,18:30:11,311,480,203,2300,216253.32,55302,-101,-13,-67,11,2300,202,-20,-107,-78,2300,203,-13,-101,-65,
250,38.9156291,-95.31790406666667,2025/Sep/04,18:30:12,311,480,203,2300,216253.32,55302,-101,-15,-68,12,2300,202,-20,-107,-75,2300,203,-15,-101,-64,
240,38.91562806666666,-95.31790235,2025/Sep/04,18:30:13,311,480,203,2300,216253.32,55302,-101,-16,-64,11,2300,202,-20,-107,-79,2300,203,-15,-101,-67,
250,38.915625883333334,-95.31790185,2025/Sep/04,18:30:14,311,480,203,2300,216253.32,55302,-101,-13,-65,10,2300,202,-20,-107,-79,2300,203,-13,-101,-65,2300,386,-20,-109,-79,
250,38.91562536666667,-95.31790195,2025/Sep/04,18:30:15,311,480,203,2300,216253.32,55302,-101,-13,-68,10,2300,202,-19,-107,-79,2300,203,-12,-101,-68,2300,386,-20,-109,-80,
250,38.9156243,-95.31790328333334,2025/Sep/04,18:30:16,311,480,203,2300,216253.32,55302,-101,-13,-68,11,2300,202,-19,-107,-79,2300,203,-13,-101,-64,2300,386,-20,-110,-79,
250,38.915622733333336,-95.31790376666666,2025/Sep/04,18:30:17,311,480,203,2300,216253.32,55302,-101,-15,-65,10,2300,202,-20,-109,-77,2300,203,-15,-101,-64,2300,386,-20,-111,-77,
250,38.915621683333335,-95.31790565,2025/Sep/04,18:30:18,311,480,203,2300,216253.32,55302,-101,-13,-67,11,2300,202,-20,-107,-80,2300,203,-13,-101,-68,2300,386,-20,-111,-80,
250,38.91562163333333,-95.31790475,2025/Sep/04,18:30:19,311,480,203,2300,216253.32,55302,-101,-14,-67,11,2300,202,-20,-107,-80,2300,203,-13,-101,-66,
250,38.91562035,-95.3179095,2025/Sep/04,18:30:23,311,480,203,2300,216253.32,55302,-101,-12,-67,11,2300,202,-20,-107,-79,2300,203,-12,-101,-68,2300,386,-20,-111,-79,
250,38.91562021666667,-95.31790973333334,2025/Sep/04,18:30:24,311,480,203,2300,216253.32,55302,-101,-12,-67,12,2300,202,-19,-107,-80,2300,203,-12,-101,-68,2300,110,-20,-116,-80,
250,38.915620133333334,-95.31790983333333,2025/Sep/04,18:30:25,311,480,203,2300,216253.32,55302,-101,-13,-65,12,2300,202,-20,-108,-77,2300,203,-13,-101,-64,2300,110,-20,-115,-77,
250,38.91562006666667,-95.3179099,2025/Sep/04,18:30:26,311,480,203,2300,216253.32,55302,-100,-12,-68,12,2300,202,-19,-106,-78,2300,203,-12,-100,-66,2300,110,-20,-114,-78,
250,38.91562005,-95.31790991666666,2025/Sep/04,18:30:27,311,480,203,2300,216253.32,55302,-99,-12,-66,12,2300,202,-20,-105,-77,2300,203,-12,-99,-66,2300,110,-20,-109,-77,
250,38.91562268333333,-95.31790603333333,2025/Sep/04,18:30:28,311,480,203,2300,216253.32,55302,-98,-13,-62,12,2300,202,-20,-106,-74,2300,203,-14,-98,-62,2300,110,-20,-112,-74,
250,38.91562415,-95.3179045,2025/Sep/04,18:30:29,311,480,203,2300,216253.32,55302,-98,-14,-65,12,2300,202,-20,-105,-76,2300,203,-13,-98,-66,2300,110,-20,-113,-76,
250,38.9156239,-95.31790516666666,2025/Sep/04,18:30:30,311,480,203,2300,216253.32,55302,-98,-11,-66,13,2300,202,-19,-104,-76,2300,203,-11,-98,-66,2300,110,-20,-114,-76,
250,38.91562508333333,-95.31790558333333,2025/Sep/04,18:30:31,311,480,203,2300,216253.32,55302,-98,-11,-66,13,2300,202,-20,-106,-75,2300,203,-12,-98,-67,2300,110,-20,-113,-75,
250,38.9156238,-95.31791018333334,2025/Sep/04,18:30:32,311,480,203,2300,216253.32,55302,-98,-14,-63,12,2300,202,-20,-107,-76,2300,203,-13,-98,-67,2300,110,-20,-113,-76,
250,38.91562635,-95.31790861666667,2025/Sep/04,18:30:34,311,480,203,2300,216253.32,55302,-98,-11,-64,13,2300,202,-20,-106,-77,2300,203,-11,-98,-67,2300,110,-20,-114,-76,
250,38.915625516666665,-95.31791008333333,2025/Sep/04,18:30:35,311,480,203,2300,216253.32,55302,-100,-13,-64,11,2300,202,-20,-110,-81,2300,203,-14,-101,-70,2300,110,-20,-116,-81,
250,38.915625983333335,-95.31790993333334,2025/Sep/04,18:30:36,311,480,203,2300,216253.32,55302,-101,-13,-65,12,2300,202,-20,-108,-76,2300,203,-13,-101,-66,2300,110,-20,-114,-76,
250,38.91562691666667,-95.3179082,2025/Sep/04,18:30:37,311,480,203,2300,216253.32,55302,-100,-13,-67,11,2300,202,-20,-106,-78,2300,203,-12,-100,-67,
250,38.91562786666667,-95.31790643333333,2025/Sep/04,18:30:38,311,480,203,2300,216253.32,55302,-99,-12,-62,12,2300,202,-20,-106,-75,2300,203,-13,-99,-64,
250,38.91562776666667,-95.31790556666667,2025/Sep/04,18:30:39,311,480,203,2300,216253.32,55302,-100,-14,-66,12,2300,202,-20,-105,-78,2300,203,-13,-100,-68,
250,38.91562776666667,-95.31790523333333,2025/Sep/04,18:30:40,311,480,203,2300,216253.32,55302,-99,-11,-67,12,2300,202,-19,-105,-78,2300,203,-11,-99,-65,
250,38.9156278,-95.317905,2025/Sep/04,18:30:41,311,480,203,2300,216253.32,55302,-100,-11,-66,12,2300,202,-20,-106,-78,2300,203,-11,-99,-62,
250,38.9156283,-95.31790281666666,2025/Sep/04,18:30:42,311,480,203,2300,216253.32,55302,-99,-13,-63,12,2300,202,-20,-105,-76,2300,203,-13,-99,-63,
250,38.91562685,-95.3179052,2025/Sep/04,18:30:43,311,480,203,2300,216253.32,55302,-100,-14,-64,12,2300,202,-19,-105,-79,2300,203,-13,-100,-68,
250,38.91562561666667,-95.31790658333334,2025/Sep/04,18:30:44,311,480,203,2300,216253.32,55302,-99,-13,-65,12,2300,202,-19,-105,-78,2300,203,-13,-100,-67,2300,110,-20,-115,-78,
250,38.91562521666667,-95.3179057,2025/Sep/04,18:30:45,311,480,203,2300,216253.32,55302,-100,-13,-68,12,2300,202,-19,-105,-80,2300,203,-12,-100,-69,2300,110,-20,-115,-80,
250,38.91562618333333,-95.31790365,2025/Sep/04,18:30:46,311,480,203,2300,216253.32,55302,-100,-12,-68,12,2300,202,-19,-105,-77,2300,203,-12,-100,-64,
250,38.915626683333336,-95.31790263333333,2025/Sep/04,18:30:47,311,480,203,2300,216253.32,55302,-100,-14,-64,12,2300,202,-20,-105,-77,2300,203,-13,-100,-67,
250,38.91562783333333,-95.31790048333333,2025/Sep/04,18:30:48,311,480,203,2300,216253.32,55302,-100,-13,-65,11,2300,202,-20,-105,-76,2300,203,-16,-100,-63,
250,38.91562965,-95.3178987,2025/Sep/04,18:30:51,311,480,203,2300,216253.32,55302,-100,-15,-64,12,2300,202,-20,-106,-76,2300,203,-15,-100,-66,
250,38.915629016666664,-95.31790108333334,2025/Sep/04,18:30:52,311,480,203,2300,216253.32,55302,-100,-14,-67,12,2300,202,-20,-107,-79,2300,203,-13,-100,-67,
250,38.91562891666667,-95.3179022,2025/Sep/04,18:30:53,311,480,203,2300,216253.32,55302,-100,-11,-67,12,2300,202,-18,-106,-80,2300,203,-11,-100,-67,2300,386,-20,-114,-80,
250,38.915628633333334,-95.3179024,2025/Sep/04,18:30:54,311,480,203,2300,216253.32,55302,-100,-12,-68,12,2300,202,-20,-106,-78,2300,203,-13,-100,-66,2300,386,-20,-110,-78,
250,38.915628483333336,-95.31790258333334,2025/Sep/04,18:30:55,311,480,203,2300,216253.32,55302,-100,-13,-63,12,2300,202,-20,-106,-76,2300,203,-13,-100,-68,2300,386,-20,-110,-77,
250,38.915628483333336,-95.3179026,2025/Sep/04,18:30:57,311,480,203,2300,216253.32,55302,-100,-14,-64,11,2300,202,-20,-108,-76,2300,203,-14,-100,-64,2300,386,-20,-112,-76,
250,38.915628516666665,-95.31790255,2025/Sep/04,18:30:58,311,480,203,2300,216253.32,55302,-100,-12,-67,11,2300,202,-19,-106,-79,2300,203,-11,-100,-68,2300,386,-20,-112,-79,
250,38.91562856666667,-95.31790246666667,2025/Sep/04,18:30:59,311,480,203,2300,216253.32,55302,-100,-14,-65,11,2300,202,-20,-108,-76,2300,203,-14,-100,-66,2300,386,-20,-112,-76,
250,38.915628516666665,-95.31790255,2025/Sep/04,18:31:00,311,480,203,2300,216253.32,55302,-100,-11,-64,11,2300,202,-19,-106,-77,2300,203,-11,-100,-64,2300,386,-20,-112,-77,
250,38.915628483333336,-95.31790261666667,2025/Sep/04,18:31:01,311,480,203,2300,216253.32,55302,-100,-11,-68,12,2300,202,-19,-106,-79,2300,203,-11,-100,-67,2300,386,-20,-109,-79,
250,38.915628483333336,-95.31790263333333,2025/Sep/04,18:31:02,311,480,203,2300,216253.32,55302,-100,-12,-67,11,2300,202,-20,-106,-77,2300,203,-12,-100,-67,2300,386,-20,-111,-77,
250,38.9156285,-95.31790266666667,2025/Sep/04,18:31:03,311,480,203,2300,216253.32,55302,-100,-14,-63,11,2300,202,-20,-107,-75,2300,203,-14,-100,-62,2300,386,-20,-113,-76,
250,38.915628283333334,-95.3179033,2025/Sep/04,18:31:04,311,480,203,2300,216253.32,55302,-100,-11,-66,12,2300,202,-19,-106,-79,2300,203,-11,-100,-67,
250,38.91562818333333,-95.31790365,2025/Sep/04,18:31:05,311,480,203,2300,216253.32,55302,-100,-11,-67,11,2300,202,-19,-106,-79,2300,203,-11,-100,-67,2300,386,-20,-116,-79,
250,38.91562808333333,-95.31790393333333,2025/Sep/04,18:31:06,311,480,203,2300,216253.32,55302,-100,-14,-63,11,2300,202,-20,-107,-78,2300,203,-13,-100,-67,
250,38.915628166666664,-95.31790381666667,2025/Sep/04,18:31:07,311,480,203,2300,216253.32,55302,-100,-11,-67,12,2300,202,-19,-106,-79,2300,203,-11,-100,-68,2300,137,-20,-118,-80,
250,38.915628133333335,-95.31790395,2025/Sep/04,18:31:09,311,480,203,2300,216253.32,55302,-100,-11,-67,10,2300,202,-19,-105,-79,2300,203,-11,-100,-67,
250,38.91562815,-95.31790391666667,2025/Sep/04,18:31:10,311,480,203,2300,216253.32,55302,-100,-12,-67,12,2300,202,-20,-106,-76,2300,203,-12,-100,-68,2300,386,-20,-111,-76,2300,279,-20,-116,-74,
250,38.915628133333335,-95.31790395,2025/Sep/04,18:31:11,311,480,203,2300,216253.32,55302,-100,-15,-62,11,2300,202,-20,-106,-76,2300,203,-15,-100,-65,2300,386,-20,-110,-76,2300,431,-20,-114,-76,
250,38.915628133333335,-95.31790396666666,2025/Sep/04,18:31:12,311,480,203,2300,216253.32,55302,-100,-12,-69,12,2300,202,-20,-106,-76,2300,203,-12,-100,-66,
250,38.9156281,-95.31790406666667,2025/Sep/04,18:31:13,311,480,203,2300,216253.32,55302,-100,-12,-67,12,2300,202,-18,-105,-79,2300,203,-11,-100,-68,
250,38.91562808333333,-95.31790413333333,2025/Sep/04,18:31:14,311,480,203,2300,216253.32,55302,-100,-11,-67,11,2300,202,-19,-106,-79,2300,203,-11,-100,-67,
250,38.91562805,-95.31790415,2025/Sep/04,18:31:15,311,480,203,2300,216253.32,55302,-100,-13,-63,12,2300,202,-18,-106,-80,2300,203,-11,-100,-67,
250,38.915628016666666,-95.31790418333334,2025/Sep/04,18:31:18,311,480,203,2300,216253.32,55302,-99,-11,-67,12,2300,202,-19,-104,-78,2300,203,-12,-99,-67,2300,110,-20,-114,-78,
250,38.915628016666666,-95.3179042,2025/Sep/04,18:31:21,311,480,203,2300,216253.32,55302,-100,-11,-67,12,2300,202,-18,-105,-79,2300,203,-11,-100,-67,2300,110,-20,-111,-79,
250,38.915628016666666,-95.31790418333334,2025/Sep/04,18:31:22,311,480,203,2300,216253.32,55302,-99,-11,-66,12,2300,202,-18,-105,-79,2300,203,-11,-99,-67,
250,38.915628,-95.31790416666666,2025/Sep/04,18:31:24,311,480,203,2300,216253.32,55302,-100,-12,-66,12,2300,202,-19,-105,-79,2300,203,-11,-100,-66,2300,386,-20,-109,-79,
250,38.915628016666666,-95.31790413333333,2025/Sep/04,18:31:25,311,480,203,2300,216253.32,55302,-100,-13,-63,11,2300,202,-20,-105,-77,2300,203,-13,-100,-66,
250,38.91562798333333,-95.31790411666667,2025/Sep/04,18:31:27,311,480,203,2300,216253.32,55302,-100,-12,-67,12,2300,202,-19,-106,-79,2300,203,-11,-100,-68,
250,38.91562796666667,-95.3179041,2025/Sep/04,18:31:28,311,480,203,2300,216253.32,55302,-99,-11,-67,12,2300,202,-19,-106,-77,2300,203,-12,-99,-68,
250,38.91562796666667,-95.31790413333333,2025/Sep/04,18:31:29,311,480,203,2300,216253.32,55302,-100,-12,-65,12,2300,202,-20,-106,-78,2300,203,-13,-100,-64,2300,110,-20,-115,-78,
250,38.91562796666667,-95.31790411666667,2025/Sep/04,18:31:30,311,480,203,2300,216253.32,55302,-99,-10,-68,12,2300,202,-19,-106,-79,2300,203,-11,-99,-66,2300,110,-20,-114,-79,
250,38.91562798333333,-95.31790411666667,2025/Sep/04,18:31:31,311,480,203,2300,216253.32,55302,-100,-11,-67,12,2300,202,-19,-105,-78,2300,203,-12,-100,-69,2300,110,-20,-114,-78,
250,38.91562798333333,-95.31790411666667,2025/Sep/04,18:31:33,311,480,203,2300,216253.32,55302,-100,-12,-67,11,2300,202,-19,-106,-79,2300,203,-11,-100,-68,2300,110,-20,-112,-79,
250,38.915628,-95.31790413333333,2025/Sep/04,18:31:34,311,480,203,2300,216253.32,55302,-100,-15,-63,12,2300,202,-20,-105,-78,2300,203,-14,-100,-69,2300,110,-20,-113,-78,
250,38.915628,-95.31790413333333,2025/Sep/04,18:31:35,311,480,203,2300,216253.32,55302,-100,-12,-68,12,2300,202,-20,-106,-78,2300,203,-11,-100,-68,2300,110,-20,-113,-79,
250,38.915628016666666,-95.31790413333333,2025/Sep/04,18:31:36,311,480,203,2300,216253.32,55302,-100,-11,-68,11,2300,202,-19,-106,-78,2300,203,-12,-100,-66,2300,110,-20,-117,-79,
250,38.915628016666666,-95.31790418333334,2025/Sep/04,18:31:38,311,480,203,2300,216253.32,55302,-100,-13,-68,11,2300,202,-19,-106,-79,2300,203,-13,-100,-67,
250,38.915628016666666,-95.31790423333334,2025/Sep/04,18:31:39,311,480,203,2300,216253.32,55302,-100,-11,-68,11,2300,202,-18,-105,-80,2300,203,-11,-100,-67,
250,38.915628016666666,-95.31790426666667,2025/Sep/04,18:31:41,311,480,203,2300,216253.32,55302,-100,-16,-64,11,2300,202,-20,-107,-79,2300,203,-15,-100,-67,
250,38.91562796666667,-95.31790435,2025/Sep/04,18:31:43,311,480,203,2300,216253.32,55302,-100,-12,-66,11,2300,202,-20,-106,-79,2300,203,-14,-100,-66,
250,38.915628016666666,-95.31790426666667,2025/Sep/04,18:31:47,311,480,203,2300,216253.32,55302,-100,-12,-67,11,2300,202,-18,-105,-79,2300,203,-12,-100,-67,
250,38.915628016666666,-95.31790423333334,2025/Sep/04,18:31:48,311,480,203,2300,216253.32,55302,-99,-12,-67,11,2300,202,-18,-106,-79,2300,203,-12,-100,-66,
250,38.915628,-95.31790425,2025/Sep/04,18:31:49,311,480,203,2300,216253.32,55302,-100,-13,-64,11,2300,202,-19,-106,-79,2300,203,-12,-100,-67,
250,38.915628016666666,-95.3179042,2025/Sep/04,18:31:50,311,480,203,2300,216253.32,55302,-100,-11,-67,11,2300,202,-18,-106,-79,2300,203,-11,-100,-67,
250,38.915628016666666,-95.3179042,2025/Sep/04,18:31:52,311,480,203,2300,216253.32,55302,-100,-13,-63,10,2300,202,-20,-106,-76,2300,203,-13,-100,-64,
250,38.91562798333333,-95.31790421666666,2025/Sep/04,18:31:53,311,480,203,2300,216253.32,55302,-100,-13,-67,11,2300,202,-20,-106,-79,2300,203,-12,-100,-67,2300,386,-20,-113,-79,
250,38.91562795,-95.31790428333333,2025/Sep/04,18:31:54,311,480,203,2300,216253.32,55302,-100,-12,-64,11,2300,202,-20,-106,-76,2300,203,-13,-100,-63,
250,38.9156279,-95.31790438333333,2025/Sep/04,18:31:56,311,480,203,2300,216253.32,55302,-100,-11,-68,12,2300,202,-19,-107,-79,2300,203,-11,-100,-68,
250,38.91562786666667,-95.31790438333333,2025/Sep/04,18:31:57,311,480,203,2300,216253.32,55302,-100,-12,-66,11,2300,202,-20,-108,-79,2300,203,-13,-100,-63,2300,110,-20,-115,-79,
250,38.91562783333333,-95.3179044,2025/Sep/04,18:31:59,311,480,203,2300,216253.32,55302,-100,-11,-67,11,2300,202,-18,-106,-80,2300,203,-11,-100,-68,2300,110,-20,-110,-80,2300,461,-20,-110,-81,
250,38.915627783333335,-95.31790438333333,2025/Sep/04,18:32:00,311,480,203,2300,216253.32,55302,-100,-12,-65,11,2300,202,-19,-105,-77,2300,203,-13,-100,-64,2300,110,-20,-115,-77,
250,38.91562776666667,-95.31790436666667,2025/Sep/04,18:32:02,311,480,203,2300,216253.32,55302,-100,-12,-68,12,2300,202,-18,-105,-79,2300,203,-12,-100,-67,2300,110,-20,-115,-79,
250,38.91562776666667,-95.31790438333333,2025/Sep/04,18:32:03,311,480,203,2300,216253.32,55302,-100,-15,-63,11,2300,202,-20,-107,-76,2300,203,-15,-100,-66,2300,110,-20,-114,-77,
250,38.91562776666667,-95.31790438333333,2025/Sep/04,18:32:04,311,480,203,2300,216253.32,55302,-100,-12,-66,11,2300,202,-19,-106,-79,2300,203,-12,-100,-68,2300,110,-20,-114,-80,
250,38.915627783333335,-95.31790435,2025/Sep/04,18:32:05,311,480,203,2300,216253.32,55302,-100,-13,-68,12,2300,202,-19,-105,-77,2300,203,-13,-100,-67,
250,38.915627783333335,-95.31790436666667,2025/Sep/04,18:32:08,311,480,203,2300,216253.32,55302,-100,-11,-69,12,2300,202,-18,-106,-80,2300,203,-12,-100,-66,
250,38.91562776666667,-95.3179044,2025/Sep/04,18:32:09,311,480,203,2300,216253.32,55302,-100,-11,-68,11,2300,202,-19,-106,-79,2300,203,-11,-100,-69,
250,38.91562776666667,-95.31790438333333,2025/Sep/04,18:32:10,311,480,203,2300,216253.32,55302,-100,-11,-68,12,2300,202,-18,-106,-79,2300,203,-11,-100,-68,
250,38.91562776666667,-95.31790438333333,2025/Sep/04,18:32:11,311,480,203,2300,216253.32,55302,-100,-12,-67,12,2300,202,-20,-106,-77,2300,203,-11,-100,-68,2300,110,-20,-113,-77,
250,38.91562771666667,-95.31790446666666,2025/Sep/04,18:32:15,311,480,203,2300,216253.32,55302,-100,-11,-68,11,2300,202,-18,-105,-79,2300,203,-10,-100,-67,2300,110,-20,-112,-79,
250,38.91562771666667,-95.31790448333334,2025/Sep/04,18:32:16,