Altitude,latitude,longitude,Date,Time,MCC,MNC,PCI,EARFCN,CellID,LAC,RSRP,RSRQ,RSSI,SINR,NB1_EARFCN,NB1_PCI,NB1_RSRQ,NB1_RSRP,NB1_RSSI,NB2_EARFCN,NB2_PCI,NB2_RSRQ,NB2_RSRP,NB2_RSSI,NB3_EARFCN,NB3_PCI,NB3_RSRQ,NB3_RSRP,NB3_RSSI,NB4_EARFCN,NB4_PCI,NB4_RSRQ,NB4_RSRP,NB4_RSSI,NB5_EARFCN,NB5_PCI,NB5_RSRQ,NB5_RSRP,NB5_RSSI,NB6_EARFCN,NB6_PCI,NB6_RSRQ,NB6_RSRP,NB6_RSSI,NB7_EARFCN,NB7_PCI,NB7_RSRQ,NB7_RSRP,NB7_RSSI,NB8_EARFCN,NB8_PCI,NB8_RSRQ,NB8_RSRP,NB8_RSSI,NB9_EARFCN,NB9_PCI,NB9_RSRQ,NB9_RSRP,NB9_RSSI,NB10_EARFCN,NB10_PCI,NB10_RSRQ,NB10_RSRP,NB10_RSSI
260,38.91567545,-95.31787556666667,2025/Dec/17,10:39:35,311,480,203,2300,216253.32,55302,-101,-17,-63,7,2300,203,-17,-100,-64,2300,202,-20,-111,-76,
260,38.91567311666667,-95.3178598,2025/Dec/17,10:39:40,311,480,203,2300,216253.32,55302,-101,-18,-63,7,2300,203,-18,-101,-60,2300,110,-18,-101,-74,
260,38.915665716666666,-95.31785456666667,2025/Dec/17,10:39:43,311,480,203,2300,216253.32,55302,-102,-18,-64,7,2300,203,-18,-102,-64,2300,110,-15,-99,-76,
260,38.91565206666667,-95.31786786666666,2025/Dec/17,10:39:46,311,480,203,2300,216253.32,55302,-101,-16,-63,7,2300,203,-16,-101,-66,2300,110,-14,-98,-76,
260,38.915647183333334,-95.31787421666667,2025/Dec/17,10:39:49,311,480,203,2300,216253.32,55302,-101,-17,-64,7,2300,203,-17,-101,-64,
260,38.91564735,-95.31787405,2025/Dec/17,10:39:52,311,480,203,2300,216253.32,55302,-102,-15,-67,7,2300,203,-18,-102,-64,2300,332,-16,-102,-77,2300,110,-15,-100,-77,
260,38.91564745,-95.31787398333333,2025/Dec/17,10:39:55,311,480,203,2300,216253.32,55302,-102,-17,-64,8,2300,203,-17,-102,-64,2300,332,-16,-101,-77,2300,386,-17,-102,-78,2300,202,-20,-113,-77,
260,38.91564745,-95.31787386666667,2025/Dec/17,10:39:58,311,480,203,2300,216253.32,55302,-102,-16,-66,7,2300,203,-16,-102,-66,2300,332,-15,-101,-78,2300,110,-13,-100,-78,
260,38.9156475,-95.31787591666667,2025/Dec/17,10:40:00,311,480,203,2300,216253.32,55302,-102,-17,-65,6,2300,203,-17,-102,-65,2300,332,-16,-101,-78,
260,38.91564743333333,-95.3178797,2025/Dec/17,10:40:01,311,480,203,2300,216253.32,55302,-100,-16,-64,7,2300,203,-16,-103,-67,
260,38.91564376666667,-95.31788976666667,2025/Dec/17,10:40:05,311,480,203,2300,216253.32,55302,-101,-15,-66,7,2300,203,-15,-101,-66,
260,38.9156427,-95.31789365,2025/Dec/17,10:40:06,311,480,203,2300,216253.32,55302,-101,-15,-66,7,2300,203,-14,-101,-66,2300,332,-20,-107,-77,
260,38.91564215,-95.3178969,2025/Dec/17,10:40:07,311,480,203,2300,216253.32,55302,-102,-14,-67,8,2300,203,-15,-102,-66,2300,332,-15,-102,-78,2300,386,-16,-103,-79,
260,38.91564193333333,-95.3178963,2025/Dec/17,10:40:08,311,480,203,2300,216253.32,55302,-102,-16,-64,7,2300,203,-15,-101,-65,2300,386,-13,-100,-78,
260,38.91564138333333,-95.3178985,2025/Dec/17,10:40:09,311,480,203,2300,216253.32,55302,-101,-15,-66,7,2300,203,-15,-101,-65,2300,110,-15,-98,-75,
260,38.91564101666667,-95.31790076666667,2025/Dec/17,10:40:10,311,480,203,2300,216253.32,55302,-101,-15,-66,7,2300,203,-15,-101,-66,2300,386,-18,-103,-76,2300,332,-18,-102,-76,
260,38.915640833333335,-95.31790163333334,2025/Dec/17,10:40:11,311,480,203,2300,216253.32,55302,-101,-16,-66,7,2300,203,-16,-102,-65,2300,110,-13,-99,-77,
260,38.915640716666665,-95.31790246666667,2025/Dec/17,10:40:12,311,480,203,2300,216253.32,55302,-102,-15,-66,7,2300,203,-15,-101,-66,2300,110,-15,-100,-76,2300,202,-20,-110,-76,
260,38.915640683333336,-95.31790296666667,2025/Dec/17,10:40:13,311,480,203,2300,216253.32,55302,-102,-16,-66,7,2300,203,-17,-102,-64,2300,110,-16,-99,-76,2300,202,-20,-113,-76,
260,38.91564075,-95.3179033,2025/Dec/17,10:40:15,311,480,203,2300,216253.32,55302,-101,-16,-66,7,2300,203,-16,-101,-64,2300,110,-15,-101,-78,
260,38.91564073333333,-95.31790333333333,2025/Dec/17,10:40:16,311,480,203,2300,216253.32,55302,-101,-17,-64,7,2300,203,-16,-101,-66,2300,110,-15,-101,-77,2300,202,-20,-109,-77,
260,38.915640716666665,-95.31790336666667,2025/Dec/17,10:40:17,311,480,203,2300,216253.32,55302,-101,-17,-64,7,2300,203,-15,-101,-65,2300,110,-15,-100,-76,
260,38.91564066666667,-95.31790343333333,2025/Dec/17,10:40:18,311,480,203,2300,216253.32,55302,-100,-15,-65,7,2300,203,-15,-100,-65,2300,202,-20,-109,-76,2300,332,-17,-102,-76,2300,386,-17,-102,-76,
260,38.915640616666664,-95.31790341666667,2025/Dec/17,10:40:19,311,480,203,2300,216253.32,55302,-101,-16,-64,7,2300,203,-16,-100,-64,2300,202,-20,-109,-79,2300,332,-15,-102,-79,2300,386,-14,-101,-80,
260,38.915640583333335,-95.31790338333333,2025/Dec/17,10:40:20,311,480,203,2300,216253.32,55302,-100,-14,-67,8,2300,203,-14,-100,-67,2300,202,-20,-106,-76,2300,332,-16,-103,-78,2300,386,-15,-101,-78,
260,38.91564055,-95.31790333333333,2025/Dec/17,10:40:21,311,480,203,2300,216253.32,55302,-101,-15,-66,7,2300,203,-15,-101,-66,2300,202,-20,-114,-78,2300,332,-16,-101,-77,2300,110,-16,-101,-77,
260,38.915640483333334,-95.31790335,2025/Dec/17,10:40:22,311,480,203,2300,216253.32,55302,-101,-15,-66,7,2300,203,-16,-101,-65,2300,110,-16,-102,-76,2300,332,-15,-100,-76,
260,38.915640466666666,-95.31790333333333,2025/Dec/17,10:40:23,311,480,203,2300,216253.32,55302,-101,-15,-65,7,2300,203,-15,-101,-65,2300,110,-17,-104,-79,2300,332,-15,-102,-79,
260,38.91564045,-95.3179033,2025/Dec/17,10:40:24,311,480,203,2300,216253.32,55302,-101,-15,-65,7,2300,203,-15,-101,-65,2300,110,-18,-103,-77,2300,332,-15,-100,-77,
260,38.915640466666666,-95.31790323333334,2025/Dec/17,10:40:25,311,480,203,2300,216253.32,55302,-101,-16,-65,7,2300,203,-16,-101,-64,2300,332,-15,-101,-76,2300,386,-15,-100,-77,
260,38.915640483333334,-95.31790315,2025/Dec/17,10:40:26,311,480,203,2300,216253.32,55302,-101,-17,-64,7,2300,203,-17,-101,-64,2300,332,-16,-101,-75,2300,386,-15,-100,-75,2300,202,-20,-110,-75,
260,38.91564045,-95.31790311666667,2025/Dec/17,10:40:27,311,480,203,2300,216253.32,55302,-101,-16,-65,7,2300,203,-15,-101,-66,2300,332,-16,-101,-77,2300,386,-15,-100,-76,2300,202,-20,-112,-76,
260,38.9156404,-95.31790296666667,2025/Dec/17,10:40:28,311,480,203,2300,216253.32,55302,-101,-15,-66,7,2300,203,-15,-101,-66,2300,332,-19,-103,-75,2300,386,-18,-102,-75,2300,202,-20,-113,-75,
260,38.915640333333336,-95.3179029,2025/Dec/17,10:40:29,311,480,203,2300,216253.32,55302,-101,-16,-66,7,2300,203,-16,-101,-66,2300,332,-18,-101,-76,2300,202,-20,-105,-76,2300,110,-15,-99,-76,
260,38.915640266666664,-95.31790283333333,2025/Dec/17,10:40:30,311,480,203,2300,216253.32,55302,-101,-16,-64,7,2300,203,-16,-101,-64,2300,332,-17,-99,-74,2300,202,-20,-106,-74,2300,110,-19,-102,-74,
260,38.9156402,-95.31790281666666,2025/Dec/17,10:40:31,311,480,203,2300,216253.32,55302,-101,-16,-64,7,2300,203,-17,-102,-65,2300,332,-15,-99,-76,2300,110,-14,-99,-77,2300,386,-14,-98,-75,
260,38.9156399,-95.31790296666667,2025/Dec/17,10:40:34,311,480,203,2300,216253.32,55302,-101,-16,-64,7,2300,203,-16,-101,-65,2300,332,-16,-102,-77,2300,110,-15,-101,-77,
260,38.9156398,-95.31790295,2025/Dec/17,10:40:35,311,480,203,2300,216253.32,55302,-101,-17,-63,6,2300,203,-15,-101,-67,2300,332,-15,-100,-76,
260,38.915639666666664,-95.31790295,2025/Dec/17,10:40:36,311,480,203,2300,216253.32,55302,-101,-16,-65,8,2300,203,-16,-101,-64,2300,332,-17,-102,-77,
260,38.91563958333333,-95.31790283333333,2025/Dec/17,10:40:38,311,480,203,2300,216253.32,55302,-101,-15,-67,7,2300,203,-15,-101,-66,2300,202,-20,-115,-78,
260,38.91563956666667,-95.31790275,2025/Dec/17,10:40:39,311,480,203,2300,216253.32,55302,-101,-14,-65,7,2300,203,-14,-101,-67,2300,332,-16,-102,-78,
260,38.91563956666667,-95.3179027,2025/Dec/17,10:40:40,311,480,203,2300,216253.32,55302,-101,-15,-65,7,2300,203,-15,-101,-65,
260,38.915639533333334,-95.3179027,2025/Dec/17,10:40:41,311,480,203,2300,216253.32,55302,-102,-16,-65,7,2300,203,-16,-102,-67,2300,332,-16,-102,-78,
260,38.91563945,-95.31790276666666,2025/Dec/17,10:40:42,311,480,203,2300,216253.32,55302,-102,-14,-67,7,2300,203,-14,-102,-67,2300,332,-13,-101,-80,
260,38.91563936666667,-95.31790281666666,2025/Dec/17,10:40:43,311,480,203,2300,216253.32,55302,-102,-15,-67,8,2300,203,-15,-102,-66,2300,386,-17,-102,-78,2300,110,-15,-101,-78,
260,38.915639283333334,-95.31790278333334,2025/Dec/17,10:40:44,311,480,203,2300,216253.32,55302,-102,-15,-67,7,2300,203,-15,-102,-67,2300,386,-16,-101,-77,2300,110,-14,-100,-77,
260,38.91563918333333,-95.31790278333334,2025/Dec/17,10:40:45,311,480,203,2300,216253.32,55302,-103,-16,-66,6,2300,203,-16,-103,-66,2300,110,-13,-100,-79,
260,38.9156391,-95.3179027,2025/Dec/17,10:40:46,311,480,203,2300,216253.32,55302,-102,-17,-65,6,2300,203,-17,-102,-65,2300,110,-15,-101,-77,2300,202,-20,-112,-77,2300,386,-20,-106,-77,
260,38.915639066666664,-95.31790265,2025/Dec/17,10:40:47,311,480,203,2300,216253.32,55302,-103,-17,-66,7,2300,203,-17,-103,-64,2300,110,-15,-100,-76,2300,386,-17,-102,-76,
260,38.915639033333335,-95.31790261666667,2025/Dec/17,10:40:48,311,480,203,2300,216253.32,55302,-102,-17,-64,6,2300,203,-16,-102,-64,2300,110,-15,-100,-78,2300,386,-18,-103,-77,2300,202,-20,-114,-78,2300,332,-16,-102,-78,
260,38.915639,-95.31790263333333,2025/Dec/17,10:40:49,311,480,203,2300,216253.32,55302,-102,-15,-67,7,2300,203,-15,-102,-66,2300,110,-15,-101,-76,2300,386,-18,-104,-77,2300,332,-16,-101,-77,
260,38.91563895,-95.3179026,2025/Dec/17,10:40:50,311,480,203,2300,216253.32,55302,-103,-16,-64,7,2300,203,-16,-103,-67,2300,110,-14,-100,-78,2300,386,-15,-102,-78,2300,332,-14,-101,-78,
260,38.9156389,-95.31790256666666,2025/Dec/17,10:40:51,311,480,203,2300,216253.32,55302,-102,-16,-66,6,2300,203,-15,-102,-66,2300,110,-16,-100,-75,2300,386,-16,-101,-77,2300,332,-15,-99,-75,
260,38.915638816666664,-95.31790253333334,2025/Dec/17,10:40:52,311,480,203,2300,216253.32,55302,-102,-16,-67,7,2300,203,-16,-102,-65,2300,332,-15,-100,-76,2300,110,-15,-99,-76,2300,386,-18,-102,-76,
260,38.91563876666667,-95.31790246666667,2025/Dec/17,10:40:53,311,480,203,2300,216253.32,55302,-102,-17,-65,6,2300,203,-17,-102,-65,2300,332,-14,-99,-76,2300,110,-15,-99,-76,2300,202,-20,-107,-76,2300,386,-15,-100,-76,
260,38.91563875,-95.31790248333333,2025/Dec/17,10:40:54,311,480,203,2300,216253.32,55302,-101,-15,-66,6,2300,203,-15,-101,-66,2300,332,-12,-98,-78,2300,386,-13,-98,-76,
260,38.9156387,-95.31790251666666,2025/Dec/17,10:40:55,311,480,203,2300,216253.32,55302,-102,-16,-65,6,2300,203,-16,-102,-66,2300,332,-15,-99,-76,2300,202,-20,-113,-76,
260,38.915638666666666,-95.31790253333334,2025/Dec/17,10:40:56,311,480,203,2300,216253.32,55302,-102,-17,-66,7,2300,203,-17,-102,-66,2300,332,-15,-100,-77,2300,202,-20,-110,-76,
260,38.91563858333333,-95.31790255,2025/Dec/17,10:40:57,311,480,203,2300,216253.32,55302,-101,-16,-65,7,2300,203,-18,-102,-64,2300,332,-16,-101,-77,
260,38.915638533333336,-95.31790256666666,2025/Dec/17,10:40:58,311,480,203,2300,216253.32,55302,-102,-17,-64,7,2300,203,-17,-102,-66,2300,332,-16,-101,-78,2300,202,-20,-113,-78,
260,38.91563851666667,-95.3179026,2025/Dec/17,10:40:59,311,480,203,2300,216253.32,55302,-102,-17,-65,7,2300,203,-15,-101,-66,2300,332,-17,-101,-76,2300,110,-16,-100,-76,
260,38.91563816666667,-95.31790246666667,2025/Dec/17,10:41:03,311,480,203,2300,216253.32,55302,-102,-18,-63,7,2300,203,-18,-102,-63,2300,332,-17,-101,-76,2300,110,-16,-100,-76,
260,38.9156381,-95.31790248333333,2025/Dec/17,10:41:04,311,480,203,2300,216253.32,55302,-102,-16,-65,7,2300,203,-16,-102,-65,2300,110,-16,-101,-77,2300,386,-17,-103,-76,2300,202,-20,-111,-76,2300,332,-15,-101,-76,
260,38.91563803333333,-95.31790241666667,2025/Dec/17,10:41:05,311,480,203,2300,216253.32,55302,-102,-16,-64,7,2300,203,-15,-102,-67,2300,332,-14,-99,-77,
260,38.91563795,-95.31790236666667,2025/Dec/17,10:41:06,311,480,203,2300,216253.32,55302,-102,-16,-66,7,2300,203,-15,-102,-66,2300,332,-15,-99,-76,
260,38.91563788333333,-95.3179023,2025/Dec/17,10:41:07,311,480,203,2300,216253.32,55302,-102,-16,-66,7,2300,203,-16,-102,-66,2300,332,-15,-99,-76,2300,110,-16,-100,-76,2300,202,-20,-113,-77,2300,386,-18,-103,-78,
260,38.915637833333335,-95.31790226666666,2025/Dec/17,10:41:08,311,480,203,2300,216253.32,55302,-102,-16,-66,7,2300,203,-16,-102,-66,2300,332,-12,-99,-79,2300,110,-12,-99,-79,2300,202,-18,-102,-75,2300,386,-16,-99,-75,
260,38.91563776666667,-95.31790223333333,2025/Dec/17,10:41:09,311,480,203,2300,216253.32,55302,-102,-16,-65,7,2300,203,-16,-102,-66,2300,110,-15,-100,-77,
260,38.91563766666667,-95.31790215,2025/Dec/17,10:41:10,311,480,203,2300,216253.32,55302,-102,-15,-67,7,2300,203,-15,-102,-68,2300,332,-14,-100,-77,2300,202,-20,-114,-77,
260,38.9156376,-95.31790208333334,2025/Dec/17,10:41:11,311,480,203,2300,216253.32,55302,-102,-16,-65,7,2300,203,-16,-102,-65,2300,332,-14,-100,-76,2300,202,-20,-108,-77,2300,386,-15,-100,-77,2300,110,-13,-99,-77,
260,38.915637583333336,-95.31790205,2025/Dec/17,10:41:12,311,480,203,2300,216253.32,55302,-102,-16,-66,7,2300,203,-16,-102,-66,2300,332,-18,-103,-78,2300,110,-14,-99,-78,
260,38.91563741666667,-95.317902,2025/Dec/17,10:41:14,311,480,203,2300,216253.32,55302,-102,-15,-66,6,2300,203,-15,-102,-66,2300,332,-15,-100,-77,2300,110,-14,-99,-77,
260,38.91563731666667,-95.31790195,2025/Dec/17,10:41:15,311,480,203,2300,216253.32,55302,-101,-15,-66,7,2300,203,-15,-101,-66,2300,332,-17,-103,-78,2300,202,-19,-105,-77,
260,38.91563721666667,-95.3179019,2025/Dec/17,10:41:16,311,480,203,2300,216253.32,55302,-102,-16,-67,7,2300,203,-16,-102,-65,2300,332,-16,-102,-79,
260,38.91563715,-95.31790185,2025/Dec/17,10:41:17,311,480,203,2300,216253.32,55302,-102,-16,-66,7,2300,203,-16,-102,-66,2300,332,-15,-99,-76,2300,110,-15,-99,-76,
260,38.915637116666666,-95.31790181666666,2025/Dec/17,10:41:18,311,480,203,2300,216253.32,55302,-101,-14,-66,7,2300,203,-15,-101,-64,2300,110,-14,-100,-78,
260,38.915637133333334,-95.31790178333334,2025/Dec/17,10:41:19,311,480,203,2300,216253.32,55302,-101,-19,-62,7,2300,203,-19,-102,-63,2300,110,-18,-101,-75,
260,38.915637116666666,-95.3179017,2025/Dec/17,10:41:20,311,480,203,2300,216253.32,55302,-102,-16,-66,7,2300,203,-16,-102,-65,2300,110,-16,-102,-79,
260,38.91563705,-95.31790161666666,2025/Dec/17,10:41:21,311,480,203,2300,216253.32,55302,-102,-15,-67,7,2300,203,-15,-102,-66,2300,110,-18,-105,-78,2300,332,-16,-102,-78,2300,386,-18,-105,-78,
260,38.915637016666665,-95.31790161666666,2025/Dec/17,10:41:22,311,480,203,2300,216253.32,55302,-102,-19,-62,7,2300,203,-20,-102,-61,2300,110,-20,-104,-75,2300,332,-19,-102,-75,
260,38.91563696666667,-95.3179016,2025/Dec/17,10:41:23,311,480,203,2300,216253.32,55302,-102,-16,-67,7,2300,203,-16,-102,-67,2300,110,-18,-104,-77,2300,332,-15,-101,-77,2300,202,-20,-115,-78,
260,38.9156369,-95.31790153333333,2025/Dec/17,10:41:24,311,480,203,2300,216253.32,55302,-104,-18,-64,7,2300,203,-19,-104,-64,2300,110,-18,-103,-76,2300,332,-16,-100,-76,
260,38.91563681666667,-95.3179015,2025/Dec/17,10:41:26,311,480,203,2300,216253.32,55302,-104,-16,-69,7,2300,203,-16,-104,-66,2300,110,-15,-102,-77,
260,38.915636766666665,-95.31790141666667,2025/Dec/17,10:41:27,311,480,203,2300,216253.32,55302,-104,-16,-69,7,2300,203,-16,-104,-63,2300,332,-15,-102,-81,
260,38.91563671666667,-95.31790141666667,2025/Dec/17,10:41:28,311,480,203,2300,216253.32,55302,-103,-16,-65,7,2300,203,-19,-102,-62,2300,332,-18,-101,-75,
260,38.915636766666665,-95.31790143333333,2025/Dec/17,10:41:31,311,480,203,2300,216253.32,55302,-102,-19,-62,7,2300,203,-19,-102,-63,2300,332,-17,-101,-75,
260,38.9156368,-95.31790145,2025/Dec/17,10:41:32,311,480,203,2300,216253.32,55302,-102,-15,-67,7,2300,203,-15,-102,-68,2300,332,-15,-101,-76,
260,38.91563678333333,-95.31790143333333,2025/Dec/17,10:41:33,311,480,203,2300,216253.32,55302,-102,-15,-68,7,2300,203,-17,-102,-62,2300,332,-15,-100,-75,
260,38.91563675,-95.3179014,2025/Dec/17,10:41:34,311,480,203,2300,216253.32,55302,-103,-18,-62,7,2300,203,-17,-103,-67,2300,332,-15,-100,-77,
260,38.9156367,-95.31790138333334,2025/Dec/17,10:41:35,311,480,203,2300,216253.32,55302,-102,-16,-67,7,2300,203,-18,-102,-63,2300,332,-16,-99,-75,
260,38.91563655,-95.3179014,2025/Dec/17,10:41:37,311,480,203,2300,216253.32,55302,-102,-19,-63,7,2300,203,-17,-102,-66,2300,332,-14,-99,-77,
260,38.915636533333334,-95.31790143333333,2025/Dec/17,10:41:38,311,480,203,2300,216253.32,55302,-102,-17,-65,7,2300,203,-17,-102,-65,2300,332,-15,-99,-77,
260,38.915636533333334,-95.31790148333333,2025/Dec/17,10:41:39,311,480,203,2300,216253.32,55302,-101,-17,-62,8,2300,203,-17,-101,-66,2300,332,-17,-100,-75,
260,38.915636533333334,-95.31790153333333,2025/Dec/17,10:41:40,311,480,203,2300,216253.32,55302,-101,-15,-67,7,2300,203,-15,-101,-66,2300,332,-14,-100,-78,
260,38.9156365,-95.3179015,2025/Dec/17,10:41:41,311,480,203,2300,216253.32,55302,-102,-15,-66,7,2300,203,-16,-102,-66,2300,332,-14,-100,-79,
260,38.91563645,-95.31790141666667,2025/Dec/17,10:41:42,311,480,203,2300,216253.32,55302,-102,-18,-62,7,2300,203,-18,-101,-62,2300,332,-17,-101,-78,
260,38.9156364,-95.31790126666667,2025/Dec/17,10:41:43,311,480,203,2300,216253.32,55302,-101,-16,-64,7,2300,203,-16,-101,-64,2300,332,-15,-100,-77,
260,38.91563633333333,-95.31790121666667,2025/Dec/17,10:41:44,311,480,203,2300,216253.32,55302,-101,-15,-67,8,2300,203,-14,-101,-67,2300,332,-15,-102,-78,
260,38.9156363,-95.31790115,2025/Dec/17,10:41:45,311,480,203,2300,216253.32,55302,-102,-19,-62,7,2300,203,-19,-102,-62,2300,332,-17,-100,-74,
260,38.915636283333335,-95.31790115,2025/Dec/17,10:41:46,311,480,203,2300,216253.32,55302,-102,-16,-66,7,2300,203,-15,-101,-64,2300,332,-20,-106,-76,
260,38.91563626666667,-95.31790115,2025/Dec/17,10:41:47,311,480,203,2300,216253.32,55302,-100,-17,-65,7,2300,203,-16,-100,-64,
260,38.91563611666667,-95.317901,2025/Dec/17,10:41:49,311,480,203,2300,216253.32,55302,-100,-15,-65,8,2300,203,-14,-100,-66,
260,38.91563601666667,-95.31790095,2025/Dec/17,10:41:50,311,480,203,2300,216253.32,55302,-100,-14,-65,7,2300,203,-14,-100,-66,2300,332,-19,-104,-76,
260,38.91563596666667,-95.31790095,2025/Dec/17,10:41:51,311,480,203,2300,216253.32,55302,-102,-17,-64,7,2300,203,-18,-102,-64,2300,332,-20,-107,-75,
260,38.91563598333333,-95.31790093333333,2025/Dec/17,10:41:52,311,480,203,2300,216253.32,55302,-103,-15,-67,6,2300,203,-16,-104,-68,2300,332,-18,-105,-79,
260,38.91563598333333,-95.31790091666667,2025/Dec/17,10:41:53,311,480,203,2300,216253.32,55302,-104,-17,-62,5,2300,203,-18,-104,-65,2300,332,-20,-106,-76,
260,38.91563596666667,-95.3179009,2025/Dec/17,10:41:54,311,480,203,2300,216253.32,55302,-104,-19,-66,6,2300,203,-17,-105,-69,2300,332,-18,-105,-79,
260,38.91563598333333,-95.3179009,2025/Dec/17,10:41:55,311,480,203,2300,216253.32,55302,-104,-15,-69,7,2300,203,-15,-103,-66,2300,332,-17,-104,-79,
260,38.915636,-95.31790086666666,2025/Dec/17,10:41:56,311,480,203,2300,216253.32,55302,-101,-13,-68,8,2300,203,-16,-103,-63,
260,38.915636066666664,-95.31790081666666,2025/Dec/17,10:41:58,311,480,203,2300,216253.32,55302,-101,-14,-67,8,2300,203,-13,-101,-68,2300,386,-18,-105,-80,2300,202,-20,-113,-79,
260,38.915636066666664,-95.31790075,2025/Dec/17,10:42:00,311,480,203,2300,216253.32,55302,-101,-14,-67,7,2300,203,-14,-101,-64,2300,332,-17,-101,-75,
260,38.915636066666664,-95.31790073333333,2025/Dec/17,10:42:01,311,480,203,2300,216253.32,55302,-102,-18,-63,8,2300,203,-18,-102,-64,2300,332,-20,-106,-76,2300,202,-20,-113,-77,
260,38.915636066666664,-95.31790071666667,2025/Dec/17,10:42:02,311,480,203,2300,216253.32,55302,-101,-14,-69,8,2300,203,-13,-101,-67,2300,332,-18,-105,-77,
260,38.91563608333333,-95.31790071666667,2025/Dec/17,10:42:03,311,480,203,2300,216253.32,55302,-101,-14,-68,6,2300,203,-14,-102,-69,2300,332,-15,-103,-78,
260,38.9156361,-95.31790071666667,2025/Dec/17,10:42:04,311,480,203,2300,216253.32,55302,-102,-18,-61,7,2300,203,-18,-101,-62,
260,38.91563611666667,-95.31790075,2025/Dec/17,10:42:05,311,480,203,2300,216253.32,55302,-102,-14,-68,9,2300,203,-14,-101,-68,2300,202,-20,-113,-78,
260,38.91563613333334,-95.31790075,2025/Dec/17,10:42:06,311,480,203,2300,216253.32,55302,-101,-13,-67,9,2300,203,-13,-101,-66,
260,38.91563615,-95.3179008,2025/Dec/17,10:42:07,311,480,203,2300,216253.32,55302,-101,-18,-63,8,2300,203,-18,-101,-62,2300,386,-20,-112,-75,2300,332,-19,-102,-75,
260,38.91563613333334,-95.31790081666666,2025/Dec/17,10:42:08,311,480,203,2300,216253.32,55302,-101,-13,-68,9,2300,203,-13,-101,-67,2300,386,-20,-113,-79,2300,332,-16,-102,-79,
260,38.91563611666667,-95.31790083333334,2025/Dec/17,10:42:09,311,480,203,2300,216253.32,55302,-101,-13,-68,8,2300,203,-13,-101,-68,2300,386,-20,-108,-79,2300,332,-16,-103,-79,
260,38.91563608333333,-95.3179008,2025/Dec/17,10:42:10,311,480,203,2300,216253.32,55302,-101,-13,-68,8,2300,203,-13,-101,-67,2300,332,-16,-103,-79,2300,386,-20,-108,-79,
260,38.91563595,-95.31790071666667,2025/Dec/17,10:42:12,311,480,203,2300,216253.32,55302,-102,-13,-68,8,2300,203,-16,-102,-64,2300,332,-17,-102,-75,
260,38.915635916666666,-95.31790071666667,2025/Dec/17,10:42:13,311,480,203,2300,216253.32,55302,-103,-19,-64,8,2300,203,-18,-103,-69,2300,332,-18,-103,-81,
260,38.915635916666666,-95.31790073333333,2025/Dec/17,10:42:14,311,480,203,2300,216253.32,55302,-103,-15,-67,7,2300,203,-16,-103,-67,
260,38.915635933333334,-95.31790075,2025/Dec/17,10:42:15,311,480,203,2300,216253.32,55302,-103,-17,-67,6,2300,203,-18,-103,-66,2300,332,-16,-101,-76,
260,38.915635933333334,-95.31790073333333,2025/Dec/17,10:42:16,311,480,203,2300,216253.32,55302,-101,-17,-67,7,2300,203,-16,-101,-67,
260,38.91563588333333,-95.31790068333333,2025/Dec/17,10:42:17,311,480,203,2300,216253.32,55302,-101,-14,-67,8,2300,203,-14,-101,-67,
260,38.91563583333333,-95.31790068333333,2025/Dec/17,10:42:18,311,480,203,2300,216253.32,55302,-101,-16,-61,8,2300,203,-17,-101,-67,
260,38.91563583333333,-95.31790066666667,2025/Dec/17,10:42:19,311,480,203,2300,216253.32,55302,-101,-16,-66,8,2300,203,-15,-101,-66,
260,38.915635816666665,-95.31790065,2025/Dec/17,10:42:20,311,480,203,2300,216253.32,55302,-101,-14,-66,8,2300,203,-14,-101,-66,
260,38.9156358,-95.31790058333333,2025/Dec/17,10:42:21,311,480,203,2300,216253.32,55302,-103,-18,-63,6,2300,203,-17,-103,-62,2300,332,-15,-99,-77,2300,386,-20,-105,-77,
260,38.9156358,-95.31790053333333,2025/Dec/17,10:42:22,311,480,203,2300,216253.32,55302,-101,-13,-67,8,2300,203,-18,-104,-68,2300,386,-20,-110,-78,2300,332,-20,-106,-78,
260,38.915635783333336,-95.31790053333333,2025/Dec/17,10:42:25,311,480,203,2300,216253.32,55302,-103,-16,-65,7,2300,203,-16,-103,-67,2300,386,-20,-107,-78,2300,332,-16,-102,-78,
260,38.915635716666664,-95.31790048333333,2025/Dec/17,10:42:27,311,480,203,2300,216253.32,55302,-103,-19,-62,8,2300,203,-19,-103,-63,2300,386,-20,-106,-76,2300,332,-18,-101,-76,
260,38.9156357,-95.31790048333333,2025/Dec/17,10:42:28,311,480,203,2300,216253.32,55302,-102,-13,-68,8,2300,203,-13,-102,-68,2300,386,-17,-104,-80,
260,38.915635716666664,-95.3179005,2025/Dec/17,10:42:29,311,480,203,2300,216253.32,55302,-103,-14,-70,8,2300,203,-15,-103,-68,2300,386,-20,-110,-76,
260,38.915635716666664,-95.31790046666667,2025/Dec/17,10:42:30,311,480,203,2300,216253.32,55302,-104,-20,-62,8,2300,203,-20,-103,-63,2300,386,-20,-106,-76,2300,332,-18,-102,-75,
260,38.91563566666667,-95.31790041666666,2025/Dec/17,10:42:31,311,480,203,2300,216253.32,55302,-101,-14,-68,9,2300,203,-14,-101,-67,2300,386,-20,-108,-79,
260,38.915635583333334,-95.31790036666666,2025/Dec/17,10:42:32,311,480,203,2300,216253.32,55302,-102,-16,-63,8,2300,203,-18,-102,-63,2300,386,-20,-110,-76,
260,38.9156355,-95.31790035,2025/Dec/17,10:42:33,311,480,203,2300,216253.32,55302,-103,-19,-63,8,2300,203,-15,-103,-67,2300,386,-15,-101,-79,2300,332,-18,-104,-79,
260,38.915635433333335,-95.31790041666666,2025/Dec/17,10:42:35,311,480,203,2300,216253.32,55302,-103,-19,-63,7,2300,203,-19,-103,-64,2300,332,-20,-106,-76,
260,38.915635433333335,-95.31790041666666,2025/Dec/17,10:42:36,311,480,203,2300,216253.32,55302,-103,-18,-69,8,2300,203,-17,-103,-67,2300,332,-19,-106,-77,
260,38.915635433333335,-95.31790036666666,2025/Dec/17,10:42:37,311,480,203,2300,216253.32,55302,-103,-16,-67,8,2300,203,-16,-103,-65,2300,386,-16,-101,-79,2300,110,-18,-104,-79,
260,38.91563545,-95.31790033333333,2025/Dec/17,10:42:38,311,480,203,2300,216253.32,55302,-103,-18,-63,8,2300,203,-18,-103,-64,2300,386,-17,-101,-75,
260,38.915635433333335,-95.31790028333333,2025/Dec/17,10:42:39,311,480,203,2300,216253.32,55302,-102,-16,-66,8,2300,203,-16,-102,-65,2300,386,-17,-103,-79,2300,110,-17,-103,-79,
260,38.9156354,-95.31790023333333,2025/Dec/17,10:42:40,311,480,203,2300,216253.32,55302,-102,-16,-66,7,2300,203,-16,-102,-66,2300,386,-17,-102,-77,2300,110,-18,-103,-78,
260,38.91563535,-95.3179002,2025/Dec/17,10:42:41,311,480,203,2300,216253.32,55302,-102,-18,-64,7,2300,203,-18,-102,-63,2300,110,-20,-105,-75,2300,386,-18,-102,-76,
260,38.91563536666666,-95.3179002,2025/Dec/17,10:42:42,311,480,203,2300,216253.32,55302,-102,-17,-68,8,2300,203,-16,-102,-67,2300,110,-18,-104,-77,
260,38.91563541666667,-95.31790006666667,2025/Dec/17,10:42:44,311,480,203,2300,216253.32,55302,-102,-16,-67,7,2300,203,-16,-102,-65,2300,110,-19,-104,-77,2300,386,-16,-102,-77,
260,38.915635433333335,-95.31790005,2025/Dec/17,10:42:45,311,480,203,2300,216253.32,55302,-103,-18,-64,7,2300,203,-18,-103,-63,2300,110,-20,-104,-75,2300,386,-18,-102,-75,2300,332,-17,-101,-75,
260,38.91563538333333,-95.31790001666667,2025/Dec/17,10:42:46,311,480,203,2300,216253.32,55302,-102,-15,-67,8,2300,203,-15,-102,-68,2300,110,-16,-103,-79,2300,386,-20,-107,-80,2300,332,-16,-102,-78,
260,38.91563523333333,-95.31789993333334,2025/Dec/17,10:42:48,311,480,203,2300,216253.32,55302,-102,-18,-64,8,2300,203,-18,-102,-64,2300,110,-18,-102,-75,2300,332,-20,-103,-75,2300,386,-20,-106,-75,
260,38.91563516666667,-95.31789986666666,2025/Dec/17,10:42:49,311,480,203,2300,216253.32,55302,-102,-15,-68,8,2300,203,-15,-102,-66,2300,110,-16,-102,-77,2300,332,-17,-103,-77,
260,38.9156351,-95.31789978333333,2025/Dec/17,10:42:50,311,480,203,2300,216253.32,55302,-102,-15,-65,8,2300,203,-15,-102,-67,2300,110,-17,-103,-77,2300,332,-17,-103,-77,
260,38.915635083333335,-95.31789973333333,2025/Dec/17,10:42:51,311,480,203,2300,216253.32,55302,-103,-17,-64,7,2300,203,-18,-102,-65,2300,110,-19,-103,-76,2300,332,-19,-104,-76,
260,38.91563505,-95.31789966666666,2025/Dec/17,10:42:52,311,480,203,2300,216253.32,55302,-102,-15,-68,8,2300,203,-18,-103,-63,2300,110,-20,-105,-75,2300,332,-20,-104,-75,
260,38.91563481666667,-95.31789951666667,2025/Dec/17,10:42:54,311,480,203,2300,216253.32,55302,-102,-15,-67,7,2300,203,-15,-102,-66,2300,110,-19,-105,-78,2300,332,-17,-102,-78,2300,386,-20,-106,-78,
260,38.91563465,-95.31789936666667,2025/Dec/17,10:42:56,311,480,203,2300,216253.32,55302,-102,-15,-63,7,2300,203,-16,-102,-64,2300,110,-20,-105,-78,2300,386,-20,-110,-78,
260,38.915634583333336,-95.3178993,2025/Dec/17,10:42:57,311,480,203,2300,216253.32,55302,-102,-17,-68,7,2300,203,-16,-102,-69,2300,110,-19,-104,-78,2300,386,-20,-109,-80,2300,332,-19,-104,-79,
260,38.91563453333333,-95.31789925,2025/Dec/17,10:42:58,311,480,203,2300,216253.32,55302,-102,-15,-65,8,2300,203,-17,-102,-62,2300,386,-20,-108,-75,2300,332,-19,-103,-75,
260,38.91563443333333,-95.31789923333334,2025/Dec/17,10:43:00,311,480,203,2300,216253.32,55302,-101,-15,-68,8,2300,203,-14,-102,-68,2300,332,-17,-104,-79,
260,38.915634366666666,-95.31789923333334,2025/Dec/17,10:43:01,311,480,203,2300,216253.32,55302,-101,-13,-67,8,2300,203,-14,-101,-67,2300,386,-15,-102,-77,
260,38.91563431666667,-95.31789921666666,2025/Dec/17,10:43:02,311,480,203,2300,216253.32,55302,-101,-17,-62,7,2300,203,-17,-101,-66,2300,386,-18,-101,-74,
260,38.915634266666665,-95.31789915,2025/Dec/17,10:43:03,311,480,203,2300,216253.32,55302,-101,-16,-67,8,2300,203,-15,-101,-68,2300,386,-15,-100,-79,
260,38.91563421666667,-95.31789905,2025/Dec/17,10:43:04,311,480,203,2300,216253.32,55302,-101,-15,-65,7,2300,203,-15,-101,-64,2300,386,-14,-100,-78,2300,110,-18,-104,-77,
260,38.91563416666666,-95.31789895,2025/Dec/17,10:43:05,311,480,203,2300,216253.32,55302,-102,-18,-62,7,2300,203,-19,-101,-62,2300,386,-18,-100,-74,2300,110,-20,-105,-74,
260,38.915634116666666,-95.31789886666667,2025/Dec/17,10:43:06,311,480,203,2300,216253.32,55302,-101,-16,-65,7,2300,203,-15,-101,-64,2300,386,-15,-99,-77,2300,110,-19,-104,-77,
260,38.91563405,-95.3178988,2025/Dec/17,10:43:07,311,480,203,2300,216253.32,55302,-101,-14,-68,7,2300,203,-14,-101,-67,2300,386,-17,-103,-78,2300,110,-15,-101,-78,
260,38.915633983333336,-95.31789876666667,2025/Dec/17,10:43:08,311,480,203,2300,216253.32,55302,-102,-18,-62,6,2300,203,-18,-102,-62,2300,386,-19,-102,-76,2300,110,-17,-101,-76,
260,38.9156339,-95.31789871666666,2025/Dec/17,10:43:09,311,480,203,2300,216253.32,55302,-102,-16,-66,7,2300,203,-14,-101,-66,
260,38.91563385,-95.3178987,2025/Dec/17,10:43:11,
260,38.91563355,-95.31789826666666,2025/Dec/17,10:43:37,311,480,203,2300,216253.32,55302,-101,-18,-62,7,2300,203,-18,-102,-63,2300,332,-19,-102,-74,
260,38.915633533333335,-95.3178982,2025/Dec/17,10:43:38,311,480,203,2300,216253.32,55302,-102,-16,-66,7,2300,203,-16,-102,-67,2300,332,-18,-104,-79,
260,38.91563351666667,-95.31789818333333,2025/Dec/17,10:43:39,311,480,203,2300,216253.32,55302,-102,-15,-65,8,2300,203,-15,-101,-67,2300,386,-16,-102,-78,
260,38.915633533333335,-95.31789815,2025/Dec/17,10:43:40,311,480,203,2300,216253.32,55302,-102,-19,-62,6,2300,203,-19,-102,-63,2300,386,-17,-100,-75,2300,110,-20,-103,-75,
260,38.91563358333333,-95.31789813333333,2025/Dec/17,10:43:41,311,480,203,2300,216253.32,55302,-102,-16,-65,7,2300,203,-16,-102,-65,2300,386,-15,-101,-78,2300,110,-17,-103,-78,
260,38.91563358333333,-95.31789811666667,2025/Dec/17,10:43:42,311,480,203,2300,216253.32,55302,-102,-15,-66,7,2300,203,-15,-102,-65,2300,386,-16,-102,-76,2300,110,-17,-102,-76,
260,38.91563355,-95.3178981,2025/Dec/17,10:43:43,311,480,203,2300,216253.32,55302,-102,-18,-63,7,2300,203,-19,-102,-64,2300,386,-20,-110,-76,2300,110,-17,-100,-76,
260,38.915633533333335,-95.3178981,2025/Dec/17,10:43:44,311,480,203,2300,216253.32,55302,-102,-16,-67,7,2300,203,-16,-102,-62,2300,110,-15,-101,-78,
260,38.9156335,-95.31789813333333,2025/Dec/17,10:43:45,311,480,203,2300,216253.32,55302,-102,-18,-63,7,2300,203,-19,-102,-63,2300,110,-19,-102,-75,
260,38.91563348333333,-95.31789818333333,2025/Dec/17,10:43:47,311,480,203,2300,216253.32,55302,-102,-18,-64,7,2300,203,-17,-103,-65,2300,110,-18,-103,-78,2300,386,-17,-103,-78,
260,38.91563348333333,-95.31789815,2025/Dec/17,10:43:48,311,480,203,2300,216253.32,55302,-102,-16,-67,8,2300,203,-16,-103,-68,2300,110,-20,-107,-78,2300,386,-18,-104,-78,
260,38.91563348333333,-95.31789811666667,2025/Dec/17,10:43:49,311,480,203,2300,216253.32,55302,-102,-19,-62,6,2300,203,-19,-102,-63,2300,386,-20,-107,-74,
260,38.91563346666667,-95.31789806666667,2025/Dec/17,10:43:50,311,480,203,2300,216253.32,55302,-105,-19,-67,5,2300,203,-19,-102,-62,2300,110,-20,-102,-74,2300,386,-15,-98,-74,
260,38.915633383333336,-95.31789793333333,2025/Dec/17,10:43:53,311,480,203,2300,216253.32,55302,-102,-18,-65,6,2300,203,-18,-102,-63,2300,386,-14,-98,-75,2300,110,-19,-103,-75,
260,38.91563335,-95.31789798333334,2025/Dec/17,10:43:54,311,480,203,2300,216253.32,55302,-102,-15,-67,7,2300,203,-15,-102,-67,2300,110,-15,-102,-78,
260,38.91563333333333,-95.317898,2025/Dec/17,10:43:55,311,480,203,2300,216253.32,55302,-101,-18,-63,7,2300,203,-19,-101,-63,2300,110,-20,-103,-75,2300,386,-17,-100,-75,
260,38.91563336666667,-95.317898,2025/Dec/17,10:43:56,311,480,203,2300,216253.32,55302,-101,-18,-63,6,2300,203,-17,-101,-65,2300,110,-17,-101,-77,2300,386,-14,-98,-77,
260,38.9156334,-95.317898,2025/Dec/17,10:43:57,311,480,203,2300,216253.32,55302,-104,-19,-63,5,2300,203,-19,-104,-64,2300,110,-18,-102,-75,2300,386,-14,-98,-75,
260,38.915633383333336,-95.317898,2025/Dec/17,10:43:59,311,480,203,2300,216253.32,55302,-102,-15,-65,6,2300,203,-15,-101,-66,2300,110,-16,-102,-77,2300,386,-13,-98,-77,
260,38.91563336666667,-95.31789805,2025/Dec/17,10:44:00,311,480,203,2300,216253.32,55302,-101,-16,-65,7,2300,203,-15,-100,-65,2300,202,-20,-111,-77,2300,386,-12,-97,-76,
260,38.9156334,-95.3178981,2025/Dec/17,10:44:01,311,480,203,2300,216253.32,55302,-101,-18,-63,8,2300,203,-18,-101,-61,2300,110,-20,-106,-73,2300,202,-20,-112,-73,
260,38.915633416666665,-95.31789813333333,2025/Dec/17,10:44:02,311,480,203,2300,216253.32,55302,-101,-15,-65,8,2300,203,-15,-102,-66,
260,38.91563345,-95.31789813333333,2025/Dec/17,10:44:03,311,480,203,2300,216253.32,55302,-100,-14,-67,7,2300,203,-14,-101,-65,
260,38.91563346666667,-95.31789813333333,2025/Dec/17,10:44:04,311,480,203,2300,216253.32,55302,-102,-19,-62,7,2300,203,-19,-101,-62,2300,110,-20,-103,-74,2300,386,-18,-101,-74,
260,38.91563346666667,-95.3178981,2025/Dec/17,10:44:05,311,480,203,2300,216253.32,55302,-101,-16,-64,7,2300,203,-16,-101,-64,2300,386,-14,-99,-77,2300,110,-16,-102,-77,
260,38.91563346666667,-95.31789806666667,2025/Dec/17,10:44:06,311,480,203,2300,216253.32,55302,-101,-16,-61,7,2300,203,-17,-101,-61,2300,386,-16,-99,-74,2300,110,-20,-103,-74,
260,38.91563345,-95.31789805,2025/Dec/17,10:44:07,311,480,203,2300,216253.32,55302,-100,-18,-61,7,2300,203,-19,-100,-61,2300,386,-18,-100,-74,2300,110,-20,-102,-74,
260,38.91563348333333,-95.31789803333334,2025/Dec/17,10:44:08,311,480,203,2300,216253.32,55302,-102,-18,-63,5,2300,203,-19,-101,-62,2300,386,-16,-98,-74,2300,110,-20,-103,-74,2300,202,-20,-112,-74,
260,38.91563348333333,-95.31789798333334,2025/Dec/17,10:44:10,311,480,203,2300,216253.32,55302,-100,-16,-66,9,2300,203,-15,-100,-65,2300,386,-20,-109,-77,2300,110,-17,-104,-77,
260,38.91563351666667,-95.317898,2025/Dec/17,10:44:11,311,480,203,2300,216253.32,55302,-100,-14,-66,8,2300,203,-14,-100,-66,
260,38.91563351666667,-95.31789801666666,2025/Dec/17,10:44:12,311,480,203,2300,216253.32,55302,-100,-18,-60,7,2300,203,-18,-100,-61,2300,386,-15,-97,-73,
260,38.915633533333335,-95.31789803333334,2025/Dec/17,10:44:13,311,480,203,2300,216253.32,55302,-102,-17,-66,6,2300,203,-16,-102,-67,2300,386,-12,-98,-78,
260,38.91563356666666,-95.31789806666667,2025/Dec/17,10:44:14,311,480,203,2300,216253.32,55302,-101,-15,-66,6,2300,203,-15,-101,-65,2300,386,-12,-98,-77,
260,38.91563358333333,-95.31789806666667,2025/Dec/17,10:44:15,311,480,203,2300,216253.32,55302,-101,-19,-61,6,2300,203,-19,-101,-61,2300,386,-15,-98,-75,2300,110,-20,-105,-75,
260,38.91563356666666,-95.31789805,2025/Dec/17,10:44:16,311,480,203,2300,216253.32,55302,-100,-15,-65,7,2300,203,-16,-100,-63,2300,386,-13,-98,-78,
260,38.91563356666666,-95.317898,2025/Dec/17,10:44:17,311,480,203,2300,216253.32,55302,-100,-15,-65,7,2300,203,-15,-100,-65,2300,386,-13,-98,-78,2300,110,-17,-103,-78,
260,38.91563356666666,-95.31789798333334,2025/Dec/17,10:44:18,311,480,203,2300,216253.32,55302,-101,-16,-63,7,2300,203,-17,-101,-62,2300,386,-15,-99,-76,
260,38.91563355,-95.31789791666667,2025/Dec/17,10:44:21,
260,38.915633383333336,-95.3178981,2025/Dec/17,10:45:07,311,480,203,5230,216253.3,55302,-91,-14,-58,7,5230,203,-14,-91,-58,5230,386,-15,-93,-70,
260,38.9156334,-95.31789803333334,2025/Dec/17,10:45:09,311,480,203,5230,216253.3,55302,-91,-15,-56,9,5230,203,-16,-91,-55,5230,386,-17,-93,-66,
260,38.915633383333336,-95.31789801666666,2025/Dec/17,10:45:10,311,480,203,5230,216253.3,55302,-90,-17,-56,10,5230,203,-17,-91,-60,5230,386,-18,-93,-68,
260,38.91563336666667,-95.31789801666666,2025/Dec/17,10:45:11,311,480,203,5230,216253.3,55302,-91,-16,-56,9,5230,203,-16,-91,-58,5230,386,-17,-93,-68,
260,38.915633383333336,-95.31789803333334,2025/Dec/17,10:45:12,311,480,203,5230,216253.3,55302,-91,-16,-56,8,5230,203,-17,-91,-56,5230,386,-17,-93,-67,
260,38.915633383333336,-95.31789805,2025/Dec/17,10:45:13,311,480,203,5230,216253.3,55302,-91,-16,-56,8,5230,203,-14,-91,-57,5230,386,-16,-93,-69,5230,330,-18,-95,-70,
260,38.915633283333335,-95.31789821666666,2025/Dec/17,10:45:16,311,480,203,5230,216253.3,55302,-91,-14,-59,8,5230,203,-15,-91,-61,5230,386,-15,-92,-69,
260,38.91563323333333,-95.31789825,2025/Dec/17,10:45:17,311,480,203,5230,216253.3,55302,-91,-17,-56,8,5230,203,-17,-91,-57,5230,386,-17,-92,-67,
260,38.91563321666667,-95.31789828333334,2025/Dec/17,10:45:18,311,480,203,5230,216253.3,55302,-92,-15,-59,8,5230,203,-14,-92,-61,5230,386,-15,-93,-71,5230,330,-16,-94,-71,
260,38.915633183333334,-95.31789831666667,2025/Dec/17,10:45:20,311,480,203,5230,216253.3,55302,-91,-17,-56,9,5230,203,-17,-91,-56,5230,386,-19,-94,-66,5230,330,-19,-94,-66,
260,38.91563313333333,-95.31789835,2025/Dec/17,10:45:21,311,480,203,5230,216253.3,55302,-91,-15,-59,9,5230,203,-15,-91,-56,5230,386,-19,-96,-70,5230,330,-17,-94,-69,
260,38.91563308333333,-95.3178984,2025/Dec/17,10:45:22,311,480,203,5230,216253.3,55302,-91,-15,-59,9,5230,203,-14,-91,-60,5230,386,-17,-95,-71,5230,330,-16,-94,-70,
260,38.91563305,-95.31789843333334,2025/Dec/17,10:45:23,311,480,203,5230,216253.3,55302,-91,-17,-57,8,5230,203,-17,-91,-56,5230,386,-19,-95,-68,5230,330,-19,-95,-68,
260,38.915633033333336,-95.31789845,2025/Dec/17,10:45:24,311,480,203,5230,216253.3,55302,-91,-18,-56,9,5230,203,-18,-91,-55,5230,386,-20,-95,-66,5230,330,-20,-95,-66,
260,38.91563298333333,-95.3178985,2025/Dec/17,10:45:25,311,480,203,5230,216253.3,55302,-91,-15,-60,8,5230,203,-15,-91,-56,5230,386,-18,-95,-67,5230,330,-18,-94,-67,
260,38.915632966666664,-95.31789851666667,2025/Dec/17,10:45:26,311,480,203,5230,216253.3,55302,-91,-18,-55,8,5230,203,-18,-91,-56,5230,386,-19,-94,-66,
260,38.915632966666664,-95.31789853333333,2025/Dec/17,10:45:27,311,480,203,5230,216253.3,55302,-91,-15,-62,9,5230,203,-14,-91,-62,5230,386,-16,-94,-70,
260,38.91563298333333,-95.31789856666667,2025/Dec/17,10:45:28,311,480,203,5230,216253.3,55302,-92,-13,-62,9,5230,203,-13,-92,-62,5230,386,-16,-95,-72,5230,330,-15,-94,-72,
260,38.915633,-95.3178986,2025/Dec/17,10:45:29,311,480,386,775,216150.34,55302,-96,-18,-63,11,775,110,-20,-98,-70,775,386,-18,-95,-63,775,203,-20,-104,-70,
260,38.91563286666667,-95.3178988,2025/Dec/17,10:45:31,311,480,203,2300,216253.32,55302,-102,-15,-66,7,2300,203,-14,-102,-65,2300,386,-15,-102,-79,2300,332,-15,-101,-79,
250,38.91563275,-95.31789893333334,2025/Dec/17,10:45:32,311,480,203,2300,216253.32,55302,-100,-14,-67,8,2300,203,-14,-100,-67,2300,386,-16,-102,-79,
240,38.9156327,-95.31789898333334,2025/Dec/17,10:45:33,311,480,203,2300,216253.32,55302,-101,-17,-63,8,2300,203,-17,-101,-63,2300,386,-20,-104,-75,
240,38.9156327,-95.317899,2025/Dec/17,10:45:34,311,480,203,2300,216253.32,55302,-102,-15,-68,8,2300,203,-15,-102,-67,2300,386,-18,-104,-78,
240,38.915632683333335,-95.317899,2025/Dec/17,10:45:35,311,480,203,2300,216253.32,55302,-102,-15,-66,8,2300,203,-14,-102,-68,2300,332,-15,-103,-81,
240,38.91563263333333,-95.31789905,2025/Dec/17,10:45:36,311,480,203,2300,216253.32,55302,-103,-18,-65,7,2300,203,-18,-102,-65,2300,332,-17,-102,-77,
250,38.915632566666666,-95.31789906666667,2025/Dec/17,10:45:37,311,480,203,2300,216253.32,55302,-101,-15,-65,8,2300,203,-15,-101,-66,
250,38.915632566666666,-95.31789901666667,2025/Dec/17,10:45:38,311,480,203,2300,216253.32,55302,-103,-15,-67,6,2300,203,-15,-103,-65,2300,110,-16,-102,-78,
250,38.91563253333333,-95.31789901666667,2025/Dec/17,10:45:39,311,480,203,2300,216253.32,55302,-103,-19,-63,7,2300,203,-19,-102,-63,2300,110,-17,-100,-74,
250,38.91563248333333,-95.317899,2025/Dec/17,10:45:40,311,480,203,2300,216253.32,55302,-101,-15,-67,7,2300,203,-15,-101,-65,2300,110,-16,-101,-77,2300,332,-15,-101,-78,
250,38.915632433333336,-95.31789905,2025/Dec/17,10:45:41,311,480,203,2300,216253.32,55302,-102,-15,-65,7,2300,203,-18,-101,-63,2300,386,-17,-100,-75,
250,38.91563213333333,-95.31789921666666,2025/Dec/17,10:45:46,311,480,203,2300,216253.32,55302,-103,-17,-66,7,2300,203,-17,-103,-64,2300,386,-14,-100,-79,2300,332,-18,-104,-79,
250,38.91563205,-95.31789928333333,2025/Dec/17,10:45:47,311,480,203,2300,216253.32,55302,-103,-18,-63,6,2300,203,-19,-103,-63,2300,386,-14,-98,-76,2300,332,-17,-102,-76,
250,38.915631966666666,-95.31789936666667,2025/Dec/17,10:45:48,311,480,203,2300,216253.32,55302,-103,-19,-66,6,2300,203,-19,-103,-65,2300,386,-14,-98,-77,2300,332,-20,-106,-78,
250,38.91563193333333,-95.31789938333333,2025/Dec/17,10:45:49,311,480,203,2300,216253.32,55302,-103,-17,-67,7,2300,203,-17,-103,-65,2300,386,-17,-103,-79,2300,332,-20,-107,-77,2300,110,-14,-99,-78,
250,38.91563193333333,-95.31789936666667,2025/Dec/17,10:45:50,311,480,203,2300,216253.32,55302,-103,-18,-63,6,2300,203,-19,-103,-62,2300,332,-20,-111,-74,2300,386,-15,-99,-75,
250,38.9156319,-95.31789936666667,2025/Dec/17,10:45:51,311,480,203,2300,216253.32,55302,-101,-18,-65,8,2300,203,-17,-101,-65,2300,386,-16,-101,-78,
250,38.91563188333333,-95.31789936666667,2025/Dec/17,10:45:52,311,480,203,2300,216253.32,55302,-104,-17,-68,6,2300,203,-18,-104,-65,2300,332,-18,-104,-79,2300,386,-15,-101,-78,
250,38.91563188333333,-95.31789933333333,2025/Dec/17,10:45:53,311,480,203,2300,216253.32,55302,-101,-17,-65,9,2300,203,-15,-101,-66,
250,38.91563178333333,-95.31789945,2025/Dec/17,10:45:55,311,480,203,2300,216253.32,55302,-101,-14,-67,10,2300,203,-14,-101,-65,2300,332,-20,-110,-78,
250,38.915631766666664,-95.31789943333334,2025/Dec/17,10:45:56,311,480,203,2300,216253.32,55302,-101,-18,-62,7,2300,203,-19,-101,-62,2300,332,-20,-109,-74,
250,38.91563171666667,-95.31789946666666,2025/Dec/17,10:45:57,311,480,203,2300,216253.32,55302,-102,-16,-66,8,2300,203,-16,-102,-67,2300,332,-20,-112,-78,
250,38.9156317,-95.31789946666666,2025/Dec/17,10:45:58,311,480,203,2300,216253.32,55302,-102,-16,-67,9,2300,203,-15,-101,-65,2300,332,-20,-109,-77,
250,38.91563168333333,-95.31789946666666,2025/Dec/17,10:45:59,311,480,203,2300,216253.32,55302,-101,-18,-65,9,2300,203,-18,-101,-62,2300,332,-20,-108,-75,
250,38.91563168333333,-95.31789948333333,2025/Dec/17,10:46:00,311,480,203,2300,216253.32,55302,-102,-15,-67,9,2300,203,-14,-101,-67,
250,38.91563165,-95.31789948333333,2025/Dec/17,10:46:01,311,480,203,2300,216253.32,55302,-101,-14,-67,8,2300,203,-15,-101,-67,
250,38.91563165,-95.31789951666667,2025/Dec/17,10:46:02,311,480,203,2300,216253.32,55302,-102,-18,-63,8,2300,203,-18,-102,-67,
250,38.91563165,-95.31789953333333,2025/Dec/17,10:46:03,311,480,203,2300,216253.32,55302,-102,-14,-68,8,2300,203,-14,-102,-68,2300,110,-17,-103,-78,2300,202,-20,-115,-79,
250,38.915631633333334,-95.31789953333333,2025/Dec/17,10:46:04,311,480,203,2300,216253.32,55302,-102,-15,-68,8,2300,203,-15,-102,-66,2300,110,-16,-103,-78,2300,202,-20,-115,-79,
250,38.915631633333334,-95.31789955,2025/Dec/17,10:46:06,311,480,203,2300,216253.32,55302,-101,-15,-67,8,2300,203,-14,-101,-69,2300,110,-16,-103,-79,
250,38.91563165,-95.31789955,2025/Dec/17,10:46:07,311,480,203,2300,216253.32,55302,-102,-17,-63,8,2300,203,-18,-103,-65,2300,332,-20,-109,-77,
250,38.91563165,-95.31789956666667,2025/Dec/17,10:46:08,311,480,203,2300,216253.32,55302,-105,-19,-65,7,2300,203,-19,-105,-64,2300,332,-20,-108,-77,
250,38.915631616666666,-95.31789958333333,2025/Dec/17,10:46:09,311,480,203,2300,216253.32,55302,-107,-20,-66,5,2300,203,-20,-107,-66,2300,332,-20,-107,-78,
250,38.915631616666666,-95.31789958333333,2025/Dec/17,10:46:10,311,480,203,2300,216253.32,55302,-106,-18,-66,5,2300,203,-19,-107,-66,2300,386,-13,-100,-78,
250,38.915631616666666,-95.31789961666666,2025/Dec/17,10:46:11,65535,65535,386,-1,16777215.255,65535,-89,-7,-75,0,775,386,-10,-91,-67,
250,38.915631616666666,-95.31789953333333,2025/Dec/17,10:46:14,311,480,203,2300,216253.32,55302,-105,-18,-66,6,2300,203,-19,-105,-65,2300,386,-19,-104,-77,2300,110,-18,-104,-77,
260,38.9156316,-95.31789948333333,2025/Dec/17,10:46:15,311,480,203,2300,216253.32,55302,-102,-14,-68,7,2300,203,-14,-102,-68,2300,386,-16,-104,-79,
260,38.91563158333334,-95.3178994,2025/Dec/17,10:46:16,311,480,203,2300,216253.32,55302,-102,-18,-63,7,2300,203,-19,-103,-64,2300,386,-16,-101,-77,
260,38.9156315,-95.31789935,2025/Dec/17,10:46:18,311,480,203,2300,216253.32,55302,-103,-18,-67,7,2300,203,-17,-102,-66,2300,386,-15,-101,-78,2300,332,-15,-101,-78,
260,38.9156315,-95.31789936666667,2025/Dec/17,10:46:19,311,480,203,2300,216253.32,55302,-102,-16,-66,6,2300,203,-17,-103,-67,2300,386,-15,-101,-79,2300,332,-14,-100,-79,
260,38.9156315,-95.31789936666667,2025/Dec/17,10:46:20,311,480,203,2300,216253.32,55302,-102,-18,-62,6,2300,203,-18,-102,-62,2300,386,-17,-100,-74,2300,332,-17,-100,-74,
260,38.915631483333335,-95.31789938333333,2025/Dec/17,10:46:21,311,480,203,2300,216253.32,55302,-102,-16,-66,7,2300,203,-15,-102,-66,2300,386,-14,-101,-79,2300,332,-14,-101,-79,
260,38.915631483333335,-95.3178994,2025/Dec/17,10:46:22,311,480,203,2300,216253.32,55302,-102,-16,-65,7,2300,203,-16,-102,-65,2300,332,-14,-100,-77,2300,386,-14,-100,-77,
260,38.915631483333335,-95.3178994,2025/Dec/17,10:46:23,311,480,203,2300,216253.32,55302,-102,-19,-61,6,2300,203,-19,-102,-63,2300,332,-17,-100,-75,2300,386,-17,-100,-75,
260,38.915631483333335,-95.31789941666666,2025/Dec/17,10:46:24,311,480,203,2300,216253.32,55302,-102,-16,-66,6,2300,203,-16,-102,-66,2300,332,-14,-100,-77,2300,386,-15,-101,-77,
260,38.915631483333335,-95.31789941666666,2025/Dec/17,10:46:25,311,480,203,2300,216253.32,55302,-102,-17,-64,6,2300,203,-18,-102,-64,2300,332,-14,-100,-78,2300,386,-15,-101,-78,
260,38.9156315,-95.31789943333334,2025/Dec/17,10:46:26,311,480,203,2300,216253.32,55302,-104,-20,-62,6,2300,203,-20,-104,-64,2300,332,-16,-101,-77,2300,386,-15,-100,-77,
260,38.9156315,-95.31789945,2025/Dec/17,10:46:27,311,480,203,2300,216253.32,55302,-102,-17,-64,6,2300,203,-17,-102,-65,2300,386,-16,-101,-77,
260,38.91563153333333,-95.31789948333333,2025/Dec/17,10:46:28,311,480,203,2300,216253.32,55302,-102,-18,-64,7,2300,203,-19,-102,-63,2300,386,-17,-101,-76,
260,38.91563158333334,-95.31789941666666,2025/Dec/17,10:46:30,311,480,203,2300,216253.32,55302,-103,-19,-65,6,2300,203,-18,-103,-65,2300,386,-13,-98,-77,
260,38.915631616666666,-95.31789933333333,2025/Dec/17,10:46:31,311,480,203,2300,216253.32,55302,-103,-19,-66,6,2300,203,-19,-103,-65,2300,386,-13,-98,-78,
260,38.915631733333335,-95.3178992,2025/Dec/17,10:46:32,311,480,203,2300,216253.32,55302,-104,-20,-62,5,2300,203,-20,-104,-62,2300,386,-14,-97,-74,2300,332,-20,-103,-74,
260,38.9156318,-95.31789905,2025/Dec/17,10:46:33,311,480,386,2300,216150.32,55302,-102,-16,-66,9,2300,203,-20,-108,-79,2300,386,-15,-102,-67,2300,332,-14,-102,-79,
260,38.91563185,-95.31789888333333,2025/Dec/17,10:46:34,311,480,386,2300,216150.32,55302,-104,-18,-66,7,2300,332,-16,-102,-78,2300,386,-18,-104,-64,2300,203,-19,-106,-78,
260,38.9156319,-95.31789876666667,2025/Dec/17,10:46:35,311,480,386,2300,216150.32,55302,-100,-17,-62,10,2300,203,-20,-106,-74,2300,386,-17,-100,-66,
260,38.91563193333333,-95.31789865,2025/Dec/17,10:46:36,311,480,386,2300,216150.32,55302,-101,-14,-67,9,2300,203,-17,-106,-80,2300,386,-14,-101,-67,2300,332,-16,-105,-80,
260,38.91563195,-95.31789861666667,2025/Dec/17,10:46:37,311,480,386,2300,216150.32,55302,-99,-13,-66,10,2300,203,-20,-107,-79,2300,386,-12,-99,-66,
250,38.915630166666666,-95.31790156666666,2025/Dec/17,10:46:38,311,480,386,2300,216150.32,55302,-98,-19,-57,9,2300,203,-20,-106,-72,2300,386,-18,-98,-61,
260,38.915628866666665,-95.31790433333333,2025/Dec/17,10:46:39,311,480,386,2300,216150.32,55302,-102,-15,-64,8,2300,203,-18,-104,-78,2300,386,-15,-101,-67,2300,332,-14,-100,-78,
260,38.915633,-95.31790001666667,2025/Dec/17,10:46:43,311,480,386,2300,216150.32,55302,-101,-17,-68,8,2300,203,-18,-103,-77,2300,386,-18,-102,-63,2300,332,-16,-101,-77,
260,38.915637016666665,-95.31789945,2025/Dec/17,10:46:44,311,480,386,2300,216150.32,55302,-104,-20,-63,7,2300,203,-17,-103,-79,2300,386,-20,-104,-66,2300,332,-15,-101,-78,2300,202,-20,-114,-79,
260,38.91563693333333,-95.31789536666666,2025/Dec/17,10:46:45,311,480,386,2300,216150.32,55302,-101,-16,-64,8,2300,203,-18,-103,-77,2300,386,-17,-101,-65,2300,332,-17,-103,-77,
250,38.915626233333334,-95.31788186666667,2025/Dec/17,10:46:47,311,480,386,2300,216150.32,55302,-99,-14,-65,9,2300,203,-17,-103,-79,2300,386,-14,-99,-65,2300,202,-20,-115,-79,
250,38.91562261666667,-95.31788001666666,2025/Dec/17,10:46:48,311,480,386,2300,216150.32,55302,-100,-17,-62,9,2300,203,-17,-103,-78,2300,386,-17,-101,-66,2300,202,-20,-115,-78,
250,38.9156208,-95.31788193333334,2025/Dec/17,10:46:49,311,480,386,2300,216150.32,55302,-103,-19,-62,8,2300,203,-20,-106,-76,2300,386,-19,-102,-62,2300,332,-18,-102,-76,
250,38.91561948333333,-95.31788255,2025/Dec/17,10:46:50,311,480,386,2300,216150.32,55302,-104,-19,-65,7,2300,203,-15,-103,-80,2300,386,-18,-104,-67,
250,38.91561911666667,-95.31788296666667,2025/Dec/17,10:46:51,311,480,386,2300,216150.32,55302,-103,-17,-67,7,2300,203,-15,-102,-79,2300,386,-17,-103,-67,2300,332,-17,-104,-79,
250,38.9156203,-95.31788198333334,2025/Dec/17,10:46:52,311,480,386,2300,216150.32,55302,-104,-19,-66,7,2300,203,-15,-102,-80,2300,386,-18,-104,-67,2300,332,-16,-103,-80,
250,38.91562105,-95.31788268333334,2025/Dec/17,10:46:54,311,480,386,775,216150.34,55302,-91,-10,-67,12,775,386,-9,-91,-67,
250,38.91561948333333,-95.3178842,2025/Dec/17,10:46:55,311,480,203,5230,216253.3,55302,-90,-16,-56,8,5230,203,-17,-91,-56,5230,386,-20,-100,-66,
240,38.91561876666667,-95.31788476666667,2025/Dec/17,10:46:56,311,480,203,2300,216253.32,55302,-101,-16,-66,6,2300,203,-16,-102,-66,2300,332,-18,-104,-79,2300,386,-13,-98,-79,2300,202,-20,-113,-79,
250,38.91561845,-95.31788468333333,2025/Dec/17,10:46:57,311,480,203,2300,216253.32,55302,-102,-16,-64,7,2300,203,-16,-102,-65,2300,202,-20,-113,-74,
250,38.91561825,-95.31788463333334,2025/Dec/17,10:46:58,311,480,203,2300,216253.32,55302,-102,-19,-63,8,2300,203,-19,-101,-61,2300,202,-20,-113,-75,2300,332,-20,-108,-75,
250,38.9156173,-95.31788558333334,2025/Dec/17,10:47:00,311,480,203,2300,216253.32,55302,-101,-16,-67,8,2300,203,-15,-101,-66,2300,386,-15,-101,-77,2300,332,-20,-105,-77,
250,38.915617383333334,-95.3178855,2025/Dec/17,10:47:01,311,480,203,2300,216253.32,55302,-101,-15,-65,7,2300,203,-16,-101,-65,2300,386,-13,-99,-77,2300,202,-20,-112,-77,2300,332,-19,-105,-77,
250,38.91561746666667,-95.3178854,2025/Dec/17,10:47:02,311,480,203,2300,216253.32,55302,-101,-19,-62,7,2300,203,-19,-102,-61,2300,386,-16,-99,-74,
250,38.9156175,-95.31788535,2025/Dec/17,10:47:03,311,480,203,2300,216253.32,55302,-103,-18,-67,5,2300,203,-17,-103,-66,2300,386,-13,-99,-79,2300,332,-16,-102,-79,2300,202,-20,-115,-79,
250,38.915617516666664,-95.31788533333334,2025/Dec/17,10:47:04,311,480,203,2300,216253.32,55302,-102,-15,-65,7,2300,203,-14,-101,-67,2300,332,-18,-105,-80,
250,38.91561756666667,-95.31788528333334,2025/Dec/17,10:47:05,311,480,203,2300,216253.32,55302,-102,-16,-69,7,2300,203,-15,-102,-66,2300,332,-15,-102,-80,
250,38.9156176,-95.3178852,2025/Dec/17,10:47:07,311,480,203,2300,216253.32,55302,-102,-15,-66,6,2300,203,-15,-102,-67,2300,332,-16,-103,-79,2300,446,-20,-118,-82,
250,38.9156176,-95.31788516666667,2025/Dec/17,10:47:08,311,480,203,2300,216253.32,55302,-103,-19,-64,7,2300,203,-19,-103,-63,2300,332,-20,-107,-77,2300,202,-20,-114,-77,
250,38.9156176,-95.31788516666667,2025/Dec/17,10:47:09,311,480,203,2300,216253.32,55302,-105,-19,-65,5,2300,203,-17,-104,-68,2300,332,-17,-105,-80,2300,110,-15,-103,-80,
250,38.915617583333336,-95.31788516666667,2025/Dec/17,10:47:12,311,480,203,2300,216253.32,55302,-104,-17,-67,7,2300,203,-16,-104,-67,2300,332,-16,-104,-79,2300,110,-15,-102,-79,
250,38.91561756666667,-95.31788515,2025/Dec/17,10:47:13,311,480,203,2300,216253.32,55302,-107,-18,-69,5,2300,203,-19,-107,-69,2300,332,-20,-109,-80,2300,110,-15,-103,-80,2300,202,-20,-117,-80,
250,38.91561756666667,-95.31788515,2025/Dec/17,10:47:14,311,480,203,2300,216253.32,55302,-106,-20,-65,5,2300,203,-20,-105,-64,2300,332,-17,-103,-77,2300,110,-16,-102,-78,2300,281,-20,-107,-78,2300,202,-20,-114,-78,2300,34,-20,-114,-77,
250,38.91561756666667,-95.31788515,2025/Dec/17,10:47:15,311,480,203,2300,216253.32,55302,-104,-19,-66,5,775,386,-10,-90,-67,
250,38.91561756666667,-95.31788515,2025/Dec/17,10:47:16,311,480,386,2300,216150.32,55302,-103,-20,-62,8,2300,386,-20,-103,-64,2300,203,-20,-107,-76,2300,332,-18,-102,-76,
250,38.91561756666667,-95.31788515,2025/Dec/17,10:47:18,311,480,386,2300,216150.32,55302,-104,-18,-66,8,2300,386,-18,-104,-66,
250,38.91561756666667,-95.31788515,2025/Dec/17,10:47:19,311,480,386,775,216150.34,55302,-92,-14,-64,11,775,386,-14,-93,-64,775,110,-14,-95,-73,
250,38.91561756666667,-95.31788513333333,2025/Dec/17,10:47:20,311,480,386,5230,216150.3,55302,-93,-17,-58,5,5230,386,-18,-94,-58,
240,38.91561756666667,-95.31788513333333,2025/Dec/17,10:47:21,311,480,386,5230,216150.3,55302,-94,-18,-58,5,5230,386,-18,-94,-62,
240,38.91561755,-95.31788513333333,2025/Dec/17,10:47:22,311,480,386,5230,216150.3,55302,-93,-15,-62,5,5230,386,-14,-93,-62,
240,38.91561755,-95.31788513333333,2025/Dec/17,10:47:23,311,480,386,5230,216150.3,55302,-92,-15,-61,6,5230,386,-16,-92,-58,
240,38.91561753333333,-95.31788513333333,2025/Dec/17,10:47:24,311,480,386,5230,216150.3,55302,-93,-18,-58,6,5230,386,-17,-93,-62,
240,38.91561753333333,-95.31788513333333,2025/Dec/17,10:47:25,311,480,386,5230,216150.3,55302,-93,-13,-61,5,5230,386,-13,-93,-62,5230,203,-11,-92,-72,
240,38.91561753333333,-95.31788511666667,2025/Dec/17,10:47:26,311,480,386,5230,216150.3,55302,-93,-16,-58,5,5230,386,-17,-94,-59,5230,203,-13,-90,-69,
240,38.91561753333333,-95.31788511666667,2025/Dec/17,10:47:27,311,480,386,5230,216150.3,55302,-94,-17,-62,5,5230,386,-16,-94,-62,5230,203,-12,-91,-72,
240,38.91561753333333,-95.3178851,2025/Dec/17,10:47:28,311,480,386,5230,216150.3,55302,-92,-17,-57,7,5230,386,-18,-92,-58,
240,38.91561755,-95.3178851,2025/Dec/17,10:47:30,311,480,386,5230,216150.3,55302,-93,-18,-58,6,5230,386,-17,-93,-59,5230,203,-14,-91,-71,
240,38.91561755,-95.31788508333334,2025/Dec/17,10:47:31,311,480,386,5230,216150.3,55302,-92,-14,-61,6,5230,386,-14,-92,-61,5230,203,-13,-91,-69,
240,38.91561755,-95.31788508333334,2025/Dec/17,10:47:32,311,480,386,5230,216150.3,55302,-92,-16,-57,5,5230,386,-17,-92,-57,5230,203,-16,-91,-67,
240,38.91561755,-95.31788506666666,2025/Dec/17,10:47:33,311,480,386,5230,216150.3,55302,-92,-18,-61,6,5230,386,-16,-92,-61,
240,38.91561755,-95.31788506666666,2025/Dec/17,10:47:34,311,480,386,5230,216150.3,55302,-92,-13,-61,6,5230,386,-13,-92,-61,
240,38.91561755,-95.31788506666666,2025/Dec/17,10:47:35,311,480,386,5230,216150.3,55302,-92,-17,-58,5,5230,386,-17,-92,-57,5230,203,-16,-92,-67,
240,38.91561755,-95.31788506666666,2025/Dec/17,10:47:36,311,480,386,5230,216150.3,55302,-93,-17,-62,5,5230,386,-16,-93,-60,5230,203,-14,-92,-70,
240,38.91561755,-95.31788506666666,2025/Dec/17,10:47:37,311,480,386,5230,216150.3,55302,-93,-18,-56,7,5230,386,-15,-93,-61,5230,203,-13,-92,-71,
240,38.915617516666664,-95.31788505,2025/Dec/17,10:47:40,311,480,386,5230,216150.3,55302,-92,-18,-57,6,5230,386,-18,-92,-57,5230,203,-17,-92,-67,
240,38.915617516666664,-95.31788505,2025/Dec/17,10:47:42,311,480,386,5230,216150.3,55302,-92,-18,-57,6,5230,386,-16,-93,-61,5230,203,-14,-92,-72,
240,38.915617516666664,-95.31788503333334,2025/Dec/17,10:47:43,311,480,386,5230,216150.3,55302,-92,-14,-61,6,5230,386,-14,-92,-60,5230,203,-13,-92,-70,
240,38.91561753333333,-95.31788503333334,2025/Dec/17,10:47:44,311,480,386,5230,216150.3,55302,-92,-16,-57,6,5230,386,-17,-93,-57,
240,38.91561753333333,-95.31788503333334,2025/Dec/17,10:47:45,311,480,386,775,216150.34,55302,-88,-17,-57,14,775,386,-15,-89,-64,
240,38.91561753333333,-95.31788503333334,2025/Dec/17,10:47:46,311,480,203,2300,216253.32,55302,-102,-15,-67,8,2300,203,-15,-102,-68,2300,332,-17,-105,-80,2300,202,-20,-115,-80,
240,38.91561755,-95.31788501666666,2025/Dec/17,10:47:47,311,480,203,2300,216253.32,55302,-102,-16,-63,8,2300,203,-16,-102,-64,2300,332,-19,-105,-77,2300,202,-20,-113,-77,
240,38.91561755,-95.317885,2025/Dec/17,10:47:48,311,480,203,2300,216253.32,55302,-102,-17,-64,8,2300,203,-17,-102,-68,2300,332,-19,-104,-76,2300,202,-20,-112,-76,
240,38.91561755,-95.317885,2025/Dec/17,10:47:49,311,480,203,2300,216253.32,55302,-101,-14,-67,9,2300,203,-14,-101,-65,2300,332,-17,-106,-79,2300,202,-20,-113,-79,
240,38.91561755,-95.31788498333333,2025/Dec/17,10:47:50,311,480,203,2300,216253.32,55302,-102,-16,-64,9,2300,203,-17,-102,-64,2300,332,-20,-105,-77,2300,202,-20,-113,-77,
240,38.91561753333333,-95.31788498333333,2025/Dec/17,10:47:51,311,480,203,2300,216253.32,55302,-102,-18,-62,8,2300,203,-18,-102,-65,2300,332,-20,-105,-76,2300,202,-20,-111,-76,
240,38.91561753333333,-95.31788498333333,2025/Dec/17,10:47:52,311,480,203,2300,216253.32,55302,-101,-16,-62,7,2300,203,-17,-101,-63,2300,332,-19,-104,-77,2300,202,-20,-113,-76,
240,38.91561753333333,-95.317885,2025/Dec/17,10:47:54,311,480,203,2300,216253.32,55302,-101,-18,-62,7,2300,203,-16,-101,-65,2300,332,-18,-103,-78,2300,202,-20,-112,-78,2300,386,-15,-100,-78,
240,38.91561753333333,-95.317885,2025/Dec/17,10:47:55,311,480,203,2300,216253.32,55302,-101,-15,-65,7,2300,203,-15,-101,-65,2300,332,-19,-106,-79,2300,202,-20,-112,-78,
240,38.915617516666664,-95.317885,2025/Dec/17,10:47:56,311,480,203,2300,216253.32,55302,-101,-17,-63,7,2300,203,-18,-101,-63,2300,332,-19,-103,-76,2300,202,-20,-114,-76,
240,38.915617516666664,-95.31788501666666,2025/Dec/17,10:47:57,311,480,203,2300,216253.32,55302,-102,-17,-66,6,2300,203,-16,-102,-67,2300,332,-16,-102,-78,2300,202,-20,-113,-78,
240,38.915617516666664,-95.31788501666666,2025/Dec/17,10:47:58,311,480,203,2300,216253.32,55302,-102,-16,-64,6,2300,203,-16,-102,-64,2300,332,-16,-103,-78,2300,202,-20,-113,-78,2300,110,-20,-110,-79,
240,38.915617516666664,-95.31788501666666,2025/Dec/17,10:47:59,311,480,203,2300,216253.32,55302,-102,-18,-65,7,2300,203,-16,-101,-66,2300,332,-16,-102,-80,2300,202,-20,-114,-80,
240,38.9156175,-95.31788501666666,2025/Dec/17,10:48:00,311,480,203,2300,216253.32,55302,-102,-16,-66,6,2300,203,-16,-102,-65,2300,332,-15,-102,-78,2300,386,-12,-99,-78,
240,38.9156175,-95.31788501666666,2025/Dec/17,10:48:01,311,480,203,2300,216253.32,55302,-102,-18,-62,7,2300,203,-19,-102,-63,2300,332,-17,-101,-75,2300,386,-15,-99,-75,
240,38.9156175,-95.31788501666666,2025/Dec/17,10:48:02,311,480,203,2300,216253.32,55302,-102,-16,-65,7,2300,203,-16,-102,-66,2300,332,-16,-103,-79,2300,386,-14,-100,-79,
240,38.915617483333335,-95.31788501666666,2025/Dec/17,10:48:03,311,480,203,2300,216253.32,55302,-102,-17,-66,7,2300,203,-18,-102,-63,2300,332,-16,-101,-77,2300,110,-20,-108,-77,
240,38.91561746666667,-95.317885,2025/Dec/17,10:48:05,311,480,203,2300,216253.32,55302,-101,-14,-68,8,2300,203,-19,-102,-64,2300,332,-18,-102,-76,
240,38.915617483333335,-95.31788501666666,2025/Dec/17,10:48:08,311,480,203,2300,216253.32,55302,-102,-15,-67,7,2300,203,-15,-102,-67,2300,332,-15,-102,-79,2300,386,-16,-103,-78,
240,38.915617483333335,-95.31788501666666,2025/Dec/17,10:48:09,311,480,203,2300,216253.32,55302,-102,-15,-66,7,2300,203,-16,-102,-63,2300,386,-16,-102,-78,2300,332,-16,-102,-77,
250,38.9156175,-95.31788501666666,2025/Dec/17,10:48:10,311,480,203,2300,216253.32,55302,-101,-18,-63,7,2300,203,-18,-102,-63,2300,332,-17,-101,-76,
250,38.9156175,-95.31788501666666,2025/Dec/17,10:48:11,311,480,203,2300,216253.32,55302,-102,-17,-64,5,2300,203,-17,-103,-66,2300,332,-15,-101,-78,2300,386,-12,-98,-77,
250,38.9156175,-95.31788501666666,2025/Dec/17,10:48:12,311,480,203,2300,216253.32,55302,-102,-17,-65,6,2300,203,-17,-102,-64,2300,332,-16,-102,-77,2300,386,-11,-97,-77,
250,38.9156175,-95.317885,2025/Dec/17,10:48:13,311,480,203,2300,216253.32,55302,-102,-19,-62,5,2300,203,-19,-102,-62,2300,332,-19,-102,-75,2300,386,-13,-97,-75,
250,38.9156175,-95.317885,2025/Dec/17,10:48:14,311,480,203,2300,216253.32,55302,-102,-17,-65,6,2300,203,-18,-101,-62,2300,386,-14,-99,-78,
250,38.915617516666664,-95.31788498333333,2025/Dec/17,10:48:16,311,480,203,2300,216253.32,55302,-102,-20,-62,6,2300,203,-19,-102,-61,2300,386,-14,-99,-76,
250,38.915617516666664,-95.31788498333333,2025/Dec/17,10:48:17,311,480,203,2300,216253.32,55302,-102,-16,-65,7,2300,203,-16,-102,-67,2300,386,-16,-103,-80,
250,38.915617516666664,-95.31788496666667,2025/Dec/17,10:48:18,311,480,203,2300,216253.32,55302,-101,-14,-67,7,2300,203,-15,-101,-66,
250,38.915617516666664,-95.31788496666667,2025/Dec/17,10:48:19,311,480,203,2300,216253.32,55302,-102,-19,-62,6,2300,203,-19,-102,-62,2300,386,-17,-101,-76,
250,38.9156175,-95.31788495,2025/Dec/17,10:48:20,311,480,203,2300,216253.32,55302,-102,-17,-66,7,2300,203,-17,-102,-66,2300,386,-16,-102,-76,
250,38.9156175,-95.31788495,2025/Dec/17,10:48:21,311,480,203,2300,216253.32,55302,-101,-16,-65,7,2300,203,-16,-101,-66,2300,386,-18,-104,-79,
250,38.915617483333335,-95.31788493333333,2025/Dec/17,10:48:22,311,480,203,2300,216253.32,55302,-102,-18,-61,6,2300,203,-19,-102,-61,2300,386,-17,-102,-75,
250,38.915617483333335,-95.31788493333333,2025/Dec/17,10:48:23,311,480,203,2300,216253.32,55302,-101,-18,-64,6,2300,203,-18,-101,-62,2300,386,-17,-101,-77,
250,38.915617483333335,-95.31788493333333,2025/Dec/17,10:48:24,311,480,203,2300,216253.32,55302,-101,-16,-66,7,2300,203,-15,-101,-66,2300,386,-17,-102,-77,
250,38.915617483333335,-95.31788493333333,2025/Dec/17,10:48:25,311,480,203,2300,216253.32,55302,-101,-19,-61,6,2300,203,-19,-102,-63,2300,386,-18,-101,-76,2300,202,-20,-108,-75,
250,38.915617483333335,-95.31788491666667,2025/Dec/17,10:48:26,311,480,203,2300,216253.32,55302,-102,-16,-67,7,2300,203,-17,-101,-62,2300,386,-16,-101,-76,2300,202,-20,-114,-76,
250,38.915617483333335,-95.3178849,2025/Dec/17,10:48:29,311,480,203,2300,216253.32,55302,-101,-18,-63,7,2300,203,-17,-101,-65,2300,386,-17,-102,-78,2300,202,-20,-114,-78,2300,332,-16,-101,-78,
250,38.915617483333335,-95.31788491666667,2025/Dec/17,10:48:30,311,480,203,2300,216253.32,55302,-101,-17,-66,7,2300,203,-17,-101,-64,2300,332,-16,-101,-77,2300,202,-20,-114,-76,
250,38.91561746666667,-95.31788491666667,2025/Dec/17,10:48:31,311,480,203,2300,216253.32,55302,-101,-16,-61,6,2300,203,-16,-101,-66,2300,202,-20,-113,-76,2300,332,-17,-101,-75,
250,38.91561746666667,-95.31788491666667,2025/Dec/17,10:48:32,311,480,203,2300,216253.32,55302,-101,-16,-63,8,2300,203,-16,-101,-66,2300,332,-16,-102,-77,2300,202,-20,-116,-77,
250,38.91561746666667,-95.31788493333333,2025/Dec/17,10:48:33,311,480,203,2300,216253.32,55302,-101,-15,-66,8,2300,203,-15,-101,-65,2300,332,-17,-103,-78,
250,38.91561746666667,-95.31788493333333,2025/Dec/17,10:48:34,311,480,203,2300,216253.32,55302,-100,-18,-62,8,2300,203,-14,-101,-66,2300,332,-15,-101,-78,
250,38.915617483333335,-95.31788495,2025/Dec/17,10:48:37,311,480,203,2300,216253.32,55302,-101,-18,-63,8,2300,203,-18,-101,-62,2300,332,-17,-101,-76,
250,38.91561746666667,-95.31788495,2025/Dec/17,10:48:38,311,480,203,2300,216253.32,55302,-102,-19,-62,8,2300,203,-19,-102,-64,2300,332,-18,-101,-76,
250,38.915617483333335,-95.31788493333333,2025/Dec/17,10:48:39,311,480,203,2300,216253.32,55302,-102,-15,-67,8,2300,203,-16,-101,-62,2300,332,-15,-101,-77,2300,202,-20,-115,-78,
250,38.915617483333335,-95.31788493333333,2025/Dec/17,10:48:40,311,480,203,2300,216253.32,55302,-101,-18,-62,7,2300,203,-19,-102,-62,2300,332,-17,-100,-75,
250,38.915617483333335,-95.31788495,2025/Dec/17,10:48:41,311,480,203,2300,216253.32,55302,-102,-19,-65,6,2300,203,-18,-102,-64,2300,332,-15,-100,-78,
250,38.91561745,-95.31788498333333,2025/Dec/17,10:48:42,311,480,203,2300,216253.32,55302,-101,-16,-64,7,2300,203,-16,-101,-66,2300,332,-14,-99,-76,
250,38.91561743333333,-95.317885,2025/Dec/17,10:48:43,311,480,203,2300,216253.32,55302,-102,-18,-63,6,2300,203,-19,-102,-62,2300,332,-16,-99,-75,
250,38.91561743333333,-95.31788501666666,2025/Dec/17,10:48:44,311,480,203,2300,216253.32,55302,-102,-20,-62,5,2300,203,-20,-102,-62,2300,332,-18,-100,-75,
250,38.91561743333333,-95.31788501666666,2025/Dec/17,10:48:45,311,480,203,2300,216253.32,55302,-102,-17,-64,5,2300,203,-17,-102,-64,2300,202,-20,-112,-77,
250,38.91561743333333,-95.31788501666666,2025/Dec/17,10:48:46,311,480,386,775,216150.34,55302,-91,-11,-68,12,775,386,-12,-92,-67,775,110,-17,-97,-71,
250,38.91561743333333,-95.31788501666666,2025/Dec/17,10:48:47,311,480,203,5230,216253.3,55302,-91,-17,-56,8,5230,203,-17,-92,-59,5230,386,-20,-99,-70,
260,38.91561743333333,-95.31788501666666,2025/Dec/17,10:48:48,311,480,203,5230,216253.3,55302,-91,-15,-61,8,5230,203,-14,-91,-59,
260,38.91561743333333,-95.317885,2025/Dec/17,10:48:49,311,480,203,5230,216253.3,55302,-92,-13,-62,9,5230,203,-13,-92,-62,5230,386,-14,-94,-72,
260,38.91561743333333,-95.317885,2025/Dec/17,10:48:50,311,480,203,5230,216253.3,55302,-92,-13,-61,8,5230,203,-13,-92,-61,5230,386,-13,-93,-71,
260,38.91561743333333,-95.317885,2025/Dec/17,10:48:52,311,480,203,5230,216253.3,55302,-92,-13,-62,9,5230,203,-13,-92,-62,5230,386,-13,-93,-72,
260,38.91561743333333,-95.317885,2025/Dec/17,10:48:53,311,480,203,5230,216253.3,55302,-92,-16,-57,9,5230,203,-16,-92,-56,
260,38.91561743333333,-95.317885,2025/Dec/17,10:48:54,311,480,203,5230,216253.3,55302,-91,-14,-63,10,5230,203,-13,-91,-63,
260,38.91561743333333,-95.31788501666666,2025/Dec/17,10:48:55,311,480,203,5230,216253.3,55302,-91,-13,-61,9,5230,203,-13,-91,-62,5230,386,-14,-93,-71,
260,38.91561743333333,-95.31788501666666,2025/Dec/17,10:48:56,311,480,203,5230,216253.3,55302,-91,-16,-56,9,5230,203,-17,-91,-56,5230,386,-17,-93,-67,
260,38.91561743333333,-95.31788501666666,2025/Dec/17,10:48:57,311,480,203,5230,216253.3,55302,-91,-12,-62,9,2300,203,-14,-101,-67,
260,38.91561745,-95.31788501666666,2025/Dec/17,10:48:58,311,480,203,2300,216253.32,55302,-101,-17,-66,7,2300,203,-16,-101,-65,2300,386,-13,-99,-77,2300,332,-17,-102,-77,
260,38.91561745,-95.31788501666666,2025/Dec/17,10:48:59,311,480,203,2300,216253.32,55302,-101,-19,-63,7,2300,203,-19,-101,-62,2300,386,-15,-99,-75,
260,38.91561745,-95.31788501666666,2025/Dec/17,10:49:00,311,480,203,2300,216253.32,55302,-101,-16,-65,7,2300,203,-16,-101,-64,2300,386,-12,-98,-78,
260,38.91561745,-95.31788501666666,2025/Dec/17,10:49:01,311,480,203,2300,216253.32,55302,-101,-15,-66,6,2300,203,-15,-101,-66,2300,386,-13,-99,-78,
260,38.91561745,-95.317885,2025/Dec/17,10:49:02,311,480,203,2300,216253.32,55302,-102,-17,-65,7,2300,203,-18,-102,-66,2300,386,-14,-98,-75,
260,38.91561745,-95.31788498333333,2025/Dec/17,10:49:07,311,480,203,2300,216253.32,55302,-101,-17,-64,6,2300,203,-17,-101,-64,2300,386,-14,-98,-75,
260,38.91561745,-95.31788496666667,2025/Dec/17,10:49:08,311,480,203,2300,216253.32,55302,-101,-17,-64,7,2300,203,-17,-101,-66,2300,386,-13,-98,-78,
260,38.91561745,-95.31788496666667,2025/Dec/17,10:49:09,311,480,203,2300,216253.32,55302,-101,-18,-63,7,2300,203,-19,-101,-62,2300,386,-17,-100,-75,
260,38.91561745,-95.31788496666667,2025/Dec/17,10:49:10,311,480,203,2300,216253.32,55302,-101,-18,-64,6,2300,203,-18,-102,-65,2300,386,-14,-99,-77,2300,332,-17,-102,-77,
260,38.91561745,-95.31788496666667,2025/Dec/17,10:49:11,311,480,203,2300,216253.32,55302,-102,-18,-65,6,2300,203,-17,-102,-65,2300,386,-13,-99,-77,2300,332,-16,-102,-78,2300,202,-20,-111,-78,
260,38.91561745,-95.31788496666667,2025/Dec/17,10:49:12,311,480,203,2300,216253.32,55302,-102,-18,-62,7,2300,203,-18,-101,-62,2300,386,-15,-99,-75,2300,332,-19,-103,-75,2300,202,-20,-113,-75,
260,38.91561743333333,-95.31788496666667,2025/Dec/17,10:49:13,311,480,203,2300,216253.32,55302,-101,-17,-65,6,2300,203,-17,-101,-64,2300,386,-14,-99,-77,2300,202,-20,-112,-77,
260,38.91561743333333,-95.31788498333333,2025/Dec/17,10:49:14,311,480,203,2300,216253.32,55302,-102,-18,-63,7,2300,203,-18,-102,-63,2300,386,-14,-98,-77,2300,202,-20,-112,-77,2300,332,-18,-103,-78,
260,38.91561743333333,-95.31788498333333,2025/Dec/17,10:49:15,311,480,203,2300,216253.32,55302,-101,-16,-66,7,2300,203,-16,-101,-65,2300,332,-16,-102,-77,
250,38.91561743333333,-95.31788496666667,2025/Dec/17,10:49:17,311,480,203,2300,216253.32,55302,-102,-16,-65,7,2300,203,-16,-102,-65,2300,332,-16,-102,-78,2300,202,-20,-113,-77,
250,38.91561743333333,-95.31788496666667,2025/Dec/17,10:49:18,311,480,203,2300,216253.32,55302,-102,-19,-63,7,2300,203,-19,-102,-61,2300,332,-19,-103,-75,2300,202,-20,-113,-75,2300,386,-16,-99,-75,
250,38.91561745,-95.31788495,2025/Dec/17,10:49:19,311,480,203,2300,216253.32,55302,-101,-16,-65,7,2300,203,-16,-101,-65,2300,332,-17,-103,-79,2300,202,-20,-113,-78,2300,386,-13,-99,-77,
250,38.91561743333333,-95.31788495,2025/Dec/17,10:49:20,311,480,203,2300,216253.32,55302,-101,-15,-63,7,2300,203,-16,-101,-65,2300,332,-16,-102,-78,2300,202,-20,-112,-78,2300,386,-13,-100,-78,
250,38.91561745,-95.31788495,2025/Dec/17,10:49:21,311,480,203,2300,216253.32,55302,-101,-19,-61,7,2300,203,-19,-101,-61,2300,332,-20,-103,-75,2300,386,-17,-100,-75,
250,38.91561745,-95.31788495,2025/Dec/17,10:49:22,311,480,203,2300,216253.32,55302,-101,-15,-67,8,2300,203,-16,-101,-65,2300,332,-17,-104,-79,2300,202,-20,-112,-79,
250,38.91561746666667,-95.31788495,2025/Dec/17,10:49:23,311,480,203,2300,216253.32,55302,-102,-15,-66,7,2300,203,-15,-102,-66,2300,332,-17,-104,-77,2300,202,-20,-112,-77,
250,38.91561746666667,-95.31788495,2025/Dec/17,10:49:24,311,480,203,2300,216253.32,55302,-102,-19,-63,7,2300,203,-19,-102,-62,2300,332,-20,-103,-75,2300,202,-20,-113,-75,
250,38.91561746666667,-95.31788495,2025/Dec/17,10:49:25,311,480,203,2300,216253.32,55302,-102,-16,-65,7,2300,203,-16,-102,-65,2300,332,-16,-102,-78,2300,386,-13,-99,-78,
250,38.91561746666667,-95.31788495,2025/Dec/17,10:49:26,311,480,203,2300,216253.32,55302,-102,-16,-62,7,2300,203,-18,-102,-66,2300,386,-14,-99,-77,
250,38.91561746666667,-95.31788495,2025/Dec/17,10:49:28,311,480,203,2300,216253.32,55302,-102,-16,-66,6,2300,203,-17,-102,-65,2300,386,-12,-98,-79,2300,332,-16,-102,-79,
250,38.915617483333335,-95.31788495,2025/Dec/17,10:49:29,311,480,203,2300,216253.32,55302,-103,-17,-64,6,2300,203,-17,-103,-63,2300,386,-12,-98,-76,2300,332,-17,-103,-76,
250,38.91561746666667,-95.31788496666667,2025/Dec/17,10:49:30,311,480,203,2300,216253.32,55302,-104,-20,-63,5,2300,203,-20,-104,-63,2300,386,-14,-97,-76,2300,332,-18,-102,-76,
250,38.91561745,-95.31788496666667,2025/Dec/17,10:49:31,311,480,203,2300,216253.32,55302,-104,-19,-64,6,2300,203,-19,-103,-65,2300,386,-13,-98,-77,2300,332,-17,-102,-76,2300,202,-20,-105,-77,
250,38.91561745,-95.31788496666667,2025/Dec/17,10:49:32,311,480,386,5230,216150.3,55302,-93,-17,-61,8,5230,386,-14,-93,-61,5230,203,-12,-92,-71,
260,38.91561741666666,-95.31788498333333,2025/Dec/17,10:49:35,311,480,386,5230,216150.3,55302,-93,-14,-61,8,5230,386,-14,-93,-61,5230,203,-13,-92,-71,
260,38.91561741666666,-95.31788498333333,2025/Dec/17,10:49:36,311,480,386,5230,216150.3,55302,-93,-18,-58,8,5230,386,-18,-93,-57,5230,203,-16,-91,-67,
260,38.9156174,-95.31788498333333,2025/Dec/17,10:49:37,311,480,386,5230,216150.3,55302,-93,-16,-60,6,5230,386,-16,-93,-61,5230,203,-14,-92,-71,
260,38.9156174,-95.31788498333333,2025/Dec/17,10:49:38,311,480,386,5230,216150.3,55302,-93,-19,-57,7,5230,386,-19,-93,-56,5230,203,-16,-92,-67,
260,38.915617366666666,-95.317885,2025/Dec/17,10:49:40,311,480,386,5230,216150.3,55302,-93,-15,-62,6,5230,386,-14,-93,-62,5230,203,-13,-92,-71,
260,38.915617366666666,-95.317885,2025/Dec/17,10:49:41,311,480,386,5230,216150.3,55302,-93,-15,-61,6,5230,386,-15,-93,-61,5230,203,-12,-92,-70,
260,38.915617366666666,-95.317885,2025/Dec/17,10:49:42,311,480,386,5230,216150.3,55302,-93,-18,-57,6,5230,386,-19,-93,-57,5230,203,-16,-91,-67,
260,38.915617366666666,-95.317885,2025/Dec/17,10:49:43,311,480,386,5230,216150.3,55302,-93,-18,-61,5,5230,386,-17,-93,-57,5230,203,-14,-91,-71,
250,38.915617383333334,-95.31788498333333,2025/Dec/17,10:49:44,311,480,386,5230,216150.3,55302,-93,-15,-60,7,5230,386,-16,-93,-56,5230,203,-13,-92,-71,
250,38.915617366666666,-95.317885,2025/Dec/17,10:49:45,311,480,386,5230,216150.3,55302,-93,-18,-56,6,5230,386,-18,-93,-58,5230,203,-16,-92,-68,
250,38.915617366666666,-95.317885,2025/Dec/17,10:49:46,311,480,386,5230,216150.3,55302,-94,-19,-56,6,5230,386,-19,-93,-56,5230,203,-17,-92,-67,
260,38.91561735,-95.31788501666666,2025/Dec/17,10:49:47,311,480,386,5230,216150.3,55302,-94,-16,-61,6,5230,386,-16,-94,-61,5230,203,-12,-91,-71,
260,38.91561735,-95.31788503333334,2025/Dec/17,10:49:48,311,480,386,5230,216150.3,55302,-93,-18,-57,6,5230,386,-18,-93,-57,5230,203,-16,-91,-68,
260,38.91561735,-95.31788503333334,2025/Dec/17,10:49:49,311,480,386,5230,216150.3,55302,-95,-19,-59,5,5230,386,-19,-95,-59,5230,203,-15,-92,-70,
260,38.91561735,-95.31788503333334,2025/Dec/17,10:49:50,311,480,386,5230,216150.3,55302,-93,-16,-58,5,5230,386,-18,-94,-58,5230,203,-14,-91,-68,
260,38.91561735,-95.31788501666666,2025/Dec/17,10:49:52,311,480,386,5230,216150.3,55302,-95,-18,-62,5,5230,386,-17,-95,-62,5230,203,-12,-92,-73,
260,38.91561735,-95.31788503333334,2025/Dec/17,10:49:53,311,480,386,5230,216150.3,55302,-94,-16,-61,7,5230,386,-16,-94,-62,5230,203,-12,-92,-72,
260,38.91561733333333,-95.31788505,2025/Dec/17,10:49:54,311,480,386,5230,216150.3,55302,-93,-17,-58,8,5230,386,-17,-93,-57,5230,203,-15,-91,-68,
260,38.91561733333333,-95.31788505,2025/Dec/17,10:49:55,311,480,386,5230,216150.3,55302,-92,-18,-56,9,5230,386,-17,-92,-60,5230,203,-15,-91,-70,
260,38.91561733333333,-95.31788505,2025/Dec/17,10:49:56,311,480,203,5230,216253.3,55302,-90,-12,-61,9,5230,203,-13,-91,-61,5230,386,-17,-96,-72,
260,38.91561733333333,-95.31788505,2025/Dec/17,10:49:57,311,480,386,2300,216150.32,55302,-99,-13,-66,10,2300,386,-14,-100,-65,2300,332,-14,-101,-79,2300,203,-16,-102,-79,
260,38.91561733333333,-95.31788505,2025/Dec/17,10:49:58,311,480,386,2300,216150.32,55302,-100,-17,-61,10,2300,386,-17,-100,-60,2300,332,-20,-104,-76,2300,203,-20,-105,-76,
260,38.91561733333333,-95.31788505,2025/Dec/17,10:49:59,311,480,386,2300,216150.32,55302,-100,-14,-66,10,2300,386,-13,-100,-67,2300,332,-17,-103,-78,2300,203,-18,-105,-79,2300,202,-20,-113,-78,
250,38.91561735,-95.31788503333334,2025/Dec/17,10:50:00,311,480,386,2300,216150.32,55302,-99,-14,-65,10,2300,386,-13,-98,-65,2300,203,-19,-104,-78,2300,202,-20,-113,-78,
250,38.915617366666666,-95.317885,2025/Dec/17,10:50:05,311,480,386,2300,216150.32,55302,-98,-13,-65,10,2300,386,-13,-98,-65,2300,202,-20,-115,-77,2300,332,-17,-104,-78,
250,38.915617366666666,-95.317885,2025/Dec/17,10:50:06,311,480,386,2300,216150.32,55302,-98,-14,-65,11,2300,386,-15,-98,-60,2300,203,-20,-105,-75,2300,332,-20,-107,-75,
250,38.915617366666666,-95.317885,2025/Dec/17,10:50:07,311,480,386,2300,216150.32,55302,-97,-14,-63,12,2300,386,-13,-97,-65,2300,203,-20,-104,-77,2300,332,-20,-106,-77,
250,38.915617366666666,-95.317885,2025/Dec/17,10:50:08,311,480,386,2300,216150.32,55302,-99,-14,-62,10,2300,386,-14,-99,-64,2300,203,-20,-105,-76,2300,332,-17,-102,-77,
250,38.915617366666666,-95.317885,2025/Dec/17,10:50:09,311,480,386,2300,216150.32,55302,-99,-17,-60,11,2300,386,-18,-99,-60,2300,203,-20,-105,-73,
250,38.915617366666666,-95.317885,2025/Dec/17,10:50:10,311,480,386,2300,216150.32,55302,-99,-16,-65,10,2300,386,-15,-99,-64,2300,203,-18,-103,-78,2300,332,-15,-101,-78,
250,38.915617366666666,-95.317885,2025/Dec/17,10:50:11,311,480,386,2300,216150.32,55302,-99,-13,-65,10,2300,386,-13,-98,-65,2300,203,-18,-103,-77,2300,332,-15,-101,-77,
250,38.915617366666666,-95.317885,2025/Dec/17,10:50:12,311,480,386,2300,216150.32,55302,-99,-17,-61,10,2300,386,-17,-99,-64,2300,203,-20,-104,-74,2300,332,-20,-105,-74,
250,38.915617366666666,-95.31788501666666,2025/Dec/17,10:50:13,311,480,386,2300,216150.32,55302,-101,-15,-66,9,2300,386,-15,-101,-65,2300,203,-18,-104,-78,2300,332,-18,-104,-78,
250,38.915617366666666,-95.317885,2025/Dec/17,10:50:14,311,480,386,2300,216150.32,55302,-101,-18,-64,7,2300,386,-20,-103,-63,2300,203,-18,-103,-77,2300,332,-16,-101,-77,
250,38.915617366666666,-95.31788498333333,2025/Dec/17,10:50:16,311,480,386,2300,216150.32,55302,-98,-13,-66,10,2300,386,-13,-98,-60,2300,203,-18,-104,-76,
250,38.915617366666666,-95.31788496666667,2025/Dec/17,10:50:17,311,480,386,2300,216150.32,55302,-98,-13,-65,10,2300,386,-14,-98,-65,2300,203,-20,-104,-76,
250,38.915617366666666,-95.31788496666667,2025/Dec/17,10:50:18,311,480,386,2300,216150.32,55302,-98,-18,-58,10,2300,386,-18,-98,-59,2300,203,-20,-104,-73,
250,38.915617366666666,-95.31788495,2025/Dec/17,10:50:19,311,480,386,2300,216150.32,55302,-98,-13,-65,11,2300,386,-13,-98,-65,2300,203,-20,-106,-77,
250,38.915617366666666,-95.31788496666667,2025/Dec/17,10:50:20,311,480,386,2300,216150.32,55302,-98,-13,-65,11,2300,386,-14,-98,-60,2300,203,-20,-104,-74,
250,38.915617366666666,-95.31788496666667,2025/Dec/17,10:50:21,311,480,386,2300,216150.32,55302,-99,-18,-60,10,2300,386,-18,-98,-59,2300,203,-20,-103,-73,
250,38.915617366666666,-95.31788496666667,2025/Dec/17,10:50:22,311,480,386,2300,216150.32,55302,-98,-14,-64,11,2300,386,-13,-97,-64,2300,203,-20,-104,-74,
250,38.915617366666666,-95.31788496666667,2025/Dec/17,10:50:23,311,480,386,2300,216150.32,55302,-98,-14,-61,10,2300,386,-15,-98,-61,2300,203,-19,-103,-76,
250,38.915617383333334,-95.31788495,2025/Dec/17,10:50:24,311,480,386,2300,216150.32,55302,-98,-18,-60,11,2300,386,-18,-99,-61,2300,332,-19,-101,-75,2300,203,-20,-104,-75,
250,38.915617383333334,-95.31788495,2025/Dec/17,10:50:25,311,480,386,2300,216150.32,55302,-99,-16,-68,10,2300,386,-17,-102,-65,2300,202,-20,-113,-77,2300,332,-20,-116,-78,
250,38.915617383333334,-95.31788493333333,2025/Dec/17,10:50:27,311,480,386,2300,216150.32,55302,-107,-20,-66,7,2300,386,-18,-106,-68,2300,202,-20,-116,-81,2300,110,-20,-110,-80,2300,332,-14,-104,-80,2300,203,-17,-108,-81,
250,38.915617383333334,-95.31788493333333,2025/Dec/17,10:50:28,311,480,386,2300,216150.32,55302,-104,-16,-68,8,2300,386,-17,-104,-66,2300,202,-20,-117,-79,2300,203,-20,-114,-79,2300,332,-14,-101,-79,
250,38.915617383333334,-95.31788493333333,2025/Dec/17,10:50:29,311,480,386,2300,216150.32,55302,-98,-14,-64,11,2300,386,-14,-98,-64,2300,332,-20,-107,-75,2300,203,-20,-108,-75,2300,202,-20,-111,-75,
250,38.915617383333334,-95.31788493333333,2025/Dec/17,10:50:30,311,480,386,2300,216150.32,55302,-101,-15,-66,9,2300,386,-18,-102,-63,2300,202,-20,-115,-76,2300,332,-20,-107,-76,2300,203,-20,-110,-76,
250,38.9156174,-95.31788495,2025/Dec/17,10:50:33,311,480,386,2300,216150.32,55302,-101,-17,-64,10,2300,386,-16,-101,-65,2300,203,-20,-109,-78,2300,332,-18,-104,-78,
250,38.915617383333334,-95.31788495,2025/Dec/17,10:50:34,311,480,386,2300,216150.32,55302,-103,-16,-66,7,2300,386,-16,-104,-68,2300,332,-16,-104,-80,2300,203,-20,-109,-79,2300,202,-20,-118,-79,
250,38.915617383333334,-95.31788493333333,2025/Dec/17,10:50:35,311,480,386,2300,216150.32,55302,-102,-16,-62,10,2300,386,-17,-101,-61,2300,332,-18,-103,-77,2300,202,-20,-115,-77,
250,38.915617383333334,-95.31788493333333,2025/Dec/17,10:50:36,311,480,386,2300,216150.32,55302,-99,-16,-63,10,2300,386,-15,-99,-64,2300,332,-17,-102,-77,2300,203,-19,-104,-77,
250,38.915617383333334,-95.31788491666667,2025/Dec/17,10:50:37,311,480,332,2300,220252.32,55302,-103,-19,-62,8,2300,386,-16,-99,-75,2300,332,-19,-102,-62,2300,203,-20,-112,-75,
250,38.915617383333334,-95.3178849,2025/Dec/17,10:50:39,311,480,332,2300,220252.32,55302,-106,-20,-65,4,2300,386,-13,-99,-78,2300,332,-20,-106,-65,2300,203,-20,-109,-78,
240,38.915617383333334,-95.3178849,2025/Dec/17,10:50:40,311,480,386,2300,216150.32,55302,-101,-16,-66,10,2300,386,-16,-101,-64,2300,203,-18,-104,-77,
240,38.915617383333334,-95.3178849,2025/Dec/17,10:50:41,311,480,386,2300,216150.32,55302,-101,-15,-65,10,2300,386,-14,-101,-66,2300,203,-20,-108,-78,2300,332,-16,-103,-79,
240,38.915617383333334,-95.3178849,2025/Dec/17,10:50:42,311,480,386,2300,216150.32,55302,-102,-18,-63,9,2300,386,-19,-102,-63,2300,203,-19,-104,-77,
240,38.915617383333334,-95.3178849,2025/Dec/17,10:50:43,311,480,386,2300,216150.32,55302,-102,-15,-67,9,2300,386,-15,-102,-68,2300,203,-17,-104,-79,2300,332,-19,-107,-80,
250,38.915617383333334,-95.3178849,2025/Dec/17,10:50:44,311,480,386,2300,216150.32,55302,-101,-14,-64,9,2300,386,-14,-101,-67,2300,281,-19,-106,-78,2300,332,-18,-104,-78,2300,202,-20,-116,-78,
250,38.915617383333334,-95.3178849,2025/Dec/17,10:50:45,311,480,386,2300,216150.32,55302,-101,-19,-61,9,2300,386,-19,-101,-61,2300,203,-20,-109,-76,2300,332,-18,-102,-76,2300,110,-20,-104,-76,
250,38.915617383333334,-95.3178849,2025/Dec/17,10:50:46,311,480,386,2300,216150.32,55302,-101,-15,-65,9,2300,386,-14,-101,-67,2300,203,-17,-104,-80,2300,332,-13,-101,-80,2300,202,-20,-112,-80,2300,110,-13,-101,-80,
250,38.915617383333334,-95.3178849,2025/Dec/17,10:50:47,311,480,386,2300,216150.32,55302,-103,-15,-67,7,2300,386,-16,-103,-67,2300,281,-20,-107,-79,2300,110,-15,-102,-79,2300,332,-18,-105,-80,
250,38.915617383333334,-95.3178849,2025/Dec/17,10:50:48,311,480,386,2300,216150.32,55302,-103,-18,-63,8,2300,386,-18,-103,-66,2300,281,-20,-107,-77,2300,110,-16,-102,-77,2300,332,-20,-107,-77,
250,38.9156174,-95.3178849,2025/Dec/17,10:50:49,311,480,386,2300,216150.32,55302,-102,-15,-66,9,2300,386,-15,-101,-65,2300,332,-17,-103,-77,
250,38.91561741666666,-95.31788488333333,2025/Dec/17,10:50:51,311,480,386,2300,216150.32,55302,-102,-20,-63,8,2300,386,-19,-102,-67,2300,332,-18,-101,-76,2300,203,-20,-113,-76,
250,38.91561741666666,-95.31788488333333,2025/Dec/17,10:50:52,311,480,386,2300,216150.32,55302,-102,-15,-67,8,2300,386,-15,-102,-66,2300,332,-16,-103,-80,2300,203,-20,-112,-80,2300,110,-16,-102,-78,
250,38.91561741666666,-95.31788486666666,2025/Dec/17,10:50:53,311,480,386,2300,216150.32,55302,-106,-17,-70,5,2300,386,-18,-106,-68,2300,332,-19,-107,-79,2300,203,-19,-107,-79,2300,110,-19,-107,-79,
250,38.9156174,-95.3178849,2025/Dec/17,10:50:54,311,480,386,2300,216150.32,55302,-105,-20,-66,6,2300,386,-20,-106,-65,2300,110,-17,-104,-78,2300,203,-18,-105,-79,
250,38.9156174,-95.3178849,2025/Dec/17,10:50:55,311,480,203,2300,216253.32,55302,-102,-17,-68,4,2300,203,-17,-104,-67,2300,110,-18,-104,-78,2300,332,-15,-101,-78,2300,386,-11,-97,-78,
250,38.915617383333334,-95.3178849,2025/Dec/17,10:50:56,311,480,203,2300,216253.32,55302,-105,-19,-64,3,2300,203,-19,-104,-63,2300,110,-17,-101,-76,2300,332,-13,-97,-76,
250,38.9156174,-95.31788488333333,2025/Dec/17,10:50:57,311,480,203,2300,216253.32,55302,-102,-20,-63,6,2300,332,-14,-95,-59,2300,110,-15,-97,-72,
250,38.91561806666667,-95.31788316666666,2025/Dec/17,10:50:58,311,480,203,2300,216253.32,55302,-98,-16,-62,6,2300,332,-13,-96,-75,2300,203,-20,-104,-62,
260,38.91561183333334,-95.31787248333333,2025/Dec/17,10:51:01,311,480,386,775,216150.34,55302,-94,-12,-68,11,775,386,-12,-95,-69,775,110,-17,-99,-74,
260,38.915617583333336,-95.31787155,2025/Dec/17,10:51:03,311,480,203,2300,216253.32,55302,-100,-17,-60,9,2300,203,-18,-100,-63,2300,332,-14,-95,-73,
260,38.9156217,-95.31787153333333,2025/Dec/17,10:51:04,311,480,203,2300,216253.32,55302,-98,-18,-60,7,2300,203,-18,-99,-61,2300,332,-15,-96,-75,2300,386,-15,-97,-74,
260,38.91562258333333,-95.3178697,2025/Dec/17,10:51:05,311,480,332,2300,220252.32,55302,-98,-13,-65,10,2300,332,-13,-98,-64,2300,110,-15,-101,-77,
260,38.915622533333334,-95.31786601666667,2025/Dec/17,10:51:06,311,480,332,2300,220252.32,55302,-97,-14,-63,10,2300,332,-16,-97,-58,2300,110,-18,-99,-71,
260,38.91562293333333,-95.31786686666666,2025/Dec/17,10:51:07,311,480,332,2300,220252.32,55302,-97,-19,-65,10,2300,332,-19,-97,-58,2300,386,-15,-94,-71,
270,38.915624816666664,-95.31786708333334,2025/Dec/17,10:51:08,311,480,332,2300,220252.32,55302,-96,-13,-62,10,2300,332,-14,-97,-61,2300,386,-15,-97,-74,
260,38.915625,-95.31786653333333,2025/Dec/17,10:51:09,311,480,332,2300,220252.32,55302,-98,-17,-62,7,2300,332,-19,-99,-59,2300,110,-20,-101,-72,2300,203,-15,-96,-71,
260,38.9156246,-95.31786615,2025/Dec/17,10:51:10,311,480,332,2300,220252.32,55302,-97,-20,-61,8,2300,332,-20,-97,-57,2300,203,-15,-93,-70,2300,110,-20,-107,-70,
260,38.91562416666667,-95.31786578333333,2025/Dec/17,10:51:11,311,480,203,2300,216253.32,55302,-99,-17,-61,8,2300,332,-13,-95,-74,2300,203,-17,-99,-61,2300,110,-17,-99,-74,
260,38.915624216666664,-95.31786563333333,2025/Dec/17,10:51:12,311,480,203,2300,216253.32,55302,-103,-19,-65,6,2300,332,-15,-99,-75,2300,203,-20,-103,-61,2300,110,-16,-100,-75,2300,386,-11,-94,-75,
270,38.915623866666664,-95.3178653,2025/Dec/17,10:51:14,311,480,203,2300,216253.32,55302,-102,-20,-61,3,2300,332,-18,-101,-73,2300,203,-20,-105,-73,2300,110,-15,-98,-74,2300,386,-12,-95,-64,
270,38.91562378333333,-95.31786523333334,2025/Dec/17,10:51:15,311,480,386,2300,216150.32,55302,-100,-16,-68,9,2300,332,-16,-100,-77,2300,386,-17,-102,-65,2300,110,-20,-110,-78,2300,202,-20,-115,-77,
270,38.915623733333334,-95.3178652,2025/Dec/17,10:51:16,311,480,386,2300,216150.32,55302,-98,-15,-67,11,2300,386,-14,-98,-64,
260,38.91562366666667,-95.31786516666666,2025/Dec/17,10:51:17,311,480,386,2300,216150.32,55302,-98,-13,-66,9,2300,386,-13,-99,-66,2300,203,-14,-100,-77,2300,110,-17,-103,-77,
260,38.915623583333335,-95.31786513333333,2025/Dec/17,10:51:18,311,480,386,2300,216150.32,55302,-110,-20,-70,5,2300,332,-20,-112,-80,2300,203,-15,-104,-68,
260,38.9156235,-95.3178651,2025/Dec/17,10:51:19,311,480,203,2300,216253.32,55302,-103,-14,-72,10,2300,203,-13,-103,-70,2300,386,-17,-107,-82,
260,38.91562343333333,-95.3178651,2025/Dec/17,10:51:20,311,480,203,2300,216253.32,55302,-104,-13,-70,8,2300,203,-13,-104,-70,2300,386,-15,-105,-81,
260,38.91562116666667,-95.31786803333334,2025/Dec/17,10:51:21,311,480,203,2300,216253.32,55302,-106,-13,-73,9,2300,203,-13,-106,-74,2300,386,-17,-108,-83,
270,38.91561718333333,-95.31787193333334,2025/Dec/17,10:51:22,311,480,203,2300,216253.32,55302,-105,-14,-71,9,2300,203,-14,-106,-71,2300,386,-20,-113,-84,
270,38.91561096666667,-95.317876,2025/Dec/17,10:51:23,311,480,203,2300,216253.32,55302,-104,-17,-64,10,2300,203,-17,-103,-72,
270,38.915607566666665,-95.3178787,2025/Dec/17,10:51:24,311,480,203,2300,216253.32,55302,-102,-13,-70,10,2300,203,-12,-103,-72,
270,38.915608666666664,-95.3178798,2025/Dec/17,10:51:26,311,480,203,2300,216253.32,55302,-103,-12,-69,10,2300,203,-15,-105,-67,
270,38.91560668333333,-95.31789226666666,2025/Dec/17,10:51:29,311,480,203,2300,216253.32,55302,-106,-17,-70,9,2300,203,-17,-107,-70,2300,110,-20,-111,-84,
260,38.915606966666665,-95.31788965,2025/Dec/17,10:51:30,311,480,203,2300,216253.32,55302,-108,-17,-72,9,2300,203,-17,-108,-71,
260,38.91560748333333,-95.31788508333334,2025/Dec/17,10:51:31,311,480,203,2300,216253.32,55302,-106,-15,-71,8,2300,203,-15,-106,-71,
260,38.91560406666667,-95.31788133333333,2025/Dec/17,10:51:32,311,480,203,2300,216253.32,55302,-107,-17,-68,8,2300,203,-17,-106,-68,
260,38.915603583333336,-95.31787421666667,2025/Dec/17,10:51:33,311,480,203,2300,216253.32,55302,-106,-19,-67,9,2300,203,-19,-106,-68,2300,110,-19,-107,-81,
260,38.91560618333333,-95.31787823333333,2025/Dec/17,10:51:34,311,480,203,2300,216253.32,55302,-105,-16,-71,8,2300,203,-15,-105,-69,2300,332,-20,-112,-80,2300,386,-20,-114,-79,
260,38.91560833333333,-95.31788525,2025/Dec/17,10:51:35,311,480,203,2300,216253.32,55302,-105,-15,-68,8,2300,203,-16,-105,-67,2300,202,-20,-112,-82,
260,38.91561458333334,-95.31788533333334,2025/Dec/17,10:51:36,311,480,203,2300,216253.32,55302,-104,-16,-68,8,2300,203,-15,-104,-70,2300,202,-20,-117,-81,
260,38.915616,-95.31788585,2025/Dec/17,10:51:38,311,480,203,2300,216253.32,55302,-106,-17,-70,8,2300,203,-17,-108,-71,2300,332,-18,-110,-83,2300,386,-20,-112,-83,
260,38.915611866666666,-95.31789205,2025/Dec/17,10:51:39,311,480,203,2300,216253.32,55302,-110,-19,-70,7,2300,203,-19,-110,-70,2300,332,-19,-108,-81,2300,386,-20,-109,-81,
260,38.91561216666667,-95.31789773333334,2025/Dec/17,10:51:40,311,480,203,2300,216253.32,55302,-110,-19,-71,6,2300,203,-20,-110,-72,2300,386,-16,-106,-82,2300,332,-17,-107,-83,
260,38.91561226666666,-95.31790105,2025/Dec/17,10:51:41,311,480,203,2300,216253.32,55302,-110,-18,-70,7,2300,203,-18,-109,-71,2300,386,-14,-104,-82,2300,202,-20,-118,-82,
260,38.91561156666667,-95.31790405,2025/Dec/17,10:51:42,311,480,203,2300,216253.32,55302,-111,-20,-72,7,2300,203,-20,-110,-68,2300,374,-20,-112,-79,
260,38.915611766666665,-95.31790596666667,2025/Dec/17,10:51:43,311,480,203,5230,216253.3,55302,-96,-20,-54,7,5230,203,-20,-95,-55,
260,38.91561183333334,-95.31791203333333,2025/Dec/17,10:51:44,311,480,203,5230,216253.3,55302,-95,-19,-59,6,5230,203,-17,-96,-63,
260,38.9156129,-95.31791105,2025/Dec/17,10:51:45,311,480,203,5230,216253.3,55302,-95,-17,-60,6,5230,203,-17,-95,-62,
260,38.915614483333336,-95.31791156666667,2025/Dec/17,10:51:46,311,480,386,5230,216150.3,55302,-91,-15,-56,11,5230,386,-16,-90,-57,
260,38.91561528333333,-95.31791103333333,2025/Dec/17,10:51:47,311,480,386,5230,216150.3,55302,-90,-13,-62,12,5230,386,-13,-90,-57,
260,38.91561605,-95.31791051666667,2025/Dec/17,10:51:49,311,480,386,5230,216150.3,55302,-91,-16,-59,13,5230,386,-16,-91,-57,
260,38.91561615,-95.31790943333333,2025/Dec/17,10:51:50,311,480,386,5230,216150.3,55302,-91,-14,-59,11,5230,386,-13,-91,-61,
260,38.9156163,-95.31790883333333,2025/Dec/17,10:51:51,311,480,386,5230,216150.3,55302,-91,-12,-60,12,5230,386,-12,-91,-61,5230,203,-20,-100,-71,
260,38.91561648333333,-95.31790851666666,2025/Dec/17,10:51:52,311,480,386,5230,216150.3,55302,-91,-15,-58,11,5230,386,-16,-92,-59,5230,203,-20,-101,-69,
260,38.915616566666664,-95.3179087,2025/Dec/17,10:51:53,311,480,386,5230,216150.3,55302,-93,-15,-64,12,5230,386,-14,-93,-64,5230,203,-20,-104,-73,5230,330,-20,-103,-73,
260,38.91561651666667,-95.31790971666666,2025/Dec/17,10:51:54,311,480,386,5230,216150.3,55302,-91,-17,-57,10,5230,386,-12,-90,-57,
260,38.915616433333334,-95.31791016666666,2025/Dec/17,10:51:57,311,480,386,5230,216150.3,55302,-91,-12,-61,12,5230,386,-12,-91,-61,5230,203,-19,-99,-72,
260,38.91561646666667,-95.3179101,2025/Dec/17,10:51:58,311,480,386,5230,216150.3,55302,-90,-16,-56,13,5230,386,-16,-90,-57,5230,203,-20,-101,-68,
260,38.915616533333335,-95.31791003333333,2025/Dec/17,10:51:59,311,480,386,5230,216150.3,55302,-90,-13,-62,12,5230,386,-13,-89,-56,5230,203,-20,-102,-67,
260,38.915616533333335,-95.31790958333333,2025/Dec/17,10:52:01,311,480,386,5230,216150.3,55302,-91,-16,-57,12,5230,386,-16,-90,-56,
260,38.915616666666665,-95.31791006666667,2025/Dec/17,10:52:02,311,480,386,5230,216150.3,55302,-91,-14,-61,11,5230,386,-14,-91,-58,
260,38.91561645,-95.31790911666667,2025/Dec/17,10:52:03,311,480,386,5230,216150.3,55302,-90,-12,-61,12,5230,386,-12,-90,-61,
260,38.915616416666666,-95.3179091,2025/Dec/17,10:52:04,311,480,386,5230,216150.3,55302,-91,-16,-56,12,5230,386,-16,-90,-56,
260,38.915616416666666,-95.31790906666667,2025/Dec/17,10:52:05,311,480,386,5230,216150.3,55302,-91,-14,-62,12,5230,386,-13,-91,-62,
260,38.9156164,-95.31790901666666,2025/Dec/17,10:52:06,311,480,386,5230,216150.3,55302,-92,-13,-63,12,5230,386,-13,-92,-62,
260,38.915616283333335,-95.31790855,2025/Dec/17,10:52:07,311,480,386,5230,216150.3,55302,-91,-16,-58,12,5230,386,-16,-92,-58,
260,38.91561623333333,-95.31790831666666,2025/Dec/17,10:52:08,311,480,386,5230,216150.3,55302,-91,-14,-58,11,5230,386,-13,-91,-60,
260,38.915616183333334,-95.3179081,2025/Dec/17,10:52:09,311,480,386,5230,216150.3,55302,-90,-10,-62,13,5230,386,-11,-90,-63,
260,38.9156162,-95.3179081,2025/Dec/17,10:52:10,311,480,386,5230,216150.3,55302,-91,-16,-57,12,775,386,-12,-104,-76,
260,38.91561625,-95.31790841666667,2025/Dec/17,10:52:11,311,480,203,2300,216253.32,55302,-109,-20,-67,5,2300,203,-20,-109,-69,2300,386,-16,-103,-80,
260,38.9156163,-95.31790856666667,2025/Dec/17,10:52:12,311,480,203,2300,216253.32,55302,-108,-19,-66,7,2300,203,-20,-109,-70,2300,332,-20,-108,-80,
260,38.9156163,-95.31790861666667,2025/Dec/17,10:52:13,311,480,203,2300,216253.32,55302,-108,-18,-72,7,5230,203,-15,-96,-61,
260,38.91561633333333,-95.31790878333334,2025/Dec/17,10:52:14,311,480,386,5230,216150.3,55302,-90,-15,-62,12,5230,386,-16,-90,-56,
260,38.91561636666667,-95.31790886666667,2025/Dec/17,10:52:15,311,480,386,5230,216150.3,55302,-91,-12,-63,12,5230,386,-11,-91,-64,
260,38.91561636666667,-95.31790895,2025/Dec/17,10:52:16,311,480,386,5230,216150.3,55302,-91,-12,-60,12,5230,386,-12,-92,-63,5230,203,-20,-103,-73,
260,38.91561638333334,-95.31790898333334,2025/Dec/17,10:52:17,311,480,386,5230,216150.3,55302,-92,-16,-58,11,5230,386,-17,-92,-57,5230,203,-20,-102,-67,
260,38.91561638333334,-95.31790895,2025/Dec/17,10:52:18,311,480,386,5230,216150.3,55302,-91,-14,-59,12,5230,386,-13,-91,-60,5230,203,-20,-102,-70,
260,38.9156164,-95.31790891666667,2025/Dec/17,10:52:19,311,480,386,5230,216150.3,55302,-91,-12,-61,12,5230,386,-13,-91,-60,5230,203,-20,-101,-68,
260,38.91561638333334,-95.31790886666667,2025/Dec/17,10:52:20,311,480,386,5230,216150.3,55302,-91,-16,-57,12,5230,386,-17,-91,-56,5230,203,-20,-102,-67,
260,38.91561638333334,-95.31790885,2025/Dec/17,10:52:21,311,480,386,5230,216150.3,55302,-91,-14,-61,13,5230,386,-13,-91,-62,5230,203,-20,-102,-70,
260,38.91561638333334,-95.31790883333333,2025/Dec/17,10:52:22,311,480,386,5230,216150.3,55302,-90,-13,-56,11,5230,386,-16,-90,-56,5230,203,-20,-99,-67,
260,38.91561646666667,-95.31790881666667,2025/Dec/17,10:52:27,311,480,386,5230,216150.3,55302,-90,-15,-56,12,5230,386,-15,-90,-56,5230,203,-20,-99,-67,
260,38.91561646666667,-95.3179088,2025/Dec/17,10:52:28,311,480,386,5230,216150.3,55302,-90,-14,-55,13,5230,386,-15,-90,-56,
260,38.91561646666667,-95.31790871666666,2025/Dec/17,10:52:29,311,480,386,5230,216150.3,55302,-91,-16,-58,12,5230,386,-15,-91,-58,
260,38.9156165,-95.31790863333333,2025/Dec/17,10:52:30,311,480,386,5230,216150.3,55302,-91,-13,-63,13,5230,386,-12,-91,-63,
260,38.91561651666667,-95.31790856666667,2025/Dec/17,10:52:31,311,480,386,5230,216150.3,55302,-90,-13,-60,13,5230,386,-13,-90,-56,
260,38.91561655,-95.31790855,2025/Dec/17,10:52:32,311,480,386,5230,216150.3,55302,-91,-16,-57,13,5230,386,-16,-91,-57,
260,38.91561655,-95.31790856666667,2025/Dec/17,10:52:33,311,480,386,5230,216150.3,55302,-91,-13,-60,11,5230,386,-13,-91,-61,
260,38.91561655,-95.31790856666667,2025/Dec/17,10:52:34,311,480,386,5230,216150.3,55302,-91,-13,-57,12,5230,386,-15,-91,-57,
260,38.91561655,-95.31790856666667,2025/Dec/17,10:52:35,311,480,386,5230,216150.3,55302,-91,-17,-57,13,5230,386,-12,-91,-61,
260,38.9156166,-95.3179085,2025/Dec/17,10:52:37,311,480,386,5230,216150.3,55302,-91,-14,-57,11,5230,386,-16,-91,-56,
260,38.9156166,-95.31790843333333,2025/Dec/17,10:52:38,311,480,386,5230,216150.3,55302,-91,-16,-56,11,5230,386,-16,-91,-57,5230,203,-20,-105,-67,
260,38.91561658333333,-95.31790838333333,2025/Dec/17,10:52:39,311,480,386,5230,216150.3,55302,-91,-13,-62,12,5230,386,-12,-91,-62,5230,203,-20,-102,-72,
260,38.91561658333333,-95.31790838333333,2025/Dec/17,10:52:40,311,480,332,2300,220252.32,55302,-111,-19,-74,7,2300,332,-19,-111,-70,2300,386,-18,-109,-83,2300,203,-20,-116,-82,
260,38.91561658333333,-95.31790835,2025/Dec/17,10:52:41,311,480,332,2300,220252.32,55302,-110,-19,-70,8,2300,332,-20,-110,-69,2300,203,-20,-111,-82,2300,386,-20,-110,-81,
260,38.91561661666667,-95.31790825,2025/Dec/17,10:52:42,311,480,332,2300,220252.32,55302,-110,-19,-70,7,2300,332,-19,-110,-71,2300,203,-20,-110,-82,2300,386,-17,-107,-82,
260,38.915616633333336,-95.31790816666667,2025/Dec/17,10:52:43,311,480,332,2300,220252.32,55302,-110,-19,-71,7,2300,332,-19,-110,-71,2300,203,-19,-110,-83,2300,386,-17,-107,-81,
260,38.91561665,-95.3179081,2025/Dec/17,10:52:44,311,480,332,2300,220252.32,55302,-111,-20,-73,7,2300,332,-20,-111,-70,2300,202,-20,-118,-82,
260,38.915616666666665,-95.31790808333334,2025/Dec/17,10:52:45,311,480,386,2300,216150.32,55302,-105,-16,-69,10,2300,203,-20,-117,-80,2300,386,-17,-105,-66,2300,202,-20,-119,-80,
260,38.91561668333333,-95.31790808333334,2025/Dec/17,10:52:46,311,480,386,2300,216150.32,55302,-106,-16,-71,9,5230,386,-11,-90,-62,5230,203,-20,-108,-70,
260,38.915616666666665,-95.31790811666667,2025/Dec/17,10:52:47,311,480,386,5230,216150.3,55302,-91,-16,-57,12,5230,386,-16,-91,-57,5230,203,-20,-103,-67,
260,38.9156165,-95.31790863333333,2025/Dec/17,10:52:49,311,480,386,5230,216150.3,55302,-91,-14,-57,12,5230,386,-14,-91,-59,5230,203,-20,-106,-70,
260,38.9156164,-95.3179089,2025/Dec/17,10:52:50,311,480,386,5230,216150.3,55302,-91,-14,-60,11,5230,386,-13,-91,-61,5230,203,-20,-104,-72,
260,38.91561635,-95.31790911666667,2025/Dec/17,10:52:51,311,480,386,5230,216150.3,55302,-91,-16,-57,11,5230,386,-16,-91,-57,5230,203,-20,-101,-67,
260,38.915616316666664,-95.31790923333334,2025/Dec/17,10:52:52,311,480,386,5230,216150.3,55302,-91,-12,-62,13,5230,386,-16,-91,-57,5230,203,-20,-102,-67,
260,38.9156163,-95.31790953333334,2025/Dec/17,10:52:55,311,480,386,5230,216150.3,55302,-91,-12,-62,12,5230,386,-12,-91,-61,5230,203,-20,-101,-72,
260,38.915616316666664,-95.31790958333333,2025/Dec/17,10:52:56,311,480,386,5230,216150.3,55302,-91,-12,-62,12,5230,386,-12,-91,-61,5230,203,-20,-101,-70,
260,38.9156163,-95.31790956666667,2025/Dec/17,10:52:57,311,480,386,5230,216150.3,55302,-91,-16,-57,12,5230,386,-17,-91,-58,5230,203,-20,-103,-67,
260,38.91561626666667,-95.3179096,2025/Dec/17,10:52:58,311,480,386,5230,216150.3,55302,-91,-13,-61,12,5230,386,-12,-91,-61,5230,203,-20,-101,-71,
260,38.91561626666667,-95.31790966666667,2025/Dec/17,10:52:59,311,480,386,5230,216150.3,55302,-91,-17,-58,12,5230,386,-17,-91,-57,5230,203,-20,-99,-67,
260,38.91561621666666,-95.31790963333333,2025/Dec/17,10:53:01,311,480,386,5230,216150.3,55302,-91,-12,-63,13,5230,386,-12,-91,-62,5230,203,-20,-100,-72,
260,38.91561635,-95.31791,2025/Dec/17,10:53:02,311,480,386,5230,216150.3,55302,-91,-12,-62,12,5230,386,-12,-91,-63,5230,203,-19,-99,-72,
260,38.9156165,-95.31791043333334,2025/Dec/17,10:53:03,311,480,386,5230,216150.3,55302,-91,-16,-57,12,5230,386,-16,-91,-57,5230,203,-20,-101,-67,
260,38.91561683333333,-95.31791116666666,2025/Dec/17,10:53:04,311,480,386,5230,216150.3,55302,-91,-14,-60,12,5230,386,-13,-91,-61,5230,203,-20,-99,-71,
260,38.91561708333333,-95.31791175,2025/Dec/17,10:53:05,311,480,386,5230,216150.3,55302,-91,-13,-57,12,5230,386,-13,-91,-60,5230,203,-20,-102,-71,
260,38.9156173,-95.3179122,2025/Dec/17,10:53:06,311,480,386,5230,216150.3,55302,-91,-16,-56,12,5230,386,-17,-91,-56,5230,203,-20,-100,-67,
260,38.91561743333333,-95.31791251666667,2025/Dec/17,10:53:07,311,480,386,5230,216150.3,55302,-91,-17,-57,11,5230,386,-17,-91,-57,5230,203,-20,-101,-67,
260,38.9156177,-95.31791311666667,2025/Dec/17,10:53:08,311,480,386,5230,216150.3,55302,-91,-12,-63,12,5230,386,-12,-91,-62,5230,203,-20,-102,-71,
260,38.9156178,-95.31791343333333,2025/Dec/17,10:53:09,311,480,386,5230,216150.3,55302,-91,-14,-57,12,5230,386,-16,-92,-57,5230,203,-20,-102,-68,
260,38.91561785,-95.31791368333333,2025/Dec/17,10:53:10,311,480,386,5230,216150.3,55302,-91,-16,-62,12,5230,386,-15,-91,-63,5230,203,-20,-100,-72,
260,38.915617266666665,-95.31791298333333,2025/Dec/17,10:53:11,311,480,386,775,216150.34,55302,-107,-16,-77,9,5230,203,-16,-95,-61,
260,38.9156141,-95.31791648333333,2025/Dec/17,10:53:12,311,480,386,5230,216150.3,55302,-90,-11,-62,12,5230,203,-20,-101,-69,5230,386,-15,-91,-55,
260,38.9156116,-95.31791771666667,2025/Dec/17,10:53:13,311,480,386,5230,216150.3,55302,-91,-16,-57,12,5230,203,-20,-100,-67,5230,386,-15,-91,-62,
260,38.915612083333336,-95.31791573333334,2025/Dec/17,10:53:14,311,480,386,5230,216150.3,55302,-91,-14,-59,12,5230,203,-20,-104,-70,5230,386,-14,-91,-61,
260,38.91560985,-95.3179115,2025/Dec/17,10:53:15,311,480,386,5230,216150.3,55302,-91,-14,-58,12,5230,203,-20,-100,-69,5230,386,-15,-91,-57,
260,38.915609266666664,-95.3179098,2025/Dec/17,10:53:16,311,480,386,5230,216150.3,55302,-91,-16,-57,12,5230,203,-20,-102,-68,5230,386,-16,-91,-57,
260,38.91561013333333,-95.3179066,2025/Dec/17,10:53:17,311,480,386,5230,216150.3,55302,-91,-11,-63,12,5230,203,-20,-101,-72,5230,386,-12,-91,-61,
250,38.915614616666666,-95.31790441666666,2025/Dec/17,10:53:18,311,480,386,5230,216150.3,55302,-91,-15,-61,12,5230,203,-20,-104,-67,5230,386,-15,-91,-57,
250,38.91561623333333,-95.31790446666666,2025/Dec/17,10:53:19,311,480,386,5230,216150.3,55302,-91,-17,-57,11,5230,203,-20,-101,-72,5230,386,-15,-91,-61,
250,38.91561588333333,-95.31790538333334,2025/Dec/17,10:53:20,311,480,386,5230,216150.3,55302,-91,-13,-61,12,5230,203,-20,-108,-71,5230,386,-11,-91,-58,
250,38.91561446666667,-95.31790143333333,2025/Dec/17,10:53:23,311,480,386,5230,216150.3,55302,-91,-17,-57,12,5230,203,-20,-104,-67,5230,386,-17,-91,-57,
250,38.915613433333334,-95.31789793333333,2025/Dec/17,10:53:25,311,480,386,5230,216150.3,55302,-91,-11,-63,12,5230,203,-20,-105,-72,5230,386,-12,-91,-62,
250,38.91561295,-95.31789656666666,2025/Dec/17,10:53:26,311,480,386,5230,216150.3,55302,-91,-11,-63,12,5230,203,-20,-105,-73,5230,386,-11,-91,-63,
250,38.915612933333335,-95.3178963,2025/Dec/17,10:53:27,311,480,386,5230,216150.3,55302,-91,-12,-63,12,5230,386,-13,-91,-62,
250,38.91561288333333,-95.31789608333334,2025/Dec/17,10:53:28,311,480,386,5230,216150.3,55302,-91,-16,-57,11,5230,386,-15,-91,-63,
250,38.915613216666664,-95.3178971,2025/Dec/17,10:53:29,311,480,386,5230,216150.3,55302,-91,-14,-62,13,5230,386,-15,-91,-57,
250,38.91561338333333,-95.3178976,2025/Dec/17,10:53:30,311,480,386,5230,216150.3,55302,-91,-14,-60,12,5230,386,-13,-91,-63,
250,38.91561345,-95.31789788333333,2025/Dec/17,10:53:31,311,480,386,5230,216150.3,55302,-91,-14,-56,12,5230,386,-16,-91,-56,5230,203,-20,-104,-67,
250,38.91561348333333,-95.31789795,2025/Dec/17,10:53:32,311,480,386,5230,216150.3,55302,-91,-18,-56,11,5230,386,-18,-91,-56,5230,203,-20,-102,-66,
250,38.915613533333335,-95.31789795,2025/Dec/17,10:53:33,311,480,386,5230,216150.3,55302,-91,-13,-62,12,5230,386,-12,-91,-63,5230,203,-20,-103,-73,
250,38.915613666666665,-95.31789835,2025/Dec/17,10:53:34,311,480,386,5230,216150.3,55302,-91,-16,-57,12,5230,386,-17,-91,-57,5230,203,-20,-104,-67,
250,38.915613783333335,-95.31789863333333,2025/Dec/17,10:53:36,311,480,386,5230,216150.3,55302,-91,-17,-57,13,5230,386,-17,-91,-57,
250,38.91561375,-95.31789856666667,2025/Dec/17,10:53:37,311,480,386,5230,216150.3,55302,-91,-12,-61,13,5230,386,-12,-91,-61,
250,38.91561376666667,-95.31789856666667,2025/Dec/17,10:53:38,311,480,203,775,216253.34,55302,-108,-17,-77,5,775,203,-17,-109,-75,775,386,-12,-103,-83,
250,38.91561376666667,-95.31789855,2025/Dec/17,10:53:39,311,480,203,775,216253.34,55302,-110,-18,-78,5,775,203,-20,-111,-77,775,386,-11,-102,-82,775,110,-19,-110,-82,
250,38.915613783333335,-95.31789853333333,2025/Dec/17,10:53:40,311,480,386,775,216150.34,55302,-107,-15,-77,10,775,386,-15,-107,-76,
250,38.9156133,-95.31789683333334,2025/Dec/17,10:53:41,311,480,386,2300,216150.32,55302,-107,-14,-71,9,2300,386,-14,-107,-73,2300,203,-20,-115,-84,2300,332,-19,-110,-84,
260,38.91561185,-95.3178959,2025/Dec/17,10:53:42,311,480,386,2300,216150.32,55302,-106,-14,-73,10,2300,386,-14,-107,-71,2300,203,-20,-114,-84,
250,38.915610783333335,-95.3179022,2025/Dec/17,10:53:43,311,480,386,2300,216150.32,55302,-109,-16,-71,8,2300,386,-16,-109,-73,2300,203,-20,-115,-82,2300,332,-17,-108,-83,
250,38.915610816666664,-95.31790878333334,2025/Dec/17,10:53:44,311,480,386,2300,216150.32,55302,-109,-16,-71,9,2300,386,-16,-109,-71,2300,203,-20,-113,-81,2300,332,-17,-108,-81,
250,38.91561195,-95.31791593333334,2025/Dec/17,10:53:45,311,480,386,2300,216150.32,55302,-110,-18,-70,8,2300,386,-19,-110,-70,2300,203,-20,-112,-83,
250,38.91561365,-95.31791565,2025/Dec/17,10:53:46,311,480,386,2300,216150.32,55302,-109,-17,-72,8,2300,386,-18,-109,-71,2300,203,-20,-111,-83,
260,38.91561256666667,-95.31791255,2025/Dec/17,10:53:48,311,480,386,2300,216150.32,55302,-107,-15,-71,10,2300,386,-15,-106,-72,2300,203,-20,-113,-81,
250,38.91561345,-95.3178991,2025/Dec/17,10:53:51,311,480,386,2300,216150.32,55302,-106,-18,-66,9,2300,386,-18,-106,-67,2300,203,-20,-113,-80,
250,38.91561503333333,-95.31789705,2025/Dec/17,10:53:52,311,480,386,2300,216150.32,55302,-106,-18,-68,10,2300,386,-18,-106,-67,2300,203,-20,-114,-80,
250,38.915615433333336,-95.3178976,2025/Dec/17,10:53:53,311,480,386,2300,216150.32,55302,-106,-14,-71,10,2300,386,-14,-106,-71,2300,203,-20,-114,-81,
250,38.91561565,-95.3178978,2025/Dec/17,10:53:54,311,480,386,2300,216150.32,55302,-106,-15,-71,10,2300,386,-16,-106,-67,2300,203,-20,-114,-80,2300,332,-17,-107,-80,
250,38.91561573333333,-95.31789801666666,2025/Dec/17,10:53:55,311,480,386,2300,216150.32,55302,-106,-18,-67,9,2300,386,-18,-105,-68,2300,203,-20,-114,-82,2300,110,-20,-116,-82,
250,38.915615933333335,-95.3178985,2025/Dec/17,10:53:56,311,480,386,2300,216150.32,55302,-106,-15,-71,10,2300,386,-15,-106,-70,2300,203,-20,-113,-82,2300,110,-20,-115,-82,
250,38.915616033333336,-95.31789876666667,2025/Dec/17,10:53:57,311,480,386,2300,216150.32,55302,-106,-14,-72,10,2300,386,-13,-105,-72,2300,203,-20,-110,-80,2300,110,-20,-111,-80,2300,202,-20,-108,-80,2300,332,-19,-107,-80,
250,38.91561595,-95.31789836666667,2025/Dec/17,10:53:58,311,480,386,2300,216150.32,55302,-107,-18,-67,9,2300,386,-18,-107,-69,2300,203,-20,-111,-80,2300,332,-19,-108,-80,
250,38.91561708333333,-95.31788441666667,2025/Dec/17,10:54:00,311,480,386,2300,216150.32,55302,-106,-15,-71,9,2300,386,-16,-106,-71,2300,203,-20,-111,-82,2300,332,-17,-107,-82,
250,38.915618683333335,-95.31787851666667,2025/Dec/17,10:54:01,311,480,386,2300,216150.32,55302,-107,-16,-70,9,2300,386,-16,-107,-70,2300,203,-20,-111,-82,2300,332,-18,-108,-82,
250,38.915619883333335,-95.31787373333333,2025/Dec/17,10:54:02,311,480,386,2300,216150.32,55302,-107,-16,-71,9,2300,386,-16,-107,-71,2300,203,-20,-112,-82,2300,332,-17,-108,-82,
250,38.915619916666664,-95.31787005,2025/Dec/17,10:54:03,311,480,386,2300,216150.32,55302,-107,-16,-72,9,2300,386,-16,-107,-69,2300,203,-20,-111,-80,
250,38.915621466666664,-95.31787085,2025/Dec/17,10:54:04,311,480,386,2300,216150.32,55302,-106,-16,-69,10,2300,386,-16,-106,-70,2300,203,-20,-111,-81,
250,38.915622666666664,-95.31787425,2025/Dec/17,10:54:05,311,480,386,2300,216150.32,55302,-106,-18,-66,9,2300,386,-18,-106,-67,2300,203,-20,-110,-80,
250,38.915621216666665,-95.31787666666666,2025/Dec/17,10:54:06,311,480,386,2300,216150.32,55302,-106,-17,-68,9,2300,386,-17,-106,-68,2300,203,-20,-110,-81,
250,38.91562163333333,-95.31788056666667,2025/Dec/17,10:54:07,311,480,386,2300,216150.32,55302,-106,-17,-68,9,2300,386,-17,-106,-68,2300,203,-20,-110,-79,
250,38.9156289,-95.31787251666667,2025/Dec/17,10:54:08,311,480,386,2300,216150.32,55302,-106,-16,-70,9,2300,386,-17,-106,-68,2300,203,-20,-109,-80,
250,38.915631166666664,-95.31787016666667,2025/Dec/17,10:54:09,311,480,386,2300,216150.32,55302,-107,-18,-67,9,2300,386,-17,-107,-71,2300,203,-20,-111,-83,
250,38.91563156666667,-95.31787176666667,2025/Dec/17,10:54:11,311,480,386,2300,216150.32,55302,-107,-17,-70,10,2300,386,-17,-107,-69,2300,203,-20,-112,-80,
250,38.915633316666664,-95.31787103333333,2025/Dec/17,10:54:12,311,480,386,2300,216150.32,55302,-107,-17,-68,9,2300,386,-17,-107,-69,2300,203,-20,-113,-81,
250,38.91563336666667,-95.3178708,2025/Dec/17,10:54:13,311,480,386,2300,216150.32,55302,-107,-17,-69,9,2300,386,-17,-107,-69,2300,203,-20,-115,-79,
250,38.915633783333334,-95.3178706,2025/Dec/17,10:54:14,311,480,386,2300,216150.32,55302,-107,-19,-68,9,2300,386,-19,-107,-68,2300,203,-20,-116,-80,
250,38.915633033333336,-95.31787371666667,2025/Dec/17,10:54:15,311,480,386,2300,216150.32,55302,-108,-16,-73,9,2300,386,-16,-108,-73,2300,203,-20,-115,-83,
250,38.91563218333334,-95.31787626666667,2025/Dec/17,10:54:16,311,480,386,2300,216150.32,55302,-106,-15,-72,9,2300,386,-19,-107,-67,2300,202,-20,-119,-82,
250,38.9156296,-95.31787401666666,2025/Dec/17,10:54:19,311,480,386,2300,216150.32,55302,-106,-15,-71,9,2300,386,-14,-106,-72,2300,202,-20,-119,-83,2300,332,-18,-108,-83,
250,38.91563061666667,-95.3178738,2025/Dec/17,10:54:20,311,480,386,2300,216150.32,55302,-106,-15,-71,10,2300,386,-14,-106,-73,2300,202,-20,-119,-84,
250,38.9156314,-95.31787401666666,2025/Dec/17,10:54:21,311,480,386,2300,216150.32,55302,-106,-17,-67,10,2300,386,-18,-106,-67,2300,203,-20,-116,-80,
250,38.91563158333334,-95.31787488333333,2025/Dec/17,10:54:23,311,480,386,2300,216150.32,55302,-106,-18,-69,11,2300,386,-16,-106,-70,2300,203,-20,-116,-81,
250,38.91563288333333,-95.31787551666666,2025/Dec/17,10:54:24,311,480,386,2300,216150.32,55302,-105,-14,-70,11,2300,386,-14,-105,-71,2300,203,-20,-119,-82,
250,38.91563405,-95.31787815,2025/Dec/17,10:54:25,311,480,386,2300,216150.32,55302,-106,-15,-71,10,2300,386,-15,-106,-71,2300,203,-20,-111,-81,2300,222,-20,-119,-81,
250,38.91563216666667,-95.3178794,2025/Dec/17,10:54:26,311,480,386,2300,216150.32,55302,-104,-14,-67,11,2300,386,-14,-104,-68,2300,203,-20,-113,-83,
250,38.915631483333335,-95.31787715,2025/Dec/17,10:54:27,311,480,386,2300,216150.32,55302,-104,-15,-69,11,2300,386,-15,-104,-68,2300,203,-20,-113,-80,
250,38.91563145,-95.31787598333334,2025/Dec/17,10:54:28,311,480,386,2300,216150.32,55302,-104,-16,-68,11,2300,386,-16,-104,-68,2300,203,-20,-114,-79,
250,38.9156321,-95.31787623333334,2025/Dec/17,10:54:29,311,480,386,2300,216150.32,55302,-104,-17,-66,11,2300,386,-17,-104,-66,2300,203,-20,-116,-80,
250,38.91563283333333,-95.31787806666667,2025/Dec/17,10:54:30,311,480,386,2300,216150.32,55302,-104,-15,-69,11,2300,386,-15,-104,-69,2300,203,-20,-115,-80,
250,38.91563393333333,-95.31787683333333,2025/Dec/17,10:54:31,311,480,386,2300,216150.32,55302,-104,-15,-71,11,2300,386,-14,-104,-71,2300,203,-20,-114,-81,
250,38.91563346666667,-95.31787561666667,2025/Dec/17,10:54:32,311,480,386,2300,216150.32,55302,-105,-14,-70,10,2300,386,-14,-105,-71,2300,203,-20,-114,-82,
250,38.9156332,-95.3178773,2025/Dec/17,10:54:33,311,480,386,2300,216150.32,55302,-104,-18,-65,10,2300,386,-17,-104,-65,2300,203,-20,-114,-78,
250,38.91563626666667,-95.31788058333333,2025/Dec/17,10:54:35,311,480,386,2300,216150.32,55302,-105,-14,-71,10,2300,386,-14,-105,-71,2300,203,-20,-115,-83,
250,38.91563515,-95.31788263333334,2025/Dec/17,10:54:36,311,480,386,2300,216150.32,55302,-105,-14,-70,10,2300,386,-15,-105,-68,2300,203,-20,-112,-80,
250,38.91563125,-95.3178886,2025/Dec/17,10:54:37,311,480,386,2300,216150.32,55302,-104,-17,-64,11,2300,386,-17,-104,-67,
250,38.9156303,-95.31788546666667,2025/Dec/17,10:54:38,311,480,386,2300,216150.32,55302,-105,-15,-69,10,2300,386,-14,-105,-71,
250,38.9156292,-95.31788423333333,2025/Dec/17,10:54:40,311,480,386,2300,216150.32,55302,-108,-17,-72,8,2300,386,-17,-109,-72,2300,203,-17,-107,-82,
250,38.91562953333333,-95.31788071666666,2025/Dec/17,10:54:41,311,480,386,2300,216150.32,55302,-107,-19,-68,10,2300,386,-19,-107,-67,2300,203,-20,-108,-79,
250,38.9156291,-95.31787758333333,2025/Dec/17,10:54:43,311,480,386,2300,216150.32,55302,-107,-15,-72,9,2300,386,-15,-107,-71,2300,203,-16,-106,-81,
250,38.91562951666667,-95.3178772,2025/Dec/17,10:54:44,311,480,386,2300,216150.32,55302,-106,-16,-70,10,2300,386,-18,-107,-70,2300,332,-18,-106,-80,2300,203,-20,-113,-81,
250,38.91563145,-95.31787985,2025/Dec/17,10:54:48,311,480,386,2300,216150.32,55302,-108,-19,-70,9,2300,386,-18,-108,-71,2300,203,-20,-113,-83,
250,38.91563166666667,-95.31787873333333,2025/Dec/17,10:54:49,311,480,386,2300,216150.32,55302,-109,-18,-71,8,2300,386,-18,-109,-71,2300,332,-16,-106,-80,
250,38.91563178333333,-95.31787816666667,2025/Dec/17,10:54:50,311,480,386,2300,216150.32,55302,-109,-18,-70,8,2300,386,-18,-108,-68,2300,332,-16,-105,-79,
250,38.915632466666665,-95.3178761,2025/Dec/17,10:54:52,311,480,386,2300,216150.32,55302,-109,-18,-71,7,2300,386,-18,-109,-70,2300,332,-17,-106,-81,
250,38.91563255,-95.31787601666667,2025/Dec/17,10:54:53,311,480,386,2300,216150.32,55302,-110,-20,-68,8,2300,386,-20,-109,-70,2300,202,-20,-119,-81,2300,203,-20,-109,-81,
250,38.91563228333333,-95.31787665,2025/Dec/17,10:54:54,311,480,386,2300,216150.32,55302,-109,-17,-72,7,2300,386,-17,-109,-73,2300,203,-19,-109,-81,
250,38.9156322,-95.31787688333333,2025/Dec/17,10:54:55,311,480,386,5230,216150.3,55302,-92,-13,-62,12,5230,386,-12,-92,-63,5230,203,-20,-100,-72,
250,38.91563215,-95.317877,2025/Dec/17,10:54:56,311,480,386,5230,216150.3,55302,-91,-13,-57,12,5230,386,-14,-91,-61,5230,203,-20,-97,-69,
250,38.91563206666667,-95.31787716666666,2025/Dec/17,10:54:58,311,480,386,5230,216150.3,55302,-91,-13,-61,13,5230,386,-14,-91,-59,5230,203,-20,-100,-67,
250,38.91563205,-95.3178772,2025/Dec/17,10:54:59,311,480,386,5230,216150.3,55302,-90,-13,-61,12,5230,386,-13,-91,-61,5230,203,-20,-99,-71,
250,38.91563203333333,-95.31787723333333,2025/Dec/17,10:55:01,311,480,386,5230,216150.3,55302,-91,-17,-57,11,5230,386,-17,-91,-57,5230,203,-20,-96,-67,
250,38.91563203333333,-95.31787725,2025/Dec/17,10:55:02,311,480,386,5230,216150.3,55302,-92,-14,-58,12,5230,386,-15,-92,-57,5230,203,-20,-99,-69,
250,38.91563203333333,-95.31787725,2025/Dec/17,10:55:03,311,480,386,5230,216150.3,55302,-92,-14,-64,12,5230,386,-13,-92,-59,
250,38.91563203333333,-95.31787725,2025/Dec/17,10:55:04,311,480,386,5230,216150.3,55302,-91,-14,-57,12,5230,386,-14,-90,-60,5230,203,-20,-99,-67,
250,38.91563205,-95.3178772,2025/Dec/17,10:55:05,311,480,386,5230,216150.3,55302,-91,-17,-57,11,5230,386,-17,-91,-56,5230,203,-20,-103,-67,
250,38.91562798333333,-95.31786936666667,2025/Dec/17,10:55:06,311,480,386,5230,216150.3,55302,-93,-14,-63,11,5230,386,-14,-93,-62,5230,203,-20,-105,-73,
250,38.91562268333333,-95.31788053333334,2025/Dec/17,10:55:07,311,480,386,5230,216150.3,55302,-91,-13,-61,11,5230,386,-13,-91,-61,5230,203,-20,-101,-69,
250,38.91562275,-95.31788718333334,2025/Dec/17,10:55:08,311,480,386,5230,216150.3,55302,-91,-12,-62,11,5230,386,-12,-91,-62,5230,203,-20,-104,-72,
250,38.91562338333333,-95.31789083333334,2025/Dec/17,10:55:09,311,480,386,5230,216150.3,55302,-91,-17,-56,10,5230,386,-18,-92,-56,5230,203,-20,-97,-68,
250,38.91562053333333,-95.31788813333333,2025/Dec/17,10:55:11,311,480,386,5230,216150.3,55302,-92,-14,-61,10,5230,386,-13,-92,-62,5230,203,-15,-95,-72,
250,38.91562328333333,-95.31788528333334,2025/Dec/17,10:55:12,311,480,386,5230,216150.3,55302,-92,-13,-61,11,5230,386,-13,-92,-63,5230,203,-17,-96,-71,
250,38.915622983333336,-95.31788421666667,2025/Dec/17,10:55:13,311,480,386,5230,216150.3,55302,-92,-16,-57,11,5230,386,-11,-91,-63,5230,203,-18,-99,-73,
250,38.91562815,-95.3178768,2025/Dec/17,10:55:15,311,480,386,5230,216150.3,55302,-91,-12,-57,12,5230,386,-12,-91,-61,5230,203,-16,-95,-71,
250,38.9156313,-95.31787266666667,2025/Dec/17,10:55:17,311,480,386,5230,216150.3,55302,-90,-14,-62,12,5230,386,-16,-91,-57,5230,203,-20,-98,-66,
250,38.91562815,-95.31786406666667,2025/Dec/17,10:55:18,311,480,386,5230,216150.3,55302,-92,-16,-62,12,5230,386,-14,-92,-63,5230,203,-20,-105,-73,
250,38.91562821666667,-95.31786481666667,2025/Dec/17,10:55:19,311,480,386,5230,216150.3,55302,-90,-12,-61,13,5230,386,-12,-90,-59,5230,203,-20,-102,-71,
250,38.91563155,-95.31786828333334,2025/Dec/17,10:55:20,311,480,203,2300,216253.32,55302,-104,-14,-70,8,2300,203,-14,-104,-69,2300,386,-16,-106,-82,
250,38.915633,-95.31786793333333,2025/Dec/17,10:55:21,311,480,203,2300,216253.32,55302,-104,-17,-67,10,2300,203,-17,-105,-71,2300,386,-20,-111,-82,2300,202,-20,-115,-82,
250,38.91564066666667,-95.31786928333334,2025/Dec/17,10:55:23,311,480,203,2300,216253.32,55302,-106,-15,-71,10,2300,203,-15,-105,-69,2300,386,-20,-116,-82,2300,202,-20,-114,-82,
250,38.91564136666667,-95.31786698333333,2025/Dec/17,10:55:24,311,480,203,2300,216253.32,55302,-104,-14,-71,11,2300,203,-13,-104,-70,
250,38.91564145,-95.31786351666666,2025/Dec/17,10:55:25,311,480,203,2300,216253.32,55302,-104,-15,-71,10,2300,203,-16,-104,-68,2300,386,-20,-108,-77,
250,38.91564133333333,-95.31785893333333,2025/Dec/17,10:55:26,311,480,203,2300,216253.32,55302,-105,-16,-70,10,2300,203,-16,-106,-69,
250,38.91563985,-95.31785308333333,2025/Dec/17,10:55:27,311,480,203,2300,216253.32,55302,-105,-16,-69,11,2300,203,-16,-105,-68,2300,202,-20,-112,-81,
240,38.91563715,-95.31784966666666,2025/Dec/17,10:55:28,311,480,203,2300,216253.32,55302,-105,-15,-69,11,2300,203,-15,-104,-67,
240,38.91563775,-95.31784836666667,2025/Dec/17,10:55:29,311,480,203,2300,216253.32,55302,-104,-16,-68,11,2300,203,-16,-105,-69,2300,386,-20,-111,-79,
240,38.91563931666666,-95.31785125,2025/Dec/17,10:55:30,311,480,203,2300,216253.32,55302,-104,-14,-69,11,2300,203,-13,-104,-72,
240,38.91563911666667,-95.31785151666666,2025/Dec/17,10:55:31,311,480,203,2300,216253.32,55302,-103,-15,-67,11,2300,203,-17,-106,-68,
250,38.91563921666667,-95.31785406666667,2025/Dec/17,10:55:33,311,480,203,2300,216253.32,55302,-105,-17,-69,10,2300,203,-17,-105,-68,
250,38.91563935,-95.3178556,2025/Dec/17,10:55:34,311,480,203,2300,216253.32,55302,-106,-17,-69,6,2300,203,-17,-106,-68,
250,38.915639066666664,-95.31785725,2025/Dec/17,10:55:36,311,480,203,2300,216253.32,55302,-107,-18,-68,9,2300,203,-19,-107,-69,2300,202,-20,-110,-81,
250,38.915639,-95.31785756666666,2025/Dec/17,10:55:37,311,480,203,2300,216253.32,55302,-105,-17,-68,10,2300,203,-17,-105,-68,2300,202,-20,-113,-79,2300,386,-20,-107,-79,
250,38.91563888333334,-95.31785798333334,2025/Dec/17,10:55:39,311,480,203,2300,216253.32,55302,-105,-15,-71,9,2300,203,-16,-105,-68,2300,202,-20,-114,-81,
250,38.91563885,-95.31785806666667,2025/Dec/17,10:55:40,311,480,203,2300,216253.32,55302,-104,-17,-66,9,2300,203,-18,-105,-66,
250,38.915638816666664,-95.31785816666667,2025/Dec/17,10:55:41,311,480,203,2300,216253.32,55302,-105,-15,-67,10,2300,203,-16,-105,-67,2300,202,-20,-112,-78,
250,38.91563858333333,-95.31785993333334,2025/Dec/17,10:55:42,311,480,203,2300,216253.32,55302,-105,-17,-67,9,2300,203,-17,-103,-66,2300,202,-20,-107,-79,
250,38.91563798333333,-95.31786438333333,2025/Dec/17,10:55:45,311,480,203,2300,216253.32,55302,-106,-17,-68,9,2300,203,-18,-106,-66,
250,38.91563788333333,-95.31786516666666,2025/Dec/17,10:55:46,311,480,203,2300,216253.32,55302,-106,-17,-68,10,2300,203,-16,-107,-68,2300,386,-20,-115,-83,
250,38.91563781666667,-95.31786575,2025/Dec/17,10:55:47,311,480,203,2300,216253.32,55302,-104,-13,-73,10,2300,203,-13,-105,-70,2300,202,-20,-112,-83,
250,38.91563775,-95.3178662,2025/Dec/17,10:55:48,311,480,203,2300,216253.32,55302,-106,-16,-67,9,2300,203,-16,-106,-66,2300,386,-17,-107,-80,
250,38.9156377,-95.31786665,2025/Dec/17,10:55:49,311,480,203,2300,216253.32,55302,-104,-17,-64,11,2300,203,-17,-103,-64,2300,386,-20,-106,-75,
250,38.91563766666667,-95.317867,2025/Dec/17,10:55:50,311,480,203,2300,216253.32,55302,-102,-16,-64,12,2300,203,-16,-102,-70,
250,38.91563763333333,-95.31786725,2025/Dec/17,10:55:51,311,480,203,2300,216253.32,55302,-105,-16,-69,9,2300,203,-16,-106,-71,2300,386,-18,-108,-81,
250,38.91563753333333,-95.31786801666667,2025/Dec/17,10:55:52,311,480,203,2300,216253.32,55302,-104,-17,-63,11,2300,203,-16,-103,-64,2300,202,-20,-107,-76,
250,38.91563743333333,-95.31786863333333,2025/Dec/17,10:55:53,311,480,203,2300,216253.32,55302,-105,-18,-67,10,2300,203,-18,-106,-68,2300,202,-20,-113,-79,
250,38.91563735,-95.31786905,2025/Dec/17,10:55:54,311,480,203,2300,216253.32,55302,-105,-16,-70,12,2300,203,-15,-105,-72,2300,202,-19,-109,-83,
250,38.9156373,-95.31786936666667,2025/Dec/17,10:55:55,311,480,203,2300,216253.32,55302,-105,-14,-70,10,2300,203,-14,-105,-70,
250,38.91563725,-95.3178696,2025/Dec/17,10:55:56,311,480,203,2300,216253.32,55302,-105,-15,-71,11,2300,203,-14,-105,-72,2300,386,-20,-112,-83,
250,38.91563718333333,-95.31786998333334,2025/Dec/17,10:55:58,311,480,203,2300,216253.32,55302,-106,-14,-73,9,2300,203,-15,-106,-72,2300,386,-16,-106,-81,
250,38.91563715,-95.31787008333333,2025/Dec/17,10:55:59,311,480,203,2300,216253.32,55302,-105,-13,-70,10,2300,203,-13,-105,-72,2300,386,-20,-116,-83,
250,38.915637133333334,-95.31787015,2025/Dec/17,10:56:00,311,480,203,2300,216253.32,55302,-105,-13,-70,9,2300,203,-13,-105,-71,2300,202,-20,-113,-83,2300,386,-17,-109,-82,
250,38.915637116666666,-95.31787023333334,2025/Dec/17,10:56:01,311,480,203,2300,216253.32,55302,-104,-17,-66,9,2300,203,-17,-104,-67,
250,38.91563708333334,-95.31787028333333,2025/Dec/17,10:56:02,311,480,203,2300,216253.32,55302,-105,-13,-71,10,2300,203,-13,-104,-69,2300,202,-20,-111,-80,2300,386,-20,-117,-80,
250,38.91563706666667,-95.31787038333333,2025/Dec/17,10:56:03,311,480,203,2300,216253.32,55302,-105,-14,-68,10,2300,203,-16,-105,-73,
250,38.91563703333333,-95.31787048333334,2025/Dec/17,10:56:04,311,480,203,2300,216253.32,55302,-108,-18,-70,8,2300,203,-18,-108,-68,2300,110,-20,-120,-80,2300,386,-20,-117,-80,
250,38.915637016666665,-95.31787053333333,2025/Dec/17,10:56:05,311,480,203,2300,216253.32,55302,-105,-14,-72,10,2300,203,-14,-105,-69,2300,202,-20,-111,-81,2300,386,-20,-112,-81,
250,38.915637,-95.31787056666667,2025/Dec/17,10:56:06,311,480,203,2300,216253.32,55302,-105,-16,-69,9,2300,203,-15,-105,-71,
250,38.915636983333336,-95.31787061666667,2025/Dec/17,10:56:07,311,480,203,2300,216253.32,55302,-106,-14,-71,10,2300,203,-14,-106,-72,2300,386,-20,-111,-83,
250,38.915636983333336,-95.31787065,2025/Dec/17,10:56:08,311,480,203,2300,216253.32,55302,-105,-14,-72,11,2300,203,-13,-105,-72,2300,386,-19,-110,-84,
250,38.915636916666664,-95.31787063333333,2025/Dec/17,10:56:12,311,480,203,2300,216253.32,55302,-105,-17,-67,11,2300,203,-17,-105,-67,
250,38.915636916666664,-95.3178706,2025/Dec/17,10:56:13,311,480,203,2300,216253.32,55302,-105,-15,-69,10,2300,203,-15,-104,-68,2300,386,-20,-113,-80,
250,38.915636916666664,-95.31787058333333,2025/Dec/17,10:56:14,311,480,203,2300,216253.32,55302,-106,-14,-71,9,2300,203,-14,-106,-71,2300,386,-20,-115,-84,2300,110,-20,-114,-84,
250,38.915636916666664,-95.31787051666667,2025/Dec/17,10:56:15,311,480,203,2300,216253.32,55302,-106,-14,-71,10,2300,203,-14,-106,-70,
250,38.915636916666664,-95.3178705,2025/Dec/17,10:56:16,311,480,203,2300,216253.32,55302,-105,-17,-69,10,2300,203,-17,-106,-68,
250,38.9156369,-95.31787045,2025/Dec/17,10:56:17,311,480,203,2300,216253.32,55302,-106,-15,-73,9,2300,203,-14,-106,-71,
250,38.915636883333335,-95.31787041666666,2025/Dec/17,10:56:18,311,480,203,2300,216253.32,55302,-106,-15,-70,10,2300,203,-15,-106,-73,
250,38.91563686666667,-95.3178704,2025/Dec/17,10:56:19,311,480,203,2300,216253.32,55302,-104,-13,-71,10,2300,203,-13,-105,-72,2300,386,-20,-119,-83,
250,38.91563683333333,-95.31787036666667,2025/Dec/17,10:56:21,311,480,203,2300,216253.32,55302,-103,-12,-70,12,2300,203,-12,-103,-72,
250,38.91563683333333,-95.3178704,2025/Dec/17,10:56:22,311,480,203,2300,216253.32,55302,-104,-13,-67,10,2300,203,-14,-104,-66,
250,38.91563683333333,-95.31787036666667,2025/Dec/17,10:56:23,311,480,203,2300,216253.32,55302,-106,-16,-72,10,2300,203,-15,-105,-71,
250,38.91563683333333,-95.31787031666667,2025/Dec/17,10:56:24,311,480,203,2300,216253.32,55302,-106,-14,-71,9,2300,203,-14,-105,-71,2300,386,-18,-109,-82,
250,38.91563685,-95.31787038333333,2025/Dec/17,10:56:25,311,480,203,2300,216253.32,55302,-105,-14,-72,10,2300,203,-13,-105,-72,2300,386,-19,-118,-84,
250,38.91563686666667,-95.31787041666666,2025/Dec/17,10:56:26,311,480,203,2300,216253.32,55302,-106,-14,-72,10,2300,203,-14,-106,-72,2300,386,-19,-110,-82,
250,38.915636883333335,-95.31787038333333,2025/Dec/17,10:56:27,311,480,203,2300,216253.32,55302,-105,-13,-68,10,2300,203,-15,-105,-67,2300,386,-20,-110,-80,
250,38.9156369,-95.31787031666667,2025/Dec/17,10:56:29,311,480,203,2300,216253.32,55302,-106,-18,-72,10,2300,203,-17,-106,-67,2300,386,-20,-109,-80,
250,38.9156369,-95.3178703,2025/Dec/17,10:56:30,311,480,203,2300,216253.32,55302,-106,-15,-73,10,2300,203,-15,-106,-67,2300,386,-17,-108,-81,2300,202,-20,-114,-81,
250,38.91563686666667,-95.3178703,2025/Dec/17,10:56:32,311,480,203,2300,216253.32,55302,-105,-14,-67,10,2300,203,-13,-105,-71,2300,202,-20,-111,-82,2300,386,-17,-108,-82,
250,38.91563683333333,-95.31787026666667,2025/Dec/17,10:56:33,311,480,203,2300,216253.32,55302,-105,-15,-70,10,2300,203,-15,-106,-71,2300,202,-20,-113,-83,2300,386,-15,-106,-83,
250,38.91563681666667,-95.31787026666667,2025/Dec/17,10:56:34,311,480,203,2300,216253.32,55302,-106,-16,-73,10,2300,203,-16,-106,-68,2300,386,-17,-108,-81,
250,38.91563678333333,-95.31787031666667,2025/Dec/17,10:56:36,311,480,203,2300,216253.32,55302,-105,-14,-71,9,2300,203,-14,-105,-72,2300,386,-13,-104,-83,
250,38.915636766666665,-95.3178704,2025/Dec/17,10:56:37,311,480,203,2300,216253.32,55302,-105,-15,-68,11,2300,203,-14,-105,-69,
250,38.915636733333336,-95.3178704,2025/Dec/17,10:56:40,311,480,203,2300,216253.32,55302,-105,-13,-70,10,2300,203,-13,-105,-71,2300,386,-18,-108,-80,
250,38.915636766666665,-95.31787035,2025/Dec/17,10:56:41,311,480,203,2300,216253.32,55302,-105,-13,-72,10,2300,203,-13,-105,-72,
250,38.915636766666665,-95.31787033333333,2025/Dec/17,10:56:42,311,480,203,2300,216253.32,55302,-105,-13,-72,11,2300,203,-13,-105,-71,2300,202,-20,-114,-84,2300,386,-19,-111,-84,
250,38.91563678333333,-95.31787045,2025/Dec/17,10:56:45,311,480,203,2300,216253.32,55302,-106,-13,-73,10,2300,203,-13,-106,-73,2300,386,-17,-109,-84,
250,38.91563678333333,-95.31787055,2025/Dec/17,10:56:46,311,480,203,2300,216253.32,55302,-106,-15,-68,11,2300,203,-16,-105,-66,2300,386,-20,-108,-78,
250,38.91563678333333,-95.31787053333333,2025/Dec/17,10:56:48,311,480,203,2300,216253.32,55302,-104,-17,-67,11,2300,203,-17,-105,-67,2300,386,-20,-109,-80,
250,38.91563678333333,-95.3178705,2025/Dec/17,10:56:49,311,480,203,2300,216253.32,55302,-104,-14,-71,10,2300,203,-14,-104,-71,2300,384,-20,-120,-81,
250,38.91563681666667,-95.31787043333334,2025/Dec/17,10:56:50,311,480,203,2300,216253.32,55302,-106,-14,-71,10,2300,203,-14,-106,-71,2300,386,-18,-109,-83,2300,202,-20,-112,-83,
250,38.91563683333333,-95.31787041666666,2025/Dec/17,10:56:51,311,480,203,2300,216253.32,55302,-105,-18,-69,8,2300,203,-18,-105,-64,2300,202,-20,-114,-76,2300,386,-20,-110,-76,
250,38.91563685,-95.31787048333334,2025/Dec/17,10:56:53,311,480,203,2300,216253.32,55302,-104,-13,-71,11,2300,203,-12,-104,-71,2300,202,-20,-111,-81,2300,386,-20,-112,-81,
250,38.91563686666667,-95.3178705,2025/Dec/17,10:56:54,311,480,203,2300,216253.32,55302,-107,-14,-73,9,2300,203,-14,-106,-72,2300,202,-20,-118,-82,2300,386,-16,-108,-83,
250,38.91563685,-95.3178705,2025/Dec/17,10:56:56,311,480,203,2300,216253.32,55302,-105,-13,-74,9,2300,203,-14,-105,-69,2300,386,-16,-107,-81,2300,202,-20,-117,-81,
250,38.91563681666667,-95.31787048333334,2025/Dec/17,10:56:57,311,480,203,2300,216253.32,55302,-104,-13,-71,11,2300,203,-13,-104,-68,2300,386,-16,-107,-83,2300,202,-20,-112,-83,
250,38.91563678333333,-95.31787046666666,2025/Dec/17,10:56:58,311,480,203,2300,216253.32,55302,-105,-14,-72,10,2300,203,-14,-106,-71,2300,386,-18,-108,-83,
250,38.91563678333333,-95.31787045,2025/Dec/17,10:56:59,311,480,203,2300,216253.32,55302,-105,-14,-69,9,2300,203,-14,-105,-71,2300,386,-16,-107,-83,
250,38.915636766666665,-95.3178704,2025/Dec/17,10:57:00,311,480,203,2300,216253.32,55302,-104,-14,-67,10,2300,203,-15,-105,-67,2300,386,-19,-109,-81,
250,38.91563675,-95.31787045,2025/Dec/17,10:57:01,311,480,203,2300,216253.32,55302,-104,-14,-67,10,2300,203,-14,-104,-68,2300,386,-20,-117,-82,
250,38.91563675,-95.31787041666666,2025/Dec/17,10:57:03,311,480,203,2300,216253.32,55302,-103,-12,-68,10,2300,203,-13,-103,-68,2300,110,-20,-114,-81,
250,38.91563675,-95.31787036666667,2025/Dec/17,10:57:04,311,480,203,2300,216253.32,55302,-103,-15,-67,11,2300,203,-16,-103,-66,
250,38.9156367,-95.31787045,2025/Dec/17,10:57:05,311,480,203,2300,216253.32,55302,-103,-12,-70,11,2300,203,-17,-103,-65,2300,202,-20,-110,-80,
250,38.91563661666667,-95.31787036666667,2025/Dec/17,10:57:10,311,480,203,2300,216253.32,55302,-102,-12,-67,10,2300,203,-12,-102,-68,
250,38.9156366,-95.31787031666667,2025/Dec/17,10:57:11,311,480,203,2300,216253.32,55302,-103,-13,-69,11,2300,203,-12,-102,-69,
250,38.9156366,-95.31787028333333,2025/Dec/17,10:57:12,311,480,203,2300,216253.32,55302,-103,-13,-70,10,2300,203,-13,-103,-70,
250,38.91563658333333,-95.31787038333333,2025/Dec/17,10:57:13,311,480,203,2300,216253.32,55302,-103,-14,-67,10,2300,203,-13,-103,-70,2300,110,-20,-116,-81,
250,38.915636516666666,-95.31787046666666,2025/Dec/17,10:57:15,311,480,203,2300,216253.32,55302,-103,-14,-71,11,2300,203,-14,-104,-71,2300,386,-19,-109,-82,2300,202,-20,-110,-82,
250,38.91563646666667,-95.31787053333333,2025/Dec/17,10:57:17,311,480,203,2300,216253.32,55302,-106,-15,-70,10,2300,203,-15,-106,-70,2300,386,-20,-110,-82,2300,202,-20,-113,-82,
250,38.91563645,-95.31787055,2025/Dec/17,10:57:18,311,480,203,2300,216253.32,55302,-105,-14,-71,9,2300,203,-18,-105,-66,2300,202,-20,-113,-79,2300,332,-20,-111,-79,
250,38.91563645,-95.31787053333333,2025/Dec/17,10:57:20,311,480,203,2300,216253.32,55302,-106,-16,-68,9,2300,203,-16,-106,-70,2300,202,-20,-114,-81,2300,332,-18,-107,-82,
250,38.91563645,-95.31787051666667,2025/Dec/17,10:57:22,311,480,203,2300,216253.32,55302,-105,-19,-66,9,2300,203,-19,-106,-67,2300,386,-20,-110,-80,2300,202,-20,-110,-80,
250,38.91563645,-95.3178705,2025/Dec/17,10:57:23,311,480,203,2300,216253.32,55302,-106,-17,-70,9,2300,203,-16,-105,-68,2300,202,-20,-114,-81,2300,332,-20,-110,-81,
250,38.91563645,-95.31787048333334,2025/Dec/17,10:57:25,311,480,203,2300,216253.32,55302,-106,-17,-68,9,2300,203,-18,-106,-69,2300,202,-20,-115,-82,
250,38.91563643333333,-95.31787048333334,2025/Dec/17,10:57:26,311,480,203,2300,216253.32,55302,-107,-16,-72,8,2300,203,-16,-108,-74,2300,202,-20,-121,-85,2300,110,-19,-111,-85,
250,38.915636416666665,-95.31787048333334,2025/Dec/17,10:57:27,311,480,203,2300,216253.32,55302,-109,-15,-74,7,2300,203,-14,-109,-74,2300,110,-15,-111,-88,
250,38.915636416666665,-95.31787046666666,2025/Dec/17,10:57:28,311,480,203,2300,216253.32,55302,-111,-18,-74,7,2300,203,-17,-111,-74,2300,110,-17,-111,-86,2300,386,-20,-115,-87,
250,38.9156364,-95.31787043333334,2025/Dec/17,10:57:30,311,480,203,2300,216253.32,55302,-109,-18,-70,7,2300,203,-19,-110,-71,2300,386,-18,-109,-83,2300,110,-20,-112,-83,
250,38.9156364,-95.31787041666666,2025/Dec/17,10:57:32,311,480,203,2300,216253.32,55302,-109,-18,-72,8,2300,203,-17,-110,-71,2300,386,-17,-111,-87,2300,110,-20,-118,-87,
250,38.9156364,-95.3178704,2025/Dec/17,10:57:33,311,480,203,2300,216253.32,55302,-110,-16,-73,9,2300,203,-16,-110,-73,2300,110,-20,-117,-87,
250,38.9156364,-95.3178704,2025/Dec/17,10:57:34,311,480,203,2300,216253.32,55302,-109,-18,-70,9,2300,203,-14,-107,-72,2300,110,-19,-113,-86,
250,38.915636416666665,-95.3178704,2025/Dec/17,10:57:37,311,480,203,2300,216253.32,55302,-108,-16,-72,8,2300,203,-15,-108,-73,
250,38.915636416666665,-95.31787038333333,2025/Dec/17,10:57:39,311,480,203,2300,216253.32,55302,-108,-15,-71,8,2300,203,-15,-108,-71,
250,38.915636416666665,-95.31787038333333,2025/Dec/17,10:57:40,311,480,203,2300,216253.32,55302,-108,-18,-70,8,2300,203,-19,-109,-71,2300,332,-20,-112,-84,
250,38.9156364,-95.3178704,2025/Dec/17,10:57:41,311,480,203,2300,216253.32,55302,-108,-17,-72,8,2300,203,-18,-109,-72,2300,332,-20,-113,-85,2300,110,-20,-112,-84,
250,38.9156364,-95.31787041666666,2025/Dec/17,10:57:42,311,480,203,2300,216253.32,55302,-110,-15,-72,8,2300,203,-16,-109,-73,2300,110,-17,-111,-86,
250,38.915636416666665,-95.31787035,2025/Dec/17,10:57:44,311,480,203,2300,216253.32,55302,-109,-18,-71,7,2300,203,-19,-110,-71,2300,110,-19,-112,-85,
250,38.91563643333333,-95.31787033333333,2025/Dec/17,10:57:46,311,480,203,2300,216253.32,55302,-110,-18,-73,6,2300,203,-17,-110,-73,2300,110,-17,-112,-86,
250,38.91563643333333,-95.31787033333333,2025/Dec/17,10:57:47,311,480,203,2300,216253.32,55302,-112,-20,-72,6,2300,203,-20,-112,-72,2300,110,-20,-114,-84,2300,386,-13,-105,-84,
250,38.91563645,-95.31787035,2025/Dec/17,10:57:48,311,480,203,2300,216253.32,55302,-109,-18,-72,8,2300,203,-18,-109,-71,2300,386,-13,-105,-84,
250,38.91563645,-95.31787035,2025/Dec/17,10:57:49,311,480,203,2300,216253.32,55302,-109,-16,-72,7,2300,203,-16,-109,-74,2300,110,-20,-120,-87,
250,38.91563645,-95.31787036666667,2025/Dec/17,10:57:50,311,480,203,2300,216253.32,55302,-109,-19,-69,7,2300,203,-19,-109,-69,2300,386,-16,-106,-82,
250,38.91563645,-95.31787038333333,2025/Dec/17,10:57:52,311,480,203,2300,216253.32,55302,-110,-18,-71,7,2300,203,-18,-110,-71,2300,386,-17,-109,-84,
250,38.91563645,-95.3178704,2025/Dec/17,10:57:53,311,480,203,2300,216253.32,55302,-109,-17,-72,8,2300,203,-17,-109,-71,2300,386,-20,-116,-86,
250,38.91563645,-95.3178704,2025/Dec/17,10:57:54,311,480,203,2300,216253.32,55302,-109,-16,-71,8,2300,203,-17,-109,-72,2300,386,-18,-112,-85,
250,38.91563645,-95.3178704,2025/Dec/17,10:57:56,65535,65535,386,-1,16777215.255,65535,-92,-12,-63,10,5230,386,-13,-92,-57,
250,38.91563643333333,-95.3178704,2025/Dec/17,10:57:57,311,480,386,5230,216150.3,55302,-93,-17,-64,10,5230,386,-16,-93,-63,
250,38.91563643333333,-95.3178704,2025/Dec/17,10:57:58,311,480,386,5230,216150.3,55302,-93,-13,-63,10,5230,386,-13,-93,-62,5230,203,-19,-100,-73,
250,38.91563643333333,-95.31787038333333,2025/Dec/17,10:57:59,311,480,386,5230,216150.3,55302,-93,-16,-58,10,5230,386,-17,-93,-58,5230,203,-20,-97,-68,
250,38.91563643333333,-95.31787041666666,2025/Dec/17,10:58:01,311,480,386,5230,216150.3,55302,-94,-16,-62,9,5230,386,-15,-94,-63,5230,203,-18,-98,-73,
250,38.91563643333333,-95.31787043333334,2025/Dec/17,10:58:02,311,480,386,5230,216150.3,55302,-93,-13,-63,10,5230,386,-13,-93,-59,5230,203,-16,-97,-71,
250,38.91563645,-95.31787045,2025/Dec/17,10:58:03,311,480,386,5230,216150.3,55302,-93,-16,-59,9,5230,386,-17,-93,-58,5230,203,-20,-98,-70,
250,38.91563643333333,-95.31787045,2025/Dec/17,10:58:04,311,480,386,5230,216150.3,55302,-93,-13,-62,9,5230,386,-17,-93,-57,5230,203,-20,-99,-69,5230,110,-20,-105,-69,
250,38.91563643333333,-95.31787041666666,2025/Dec/17,10:58:06,311,480,386,5230,216150.3,55302,-93,-11,-65,11,5230,386,-12,-93,-63,5230,203,-19,-101,-73,5230,110,-20,-105,-73,
250,38.9156364,-95.31787045,2025/Dec/17,10:58:09,311,480,386,5230,216150.3,55302,-94,-14,-65,10,5230,386,-13,-94,-61,5230,203,-20,-103,-75,
250,38.915636383333336,-95.31787043333334,2025/Dec/17,10:58:10,311,480,386,5230,216150.3,55302,-94,-13,-65,12,5230,386,-13,-93,-62,5230,203,-20,-105,-74,
250,38.915636383333336,-95.31787043333334,2025/Dec/17,10:58:11,311,480,386,5230,216150.3,55302,-94,-16,-61,13,5230,386,-16,-95,-62,5230,203,-20,-104,-72,
250,38.915636383333336,-95.31787043333334,2025/Dec/17,10:58:12,311,480,386,5230,216150.3,55302,-95,-14,-66,12,5230,386,-13,-95,-66,5230,203,-19,-101,-75,
250,38.915636383333336,-95.31787041666666,2025/Dec/17,10:58:14,311,480,386,5230,216150.3,55302,-94,-12,-66,12,5230,386,-13,-94,-63,5230,203,-18,-101,-74,
250,38.915636383333336,-95.31787041666666,2025/Dec/17,10:58:15,311,480,386,5230,216150.3,55302,-95,-16,-61,11,5230,386,-17,-95,-61,5230,203,-20,-101,-72,
250,38.915636383333336,-95.31787041666666,2025/Dec/17,10:58:16,311,480,386,5230,216150.3,55302,-94,-14,-64,13,5230,386,-13,-94,-63,5230,203,-20,-103,-74,
250,38.915636383333336,-95.31787041666666,2025/Dec/17,10:58:17,311,480,386,5230,216150.3,55302,-93,-13,-64,12,5230,386,-13,-93,-62,5230,203,-20,-108,-73,
250,38.915636383333336,-95.31787036666667,2025/Dec/17,10:58:19,311,480,386,5230,216150.3,55302,-93,-13,-63,12,5230,386,-13,-93,-62,5230,203,-20,-109,-73,
250,38.915636383333336,-95.31787028333333,2025/Dec/17,10:58:21,311,480,386,2300,216150.32,55302,-106,-14,-72,9,2300,386,-16,-106,-68,2300,203,-18,-109,-83,
250,38.915636383333336,-95.3178703,2025/Dec/17,10:58:22,311,480,386,2300,216150.32,55302,-106,-15,-71,9,2300,386,-16,-106,-67,2300,203,-18,-109,-83,
250,38.91563358333333,-95.31787535,2025/Dec/17,10:58:24,311,480,386,2300,216150.32,55302,-106,-15,-72,9,2300,386,-16,-107,-68,2300,203,-18,-110,-83,2300,110,-18,-110,-83,2300,332,-20,-113,-83,
250,38.915634016666665,-95.31788155,2025/Dec/17,10:58:25,311,480,386,2300,216150.32,55302,-109,-16,-73,9,2300,386,-16,-109,-73,2300,203,-16,-110,-85,2300,110,-17,-110,-85,
250,38.91563203333333,-95.3178842,2025/Dec/17,10:58:26,311,480,386,2300,216150.32,55302,-110,-17,-73,6,2300,386,-18,-111,-73,2300,203,-16,-110,-85,2300,110,-16,-109,-85,
250,38.91563105,-95.31788551666666,2025/Dec/17,10:58:27,311,480,386,2300,216150.32,55302,-110,-18,-70,5,2300,386,-19,-111,-70,2300,203,-17,-109,-84,2300,110,-19,-110,-84,
250,38.91563083333333,-95.31788853333333,2025/Dec/17,10:58:28,311,480,386,2300,216150.32,55302,-111,-20,-73,4,2300,386,-20,-111,-70,2300,203,-16,-108,-83,2300,110,-20,-112,-83,
250,38.9156306,-95.31789425,2025/Dec/17,10:58:29,311,480,386,2300,216150.32,55302,-113,-20,-73,6,2300,386,-20,-113,-74,2300,203,-16,-110,-85,2300,332,-19,-113,-85,
250,38.91563106666667,-95.31789503333333,2025/Dec/17,10:58:31,311,480,203,2300,216253.32,55302,-111,-17,-74,8,2300,386,-15,-109,-85,2300,203,-14,-108,-72,
250,38.91564088333333,-95.31789386666667,2025/Dec/17,10:58:35,311,480,203,2300,216253.32,55302,-109,-18,-71,9,2300,386,-19,-112,-84,2300,203,-18,-109,-70,
250,38.91564155,-95.31789245,2025/Dec/17,10:58:36,311,480,203,2300,216253.32,55302,-108,-15,-73,9,2300,386,-18,-112,-86,2300,203,-15,-108,-75,
250,38.915642283333334,-95.317891,2025/Dec/17,10:58:37,311,480,203,2300,216253.32,55302,-110,-16,-72,8,2300,203,-16,-110,-71,2300,386,-20,-113,-83,
250,38.91564283333334,-95.3178897,2025/Dec/17,10:58:39,311,480,203,2300,216253.32,55302,-111,-18,-72,6,2300,203,-17,-110,-72,2300,386,-20,-114,-84,
250,38.91564293333333,-95.31788933333333,2025/Dec/17,10:58:40,311,480,203,2300,216253.32,55302,-109,-16,-74,9,2300,203,-16,-109,-74,2300,386,-15,-109,-87,
250,38.915643,-95.31788905,2025/Dec/17,10:58:42,311,480,203,2300,216253.32,55302,-108,-17,-70,9,2300,203,-17,-108,-71,
250,38.91564275,-95.31788928333333,2025/Dec/17,10:58:44,311,480,203,2300,216253.32,55302,-109,-16,-73,7,2300,203,-15,-109,-74,2300,386,-16,-109,-86,
250,38.9156427,-95.31788935,2025/Dec/17,10:58:45,311,480,203,2300,216253.32,55302,-109,-18,-70,8,2300,203,-18,-108,-70,2300,386,-19,-110,-82,2300,332,-19,-111,-82,
250,38.91564271666667,-95.31788925,2025/Dec/17,10:58:46,311,480,203,2300,216253.32,55302,-110,-18,-72,7,2300,203,-18,-110,-70,2300,386,-16,-109,-84,
250,38.91564271666667,-95.31788916666666,2025/Dec/17,10:58:47,311,480,203,2300,216253.32,55302,-105,-14,-71,10,2300,203,-14,-105,-72,2300,202,-20,-111,-83,2300,386,-19,-110,-83,
250,38.91564271666667,-95.31788913333334,2025/Dec/17,10:58:48,311,480,203,2300,216253.32,55302,-104,-17,-67,9,2300,203,-17,-105,-67,2300,202,-20,-115,-79,2300,386,-18,-106,-79,
250,38.91564151666667,-95.31789013333334,2025/Dec/17,10:58:49,311,480,203,2300,216253.32,55302,-106,-15,-71,10,2300,203,-14,-106,-71,2300,386,-19,-111,-83,2300,202,-20,-113,-83,
250,38.9156414,-95.31788861666666,2025/Dec/17,10:58:50,311,480,203,2300,216253.32,55302,-107,-16,-69,9,2300,203,-16,-107,-71,2300,202,-20,-117,-83,
250,38.9156421,-95.31788718333334,2025/Dec/17,10:58:51,311,480,203,2300,216253.32,55302,-106,-16,-68,10,2300,203,-16,-105,-72,2300,202,-20,-114,-78,
250,38.91563416666666,-95.31788998333333,2025/Dec/17,10:58:52,311,480,203,2300,216253.32,55302,-105,-16,-70,10,2300,203,-16,-106,-70,2300,202,-20,-114,-82,2300,332,-17,-107,-82,
250,38.91562903333333,-95.31789341666666,2025/Dec/17,10:58:53,311,480,203,2300,216253.32,55302,-105,-17,-69,9,2300,203,-18,-106,-68,
250,38.91562416666667,-95.31789288333333,2025/Dec/17,10:58:54,311,480,203,2300,216253.32,55302,-109,-18,-70,8,2300,203,-18,-109,-70,2300,386,-17,-109,-83,2300,332,-20,-112,-82,
250,38.9156175,-95.31788843333334,2025/Dec/17,10:58:56,311,480,203,2300,216253.32,55302,-110,-20,-69,6,2300,203,-20,-110,-69,2300,386,-20,-118,-81,2300,332,-17,-107,-80,
250,38.915614233333336,-95.3178834,2025/Dec/17,10:58:58,311,480,203,2300,216253.32,55302,-109,-17,-72,7,2300,203,-18,-109,-71,2300,332,-20,-115,-85,2300,386,-20,-114,-85,
250,38.91561406666667,-95.31788218333334,2025/Dec/17,10:58:59,311,480,203,2300,216253.32,55302,-110,-18,-71,6,2300,203,-19,-110,-70,2300,386,-20,-118,-82,2300,332,-20,-119,-82,
250,38.915615,-95.31788726666667,2025/Dec/17,10:59:02,311,480,203,2300,216253.32,55302,-112,-20,-72,5,2300,203,-20,-112,-72,2300,386,-15,-107,-85,2300,332,-20,-116,-85,
250,38.91561561666666,-95.31789033333334,2025/Dec/17,10:59:04,311,480,203,5230,216253.3,55302,-95,-19,-59,7,5230,203,-18,-95,-60,
250,38.91561585,-95.31789121666667,2025/Dec/17,10:59:06,311,480,203,5230,216253.3,55302,-95,-15,-63,8,5230,203,-15,-95,-63,5230,386,-12,-93,-73,
250,38.91561588333333,-95.31789155,2025/Dec/17,10:59:07,311,480,203,5230,216253.3,55302,-95,-14,-64,8,5230,203,-15,-95,-63,
250,38.91561588333333,-95.3178917,2025/Dec/17,10:59:08,311,480,203,5230,216253.3,55302,-94,-18,-58,8,5230,203,-18,-94,-58,
250,38.91561588333333,-95.31789176666666,2025/Dec/17,10:59:10,311,480,203,5230,216253.3,55302,-95,-14,-64,8,5230,203,-14,-95,-63,5230,386,-13,-95,-74,
250,38.91561588333333,-95.31789176666666,2025/Dec/17,10:59:11,311,480,203,5230,216253.3,55302,-95,-15,-63,9,5230,203,-15,-94,-63,
250,38.91561898333333,-95.31788731666667,2025/Dec/17,10:59:12,311,480,203,5230,216253.3,55302,-94,-13,-63,9,5230,203,-13,-93,-63,
250,38.91562893333333,-95.31788296666667,2025/Dec/17,10:59:14,311,480,203,5230,216253.3,55302,-92,-14,-59,9,5230,203,-14,-92,-61,5230,386,-13,-94,-73,
250,38.91563021666666,-95.3178832,2025/Dec/17,10:59:15,311,480,203,5230,216253.3,55302,-94,-13,-63,9,5230,203,-13,-94,-63,
250,38.91563718333333,-95.31787811666666,2025/Dec/17,10:59:18,311,480,203,5230,216253.3,55302,-96,-18,-59,7,5230,203,-19,-96,-59,5230,386,-17,-96,-71,
250,38.91563811666666,-95.31787643333334,2025/Dec/17,10:59:19,311,480,203,5230,216253.3,55302,-95,-16,-62,8,5230,203,-16,-95,-65,
250,38.91564175,-95.31787703333333,2025/Dec/17,10:59:20,311,480,203,5230,216253.3,55302,-96,-17,-61,5,5230,203,-18,-97,-61,
250,38.9156431,-95.3178743,2025/Dec/17,10:59:22,311,480,203,5230,216253.3,55302,-97,-19,-59,6,5230,203,-20,-97,-58,
240,38.915642883333334,-95.31787256666667,2025/Dec/17,10:59:23,311,480,203,5230,216253.3,55302,-98,-16,-65,6,5230,203,-16,-98,-65,5230,386,-11,-94,-75,
240,38.915649433333336,-95.31785091666667,2025/Dec/17,10:59:25,311,480,203,5230,216253.3,55302,-98,-18,-61,6,5230,203,-19,-98,-61,
240,38.9156567,-95.31784275,2025/Dec/17,10:59:26,311,480,203,5230,216253.3,55302,-97,-20,-60,6,5230,203,-19,-98,-65,
240,38.91566445,-95.31783301666667,2025/Dec/17,10:59:27,311,480,386,5230,216150.3,55302,-94,-16,-63,11,5230,386,-13,-93,-63,5230,203,-20,-107,-73,
240,38.91565656666667,-95.31783038333333,2025/Dec/17,10:59:32,311,480,386,5230,216150.3,55302,-93,-14,-61,11,5230,386,-14,-93,-62,5230,203,-20,-101,-73,
240,38.915655316666665,-95.31783006666667,2025/Dec/17,10:59:33,311,480,386,5230,216150.3,55302,-93,-17,-58,12,5230,386,-17,-93,-58,5230,203,-20,-100,-69,
250,38.915649916666666,-95.31783236666666,2025/Dec/17,10:59:34,311,480,386,5230,216150.3,55302,-93,-12,-63,9,5230,386,-13,-93,-63,5230,203,-17,-101,-77,
250,38.91564721666667,-95.31783351666667,2025/Dec/17,10:59:35,311,480,386,5230,216150.3,55302,-93,-12,-62,10,5230,386,-13,-93,-63,5230,203,-20,-100,-73,
250,38.91564423333333,-95.317833,2025/Dec/17,10:59:36,311,480,386,5230,216150.3,55302,-93,-13,-63,10,5230,386,-13,-93,-63,5230,203,-20,-103,-71,
240,38.91564416666667,-95.31783291666666,2025/Dec/17,10:59:38,311,480,386,5230,216150.3,55302,-95,-13,-65,10,5230,386,-15,-94,-60,5230,203,-20,-104,-73,
240,38.915645366666666,-95.31783276666667,2025/Dec/17,10:59:40,311,480,386,5230,216150.3,55302,-93,-13,-61,10,5230,386,-13,-93,-62,5230,203,-20,-101,-72,
240,38.91564545,-95.31783293333334,2025/Dec/17,10:59:41,311,480,386,5230,216150.3,55302,-93,-16,-58,10,5230,386,-17,-93,-59,5230,203,-20,-103,-69,
240,38.9156455,-95.31783303333333,2025/Dec/17,10:59:42,311,480,386,5230,216150.3,55302,-93,-17,-59,9,5230,386,-17,-93,-59,5230,203,-20,-104,-70,
240,38.9156455,-95.31783325,2025/Dec/17,10:59:43,311,480,386,5230,216150.3,55302,-93,-15,-62,9,5230,386,-14,-93,-62,5230,203,-20,-100,-75,
240,38.91564545,-95.31783333333334,2025/Dec/17,10:59:44,311,480,386,5230,216150.3,55302,-93,-16,-61,10,5230,386,-17,-94,-59,5230,203,-20,-102,-70,
240,38.915645383333334,-95.31783333333334,2025/Dec/17,10:59:46,311,480,386,5230,216150.3,55302,-93,-17,-58,10,5230,386,-17,-94,-59,5230,203,-20,-105,-69,
240,38.91564535,-95.31783331666666,2025/Dec/17,10:59:47,311,480,386,5230,216150.3,55302,-94,-13,-64,11,5230,386,-14,-94,-63,5230,203,-20,-105,-72,
240,38.91564535,-95.31783336666666,2025/Dec/17,10:59:48,311,480,386,5230,216150.3,55302,-92,-16,-57,10,5230,386,-17,-92,-57,5230,203,-20,-96,-68,
240,38.91564533333333,-95.31783341666667,2025/Dec/17,10:59:49,311,480,386,5230,216150.3,55302,-93,-17,-60,9,5230,386,-17,-93,-57,5230,203,-17,-95,-71,
240,38.91564481666666,-95.31783376666667,2025/Dec/17,10:59:51,311,480,386,5230,216150.3,55302,-92,-17,-57,10,5230,386,-17,-92,-56,5230,203,-18,-95,-68,
240,38.91564473333333,-95.31783381666666,2025/Dec/17,10:59:52,311,480,386,5230,216150.3,55302,-94,-16,-62,10,5230,386,-15,-93,-62,5230,203,-15,-94,-72,
240,38.91564458333333,-95.31783396666667,2025/Dec/17,10:59:54,311,480,386,5230,216150.3,55302,-92,-16,-58,9,5230,386,-17,-93,-57,5230,203,-17,-94,-69,
240,38.91564455,-95.317834,2025/Dec/17,10:59:55,311,480,386,5230,216150.3,55302,-92,-18,-57,9,5230,386,-18,-92,-57,5230,203,-18,-93,-67,
240,38.91564451666667,-95.31783401666667,2025/Dec/17,10:59:56,311,480,386,5230,216150.3,55302,-92,-17,-58,9,5230,386,-18,-92,-57,5230,203,-19,-95,-67,
240,38.91564451666667,-95.3178341,2025/Dec/17,10:59:57,311,480,386,5230,216150.3,55302,-92,-18,-58,10,5230,386,-17,-92,-56,5230,203,-19,-95,-68,
240,38.915644666666665,-95.31783423333333,2025/Dec/17,11:00:00,311,480,386,5230,216150.3,55302,-92,-17,-55,10,5230,386,-17,-92,-55,5230,203,-17,-94,-68,
240,38.91564465,-95.31783428333334,2025/Dec/17,11:00:01,311,480,386,5230,216150.3,55302,-92,-17,-56,10,5230,386,-17,-92,-57,5230,203,-19,-95,-68,
240,38.915644633333336,-95.3178343,2025/Dec/17,11:00:02,311,480,386,5230,216150.3,55302,-93,-18,-58,10,5230,386,-18,-92,-57,5230,203,-17,-93,-67,
240,38.91564471666667,-95.3178344,2025/Dec/17,11:00:04,311,480,386,5230,216150.3,55302,-92,-16,-57,9,5230,386,-16,-92,-57,5230,203,-17,-95,-70,
240,38.915645616666666,-95.31783556666667,2025/Dec/17,11:00:05,311,480,386,5230,216150.3,55302,-92,-18,-57,10,5230,386,-17,-92,-59,5230,203,-18,-94,-68,
240,38.91564736666667,-95.31784765,2025/Dec/17,11:00:07,311,480,386,5230,216150.3,55302,-93,-16,-60,9,5230,386,-16,-93,-61,5230,203,-16,-94,-70,
240,38.91564953333334,-95.31785063333334,2025/Dec/17,11:00:08,311,480,386,5230,216150.3,55302,-94,-16,-59,9,5230,386,-17,-94,-58,5230,203,-14,-94,-73,
250,38.915650066666664,-95.31785385,2025/Dec/17,11:00:09,311,480,386,5230,216150.3,55302,-92,-17,-57,9,5230,386,-17,-92,-58,5230,203,-19,-95,-68,
250,38.915649683333335,-95.317856,2025/Dec/17,11:00:10,311,480,386,5230,216150.3,55302,-92,-16,-60,9,5230,386,-16,-92,-61,5230,203,-18,-96,-69,
250,38.915649433333336,-95.31785831666667,2025/Dec/17,11:00:11,311,480,386,5230,216150.3,55302,-92,-17,-57,10,5230,386,-17,-92,-57,5230,203,-19,-95,-68,
250,38.915647916666664,-95.31786638333334,2025/Dec/17,11:00:12,311,480,386,5230,216150.3,55302,-92,-17,-58,10,5230,386,-18,-93,-58,5230,203,-20,-96,-69,
250,38.91564485,-95.31787515,2025/Dec/17,11:00:13,311,480,386,5230,216150.3,55302,-92,-16,-57,9,5230,386,-15,-92,-60,5230,203,-20,-98,-70,
250,38.915642516666665,-95.31787766666666,2025/Dec/17,11:00:14,311,480,386,5230,216150.3,55302,-92,-16,-57,11,5230,386,-17,-92,-57,5230,203,-20,-98,-67,
250,38.9156386,-95.31787866666667,2025/Dec/17,11:00:16,311,480,386,5230,216150.3,55302,-91,-17,-57,11,5230,386,-17,-92,-57,5230,203,-20,-97,-68,
250,38.915636766666665,-95.31788196666666,2025/Dec/17,11:00:17,311,480,386,5230,216150.3,55302,-91,-15,-61,11,5230,386,-16,-91,-57,5230,203,-20,-97,-67,
250,38.91562735,-95.31788138333333,2025/Dec/17,11:00:19,311,480,386,5230,216150.3,55302,-91,-17,-56,11,5230,386,-17,-91,-57,5230,203,-20,-97,-67,
250,38.915626233333334,-95.31788255,2025/Dec/17,11:00:20,311,480,386,5230,216150.3,55302,-91,-14,-62,11,5230,386,-14,-91,-62,5230,203,-20,-98,-70,
250,38.91562583333334,-95.31788406666666,2025/Dec/17,11:00:21,311,480,386,5230,216150.3,55302,-91,-15,-57,10,5230,386,-16,-91,-56,5230,203,-19,-96,-69,
250,38.91562511666667,-95.3178846,2025/Dec/17,11:00:22,311,480,386,5230,216150.3,55302,-91,-17,-56,10,5230,386,-17,-91,-56,5230,203,-20,-96,-68,
250,38.91562561666667,-95.31788296666667,2025/Dec/17,11:00:23,311,480,386,5230,216150.3,55302,-91,-15,-60,11,5230,386,-15,-91,-57,5230,203,-20,-97,-68,
250,38.915625516666665,-95.31788231666667,2025/Dec/17,11:00:24,311,480,386,5230,216150.3,55302,-91,-15,-57,11,5230,386,-15,-91,-56,5230,203,-20,-97,-68,
250,38.915626683333336,-95.31788058333333,2025/Dec/17,11:00:25,311,480,386,5230,216150.3,55302,-91,-17,-57,11,5230,386,-17,-91,-57,5230,203,-20,-97,-67,
250,38.91562951666667,-95.31787701666667,2025/Dec/17,11:00:26,311,480,386,5230,216150.3,55302,-91,-14,-63,11,5230,386,-15,-91,-63,5230,203,-20,-97,-67,
240,38.915644033333336,-95.31786811666667,2025/Dec/17,11:00:29,311,480,386,5230,216150.3,55302,-91,-16,-57,11,5230,386,-15,-91,-57,5230,203,-20,-101,-69,
240,38.91564595,-95.31786595,2025/Dec/17,11:00:30,311,480,386,5230,216150.3,55302,-91,-14,-62,11,5230,386,-14,-91,-59,5230,203,-20,-101,-69,
240,38.91564625,-95.31786346666667,2025/Dec/17,11:00:31,311,480,386,5230,216150.3,55302,-91,-14,-60,10,5230,386,-15,-91,-57,5230,203,-20,-99,-67,
240,38.91564571666667,-95.31786501666667,2025/Dec/17,11:00:32,311,480,386,5230,216150.3,55302,-91,-17,-56,11,5230,386,-17,-91,-56,5230,203,-20,-99,-67,
240,38.915644633333336,-95.3178657,2025/Dec/17,11:00:33,311,480,386,5230,216150.3,55302,-91,-15,-57,11,5230,386,-15,-91,-57,5230,203,-20,-97,-69,
240,38.91564343333334,-95.3178641,2025/Dec/17,11:00:34,311,480,386,5230,216150.3,55302,-91,-14,-59,11,5230,386,-15,-91,-57,5230,203,-20,-102,-68,
240,38.91564306666667,-95.31786283333334,2025/Dec/17,11:00:35,311,480,386,5230,216150.3,55302,-92,-16,-60,11,5230,386,-15,-92,-62,5230,203,-20,-101,-73,
240,38.91564258333333,-95.3178629,2025/Dec/17,11:00:36,311,480,386,5230,216150.3,55302,-92,-13,-61,10,5230,386,-13,-91,-61,5230,203,-20,-100,-72,
240,38.91564175,-95.31786233333334,2025/Dec/17,11:00:37,311,480,386,5230,216150.3,55302,-92,-16,-58,10,5230,386,-16,-92,-59,5230,203,-20,-97,-68,
240,38.91564423333333,-95.31786698333333,2025/Dec/17,11:00:38,311,480,386,5230,216150.3,55302,-92,-15,-62,11,5230,386,-14,-92,-63,5230,203,-19,-98,-72,
250,38.91564355,-95.3178681,2025/Dec/17,11:00:39,311,480,386,5230,216150.3,55302,-91,-12,-61,12,5230,386,-13,-91,-61,
250,38.915641316666665,-95.31786851666666,2025/Dec/17,11:00:40,311,480,386,5230,216150.3,55302,-92,-13,-61,10,5230,386,-13,-92,-58,
240,38.9156393,-95.3178633,2025/Dec/17,11:00:42,311,480,386,5230,216150.3,55302,-92,-14,-58,11,5230,386,-14,-91,-59,5230,203,-18,-95,-71,
240,38.91563775,-95.3178578,2025/Dec/17,11:00:43,311,480,386,5230,216150.3,55302,-92,-17,-57,11,5230,386,-17,-92,-58,5230,203,-18,-95,-68,
250,38.91563385,-95.31785423333334,2025/Dec/17,11:00:44,311,480,386,5230,216150.3,55302,-92,-14,-60,11,5230,386,-14,-92,-62,5230,203,-16,-95,-72,
240,38.915634583333336,-95.31785295,2025/Dec/17,11:00:45,311,480,386,5230,216150.3,55302,-92,-13,-60,10,5230,386,-13,-92,-62,5230,203,-16,-96,-71,
240,38.9156355,-95.31785131666666,2025/Dec/17,11:00:46,311,480,386,5230,216150.3,55302,-91,-17,-57,10,5230,386,-17,-92,-57,5230,203,-19,-95,-68,
240,38.915636166666665,-95.31784923333333,2025/Dec/17,11:00:47,311,480,386,5230,216150.3,55302,-92,-14,-62,10,5230,386,-13,-92,-61,5230,203,-16,-96,-72,
240,38.91563728333333,-95.31784788333333,2025/Dec/17,11:00:48,311,480,386,5230,216150.3,55302,-91,-13,-60,11,5230,386,-13,-92,-61,5230,203,-20,-101,-73,
240,38.915637866666664,-95.31784711666667,2025/Dec/17,11:00:49,311,480,386,5230,216150.3,55302,-91,-17,-58,11,5230,386,-17,-92,-57,5230,203,-20,-101,-68,
240,38.915639766666665,-95.31784668333333,2025/Dec/17,11:00:50,311,480,386,5230,216150.3,55302,-92,-13,-63,11,5230,386,-13,-93,-62,5230,203,-20,-103,-72,
240,38.915641183333335,-95.31784581666666,2025/Dec/17,11:00:51,311,480,386,5230,216150.3,55302,-93,-12,-63,11,5230,386,-13,-93,-64,5230,203,-20,-104,-74,
240,38.915641683333334,-95.31784593333333,2025/Dec/17,11:00:52,311,480,386,5230,216150.3,55302,-96,-14,-65,11,5230,386,-17,-97,-62,5230,203,-20,-103,-72,
240,38.91564378333333,-95.31786216666667,2025/Dec/17,11:00:56,311,480,386,5230,216150.3,55302,-96,-14,-65,11,5230,386,-14,-96,-64,5230,203,-19,-101,-73,
250,38.915641066666666,-95.31786918333333,2025/Dec/17,11:00:57,311,480,386,5230,216150.3,55302,-94,-14,-59,10,5230,386,-14,-93,-62,5230,203,-20,-104,-72,5230,330,-20,-110,-72,
240,38.915639533333334,-95.31787391666667,2025/Dec/17,11:00:58,311,480,386,5230,216150.3,55302,-93,-16,-59,11,5230,386,-16,-93,-61,5230,203,-20,-101,-71,
240,38.915638,-95.31787653333333,2025/Dec/17,11:00:59,311,480,386,5230,216150.3,55302,-92,-14,-63,12,5230,386,-13,-92,-62,5230,203,-20,-104,-73,
240,38.91563671666667,-95.3178778,2025/Dec/17,11:01:00,311,480,386,5230,216150.3,55302,-93,-14,-58,11,5230,386,-14,-93,-63,5230,203,-20,-101,-73,
240,38.91563636666667,-95.31787786666666,2025/Dec/17,11:01:01,311,480,386,5230,216150.3,55302,-93,-17,-59,12,5230,386,-17,-93,-58,5230,203,-20,-104,-69,
240,38.91563745,-95.31787836666666,2025/Dec/17,11:01:02,311,480,386,5230,216150.3,55302,-93,-17,-58,11,5230,386,-16,-93,-64,5230,203,-20,-103,-72,
240,38.91563835,-95.31787836666666,2025/Dec/17,11:01:03,311,480,386,5230,216150.3,55302,-93,-13,-62,12,5230,386,-13,-93,-63,5230,203,-20,-104,-73,
240,38.915639383333335,-95.31787766666666,2025/Dec/17,11:01:04,311,480,386,5230,216150.3,55302,-92,-17,-59,11,5230,386,-16,-93,-63,5230,203,-20,-100,-73,
250,38.91562331666667,-95.31786706666666,2025/Dec/17,11:01:06,311,480,386,5230,216150.3,55302,-93,-13,-62,11,5230,386,-13,-93,-64,5230,203,-18,-99,-73,
250,38.91562403333333,-95.31786478333333,2025/Dec/17,11:01:07,311,480,386,5230,216150.3,55302,-92,-13,-63,12,5230,386,-15,-92,-57,5230,203,-20,-100,-68,
240,38.91562775,-95.31786056666667,2025/Dec/17,11:01:08,311,480,386,5230,216150.3,55302,-93,-18,-57,12,5230,386,-18,-93,-57,5230,203,-20,-101,-69,
240,38.91562931666667,-95.31785903333333,2025/Dec/17,11:01:09,311,480,386,5230,216150.3,55302,-93,-13,-62,12,5230,386,-13,-93,-64,5230,203,-18,-100,-74,
250,38.915630033333336,-95.31785835,2025/Dec/17,11:01:10,311,480,386,5230,216150.3,55302,-93,-13,-63,11,5230,386,-14,-92,-57,5230,203,-20,-102,-73,
250,38.91562875,-95.31786035,2025/Dec/17,11:01:11,311,480,386,5230,216150.3,55302,-93,-18,-57,11,5230,386,-18,-93,-57,5230,203,-20,-101,-69,
250,38.91562555,-95.31786555,2025/Dec/17,11:01:12,311,480,386,5230,216150.3,55302,-93,-13,-64,11,5230,386,-13,-93,-63,5230,203,-19,-101,-73,
250,38.91562445,-95.31786883333334,2025/Dec/17,11:01:13,311,480,386,5230,216150.3,55302,-93,-14,-58,11,5230,386,-16,-93,-59,5230,203,-20,-101,-69,
250,38.9156254,-95.31786866666667,2025/Dec/17,11:01:14,311,480,386,5230,216150.3,55302,-93,-17,-59,11,5230,386,-17,-93,-57,5230,203,-20,-101,-69,
250,38.91562655,-95.31786775,2025/Dec/17,11:01:15,311,480,386,5230,216150.3,55302,-93,-13,-58,11,5230,386,-16,-92,-59,5230,203,-20,-100,-69,
250,38.91563195,-95.31786088333334,2025/Dec/17,11:01:17,311,480,386,5230,216150.3,55302,-94,-13,-65,12,5230,386,-13,-95,-64,5230,203,-20,-105,-73,
250,38.915633766666666,-95.31786361666667,2025/Dec/17,11:01:18,311,480,386,5230,216150.3,55302,-97,-15,-63,8,5230,386,-16,-97,-61,
250,38.915639516666666,-95.31786486666667,2025/Dec/17,11:01:20,311,480,386,5230,216150.3,55302,-96,-17,-61,8,5230,386,-18,-96,-62,
250,38.91563956666667,-95.31786545,2025/Dec/17,11:01:21,311,480,386,5230,216150.3,55302,-97,-14,-66,10,5230,386,-15,-98,-65,5230,212,-20,-112,-75,
250,38.91564005,-95.31786685,2025/Dec/17,11:01:22,311,480,386,5230,216150.3,55302,-99,-18,-65,11,5230,386,-15,-99,-68,5230,203,-14,-99,-76,
250,38.915641283333336,-95.31786953333334,2025/Dec/17,11:01:25,311,480,386,5230,216150.3,55302,-99,-15,-68,10,5230,386,-16,-99,-66,5230,203,-15,-99,-77,
250,38.9156415,-95.31786853333334,2025/Dec/17,11:01:26,311,480,386,5230,216150.3,55302,-99,-18,-61,10,5230,386,-18,-99,-64,5230,203,-18,-99,-73,
250,38.915641533333336,-95.31786625,2025/Dec/17,11:01:27,311,480,386,5230,216150.3,55302,-99,-15,-65,9,5230,386,-15,-99,-68,5230,203,-13,-96,-73,
250,38.915640366666665,-95.31786656666667,2025/Dec/17,11:01:29,311,480,386,5230,216150.3,55302,-99,-18,-63,10,5230,386,-19,-99,-60,5230,203,-15,-96,-71,
250,38.91564003333333,-95.3178665,2025/Dec/17,11:01:30,311,480,386,5230,216150.3,55302,-100,-19,-64,9,5230,386,-18,-100,-64,5230,203,-14,-96,-73,
250,38.91563981666667,-95.31786685,2025/Dec/17,11:01:31,311,480,386,5230,216150.3,55302,-100,-19,-63,9,5230,386,-19,-101,-61,5230,203,-16,-98,-75,
250,38.91563975,-95.31786688333334,2025/Dec/17,11:01:32,311,480,386,5230,216150.3,55302,-101,-20,-64,8,5230,386,-20,-101,-61,5230,203,-17,-99,-72,
250,38.915639666666664,-95.31786683333333,2025/Dec/17,11:01:33,311,480,386,5230,216150.3,55302,-102,-20,-63,8,5230,386,-20,-102,-65,5230,203,-16,-99,-76,
250,38.91563961666667,-95.31786683333333,2025/Dec/17,11:01:34,311,480,386,5230,216150.3,55302,-102,-20,-66,8,5230,386,-19,-102,-66,5230,203,-15,-99,-78,
250,38.91563956666667,-95.31786678333333,2025/Dec/17,11:01:35,311,480,386,5230,216150.3,55302,-102,-18,-67,8,5230,386,-18,-102,-66,5230,203,-13,-99,-78,
250,38.915639533333334,-95.31786675,2025/Dec/17,11:01:36,311,480,386,5230,216150.3,55302,-102,-18,-67,7,5230,386,-17,-102,-77,5230,203,-12,-96,-67,
250,38.915639516666666,-95.31786673333333,2025/Dec/17,11:01:37,311,480,203,5230,216253.3,55302,-95,-16,-65,10,2300,386,-16,-108,-70,
250,38.9156395,-95.31786673333333,2025/Dec/17,11:01:38,311,480,386,2300,216150.32,55302,-109,-17,-71,7,2300,386,-17,-109,-70,2300,203,-14,-107,-83,
250,38.9156395,-95.31786673333333,2025/Dec/17,11:01:39,311,480,386,2300,216150.32,55302,-109,-19,-71,7,2300,386,-19,-108,-80,2300,203,-16,-106,-70,2300,110,-19,-108,-80,
250,38.9156395,-95.31786676666667,2025/Dec/17,11:01:41,311,480,203,2300,216253.32,55302,-107,-15,-72,8,2300,110,-15,-108,-85,2300,203,-14,-107,-74,
250,38.9156395,-95.31786678333333,2025/Dec/17,11:01:42,311,480,203,2300,216253.32,55302,-106,-13,-72,9,2300,110,-15,-107,-82,2300,203,-13,-106,-71,
250,38.915639516666666,-95.3178668,2025/Dec/17,11:01:43,311,480,203,2300,216253.32,55302,-105,-16,-67,9,2300,110,-18,-107,-80,2300,203,-17,-105,-66,2300,202,-20,-113,-81,
250,38.915639516666666,-95.31786683333333,2025/Dec/17,11:01:44,311,480,203,2300,216253.32,55302,-107,-18,-67,8,2300,110,-17,-107,-83,2300,203,-17,-106,-71,2300,202,-20,-111,-83,
250,38.915639516666666,-95.31786685,2025/Dec/17,11:01:45,311,480,203,2300,216253.32,55302,-105,-13,-72,9,2300,110,-17,-109,-84,2300,203,-13,-105,-74,
250,38.915639516666666,-95.31786686666666,2025/Dec/17,11:01:46,311,480,203,2300,216253.32,55302,-108,-15,-69,8,2300,110,-17,-108,-82,2300,203,-16,-108,-69,
250,38.9156395,-95.31786688333334,2025/Dec/17,11:01:47,311,480,203,2300,216253.32,55302,-109,-18,-70,8,2300,110,-16,-108,-83,2300,203,-18,-108,-72,
250,38.9156395,-95.3178669,2025/Dec/17,11:01:48,311,480,203,2300,216253.32,55302,-108,-14,-73,8,2300,110,-14,-108,-85,2300,203,-13,-108,-75,
250,38.91563948333334,-95.3178669,2025/Dec/17,11:01:49,311,480,203,2300,216253.32,55302,-108,-16,-70,7,2300,110,-15,-107,-85,2300,203,-17,-109,-71,
250,38.91563948333334,-95.3178669,2025/Dec/17,11:01:50,311,480,203,2300,216253.32,55302,-109,-16,-74,7,2300,110,-17,-110,-83,2300,203,-16,-108,-70,
250,38.91563946666667,-95.3178669,2025/Dec/17,11:01:55,311,480,203,2300,216253.32,55302,-107,-15,-71,7,2300,110,-18,-110,-84,2300,203,-16,-107,-70,
250,38.91563945,-95.3178669,2025/Dec/17,11:01:56,311,480,203,2300,216253.32,55302,-108,-19,-71,8,2300,110,-20,-109,-82,2300,203,-19,-109,-70,
250,38.91563943333333,-95.31786688333334,2025/Dec/17,11:01:57,311,480,203,2300,216253.32,55302,-109,-19,-70,8,2300,110,-20,-111,-83,2300,203,-18,-109,-72,2300,332,-20,-112,-84,
250,38.915639416666664,-95.31786686666666,2025/Dec/17,11:01:58,311,480,203,2300,216253.32,55302,-109,-17,-71,8,2300,110,-19,-112,-85,2300,203,-17,-109,-71,2300,332,-18,-111,-85,
250,38.91563935,-95.31786681666667,2025/Dec/17,11:01:59,311,480,203,2300,216253.32,55302,-109,-18,-70,7,2300,110,-18,-109,-82,2300,203,-19,-110,-69,2300,332,-20,-114,-82,
250,38.9156393,-95.31786678333333,2025/Dec/17,11:02:00,311,480,203,2300,216253.32,55302,-107,-17,-70,8,2300,110,-20,-111,-83,2300,203,-17,-107,-72,2300,386,-13,-104,-83,
250,38.915639,-95.3178716,2025/Dec/17,11:02:01,311,480,203,2300,216253.32,55302,-107,-15,-71,8,2300,110,-20,-113,-85,2300,203,-15,-107,-70,
250,38.91563746666667,-95.31787586666667,2025/Dec/17,11:02:02,311,480,203,2300,216253.32,55302,-109,-18,-72,8,2300,110,-20,-118,-83,2300,203,-18,-109,-70,
250,38.9156364,-95.317875,2025/Dec/17,11:02:03,311,480,203,2300,216253.32,55302,-107,-17,-66,8,2300,203,-16,-109,-73,2300,110,-18,-111,-85,
250,38.91563361666667,-95.31786748333333,2025/Dec/17,11:02:05,311,480,203,2300,216253.32,55302,-107,-17,-71,9,2300,203,-18,-107,-68,2300,110,-20,-109,-82,
250,38.91563216666667,-95.31786695,2025/Dec/17,11:02:06,311,480,203,2300,216253.32,55302,-108,-17,-72,7,2300,203,-16,-108,-73,2300,110,-18,-110,-85,
250,38.91563141666666,-95.31786695,2025/Dec/17,11:02:07,311,480,203,2300,216253.32,55302,-109,-17,-72,7,2300,203,-17,-109,-73,2300,386,-16,-108,-84,
250,38.91563086666667,-95.31786875,2025/Dec/17,11:02:08,311,480,203,2300,216253.32,55302,-106,-17,-67,9,2300,203,-17,-107,-69,2300,386,-18,-106,-79,
250,38.915629433333336,-95.31787011666667,2025/Dec/17,11:02:09,311,480,203,2300,216253.32,55302,-107,-18,-68,8,2300,203,-18,-107,-72,2300,386,-18,-106,-80,
250,38.915628283333334,-95.31787281666666,2025/Dec/17,11:02:10,311,480,203,2300,216253.32,55302,-107,-15,-71,10,2300,203,-15,-106,-71,2300,386,-15,-106,-82,
250,38.91562726666667,-95.3178741,2025/Dec/17,11:02:11,311,480,203,2300,216253.32,55302,-107,-17,-67,9,2300,203,-18,-107,-68,2300,386,-16,-105,-80,
250,38.915626966666665,-95.31787538333333,2025/Dec/17,11:02:12,311,480,203,2300,216253.32,55302,-105,-17,-72,9,2300,203,-15,-105,-71,2300,386,-15,-104,-81,
250,38.91562685,-95.3178752,2025/Dec/17,11:02:13,311,480,203,2300,216253.32,55302,-105,-14,-70,8,2300,203,-14,-105,-71,2300,386,-13,-104,-83,
250,38.91562676666667,-95.31787528333334,2025/Dec/17,11:02:14,311,480,203,2300,216253.32,55302,-107,-16,-67,9,2300,203,-17,-106,-65,2300,386,-15,-104,-80,
250,38.91562666666667,-95.31787528333334,2025/Dec/17,11:02:15,311,480,203,2300,216253.32,55302,-106,-14,-71,9,2300,203,-14,-106,-72,2300,386,-15,-106,-83,2300,110,-19,-111,-83,
250,38.91562711666667,-95.31787193333334,2025/Dec/17,11:02:17,311,480,203,2300,216253.32,55302,-106,-14,-72,10,2300,203,-16,-106,-68,2300,110,-20,-111,-83,
250,38.915627883333336,-95.31786595,2025/Dec/17,11:02:18,311,480,203,2300,216253.32,55302,-106,-15,-71,10,2300,203,-15,-106,-71,2300,110,-19,-110,-84,
250,38.915633283333335,-95.31785546666667,2025/Dec/17,11:02:19,311,480,203,2300,216253.32,55302,-105,-15,-68,10,2300,203,-15,-104,-71,2300,110,-19,-109,-82,
250,38.915635216666665,-95.31785125,2025/Dec/17,11:02:20,311,480,203,2300,216253.32,55302,-104,-17,-68,11,2300,203,-14,-106,-71,2300,110,-18,-109,-83,
250,38.91563725,-95.31784385,2025/Dec/17,11:02:23,311,480,203,2300,216253.32,55302,-105,-14,-71,10,2300,203,-14,-105,-68,2300,110,-17,-108,-83,
250,38.9156377,-95.31784275,2025/Dec/17,11:02:24,311,480,203,2300,216253.32,55302,-104,-17,-66,10,2300,203,-17,-104,-67,2300,110,-20,-107,-79,
250,38.915638183333336,-95.31784083333334,2025/Dec/17,11:02:25,311,480,203,2300,216253.32,55302,-104,-14,-66,9,2300,203,-14,-104,-70,2300,110,-15,-106,-83,
250,38.915637966666665,-95.31784031666666,2025/Dec/17,11:02:26,311,480,203,2300,216253.32,55302,-105,-14,-71,10,2300,203,-14,-105,-70,2300,110,-16,-107,-82,2300,202,-20,-114,-82,
250,38.915637116666666,-95.31783821666667,2025/Dec/17,11:02:27,311,480,203,2300,216253.32,55302,-104,-16,-71,11,2300,203,-14,-104,-71,2300,110,-16,-107,-84,2300,202,-20,-115,-84,
250,38.91563393333333,-95.31784123333334,2025/Dec/17,11:02:29,311,480,203,2300,216253.32,55302,-105,-13,-71,11,2300,203,-13,-105,-72,2300,110,-16,-108,-84,
250,38.91563385,-95.31784203333333,2025/Dec/17,11:02:30,311,480,203,2300,216253.32,55302,-106,-17,-70,10,2300,203,-18,-106,-67,2300,110,-20,-109,-79,
250,38.91563405,-95.3178413,2025/Dec/17,11:02:31,311,480,203,2300,216253.32,55302,-106,-15,-72,10,2300,203,-14,-106,-71,2300,110,-17,-108,-83,
250,38.91563513333333,-95.31784108333333,2025/Dec/17,11:02:32,311,480,203,2300,216253.32,55302,-106,-15,-71,10,2300,203,-15,-106,-72,2300,110,-18,-109,-83,
250,38.915635783333336,-95.31784081666666,2025/Dec/17,11:02:33,311,480,203,2300,216253.32,55302,-106,-17,-68,9,2300,203,-17,-106,-68,2300,110,-20,-109,-79,
250,38.91563608333333,-95.31784066666667,2025/Dec/17,11:02:34,311,480,203,2300,216253.32,55302,-106,-14,-73,10,2300,203,-13,-106,-71,2300,110,-17,-109,-84,
250,38.91563623333333,-95.31784055,2025/Dec/17,11:02:35,311,480,203,2300,216253.32,55302,-106,-14,-72,10,2300,203,-14,-106,-71,2300,110,-17,-109,-84,
250,38.915636316666664,-95.3178405,2025/Dec/17,11:02:36,311,480,203,2300,216253.32,55302,-106,-17,-69,10,2300,203,-17,-106,-68,2300,110,-18,-109,-82,
250,38.91563636666667,-95.31784046666667,2025/Dec/17,11:02:37,311,480,203,2300,216253.32,55302,-106,-15,-71,10,2300,203,-14,-106,-72,2300,110,-16,-109,-84,
250,38.9156364,-95.31784045,2025/Dec/17,11:02:38,311,480,203,2300,216253.32,55302,-108,-15,-73,8,2300,203,-15,-108,-71,2300,202,-20,-117,-84,2300,386,-16,-109,-84,
250,38.915636383333336,-95.31783758333333,2025/Dec/17,11:02:39,311,480,203,2300,216253.32,55302,-109,-19,-69,8,2300,203,-19,-108,-67,2300,202,-20,-118,-83,2300,386,-19,-109,-82,
250,38.91563743333333,-95.3178369,2025/Dec/17,11:02:40,311,480,203,2300,216253.32,55302,-107,-17,-72,8,2300,203,-17,-108,-73,2300,202,-20,-115,-84,2300,386,-17,-108,-84,
250,38.9156384,-95.31783333333334,2025/Dec/17,11:02:41,311,480,203,2300,216253.32,55302,-109,-16,-73,7,2300,203,-17,-109,-72,2300,212,-20,-122,-85,2300,386,-16,-110,-85,2300,110,-17,-111,-85,
250,38.91563883333333,-95.31783183333333,2025/Dec/17,11:02:42,311,480,203,2300,216253.32,55302,-109,-19,-69,7,5230,386,-16,-97,-66,
250,38.91563756666667,-95.31783473333333,2025/Dec/17,11:02:43,311,480,386,5230,216150.3,55302,-96,-17,-62,9,5230,386,-16,-95,-61,5230,203,-14,-95,-74,
250,38.915634233333336,-95.31784006666666,2025/Dec/17,11:02:44,311,480,386,5230,216150.3,55302,-95,-16,-60,9,5230,386,-16,-95,-61,5230,203,-15,-94,-70,
250,38.915633,-95.31784176666666,2025/Dec/17,11:02:45,311,480,386,5230,216150.3,55302,-94,-17,-59,9,5230,386,-17,-95,-59,5230,203,-15,-94,-70,
250,38.91563201666666,-95.31784658333333,2025/Dec/17,11:02:46,311,480,386,5230,216150.3,55302,-95,-17,-60,8,5230,386,-17,-95,-63,5230,203,-13,-93,-72,
250,38.915630916666665,-95.31785875,2025/Dec/17,11:02:47,311,480,386,5230,216150.3,55302,-95,-16,-62,8,5230,386,-16,-96,-62,5230,203,-12,-93,-73,
250,38.91563038333334,-95.31786276666666,2025/Dec/17,11:02:48,311,480,386,5230,216150.3,55302,-96,-18,-61,8,5230,386,-16,-97,-61,5230,203,-14,-96,-74,
250,38.91563,-95.31785398333334,2025/Dec/17,11:02:51,311,480,386,5230,216150.3,55302,-96,-17,-61,9,5230,386,-17,-95,-63,5230,203,-19,-98,-71,
250,38.9156296,-95.31785563333334,2025/Dec/17,11:02:53,311,480,386,5230,216150.3,55302,-95,-13,-65,9,5230,386,-13,-95,-65,5230,203,-14,-97,-75,
250,38.915631233333336,-95.31785433333333,2025/Dec/17,11:02:54,311,480,386,5230,216150.3,55302,-95,-16,-61,10,5230,386,-16,-95,-62,5230,203,-18,-98,-71,
250,38.915632366666664,-95.31785465,2025/Dec/17,11:02:55,311,480,386,5230,216150.3,55302,-97,-17,-65,6,5230,386,-17,-97,-66,5230,203,-16,-98,-75,
250,38.91563288333333,-95.31785375,2025/Dec/17,11:02:56,311,480,386,5230,216150.3,55302,-96,-14,-62,6,5230,386,-14,-96,-64,5230,203,-13,-96,-74,
250,38.91563335,-95.31785298333334,2025/Dec/17,11:02:57,311,480,386,5230,216150.3,55302,-94,-15,-60,8,5230,386,-16,-94,-60,5230,203,-15,-94,-70,
250,38.91563158333334,-95.31785645,2025/Dec/17,11:02:58,311,480,386,5230,216150.3,55302,-96,-17,-64,8,5230,386,-16,-96,-63,5230,203,-13,-94,-73,
250,38.91562711666667,-95.31786018333334,2025/Dec/17,11:02:59,311,480,386,5230,216150.3,55302,-94,-15,-63,8,5230,386,-14,-94,-64,5230,203,-14,-95,-74,
250,38.915622666666664,-95.31785918333334,2025/Dec/17,11:03:00,311,480,386,5230,216150.3,55302,-94,-15,-59,10,5230,386,-16,-94,-60,5230,203,-16,-95,-70,
250,38.91562085,-95.3178559,2025/Dec/17,11:03:01,311,480,386,5230,216150.3,55302,-93,-17,-59,9,5230,386,-17,-93,-63,5230,203,-17,-95,-69,
250,38.91561935,-95.31785445,2025/Dec/17,11:03:02,311,480,386,5230,216150.3,55302,-93,-17,-59,10,5230,386,-17,-94,-59,5230,203,-20,-97,-69,
250,38.91561506666667,-95.31785691666667,2025/Dec/17,11:03:05,311,480,386,5230,216150.3,55302,-95,-15,-64,7,5230,386,-15,-96,-63,5230,203,-14,-96,-73,
250,38.91561291666667,-95.31785478333333,2025/Dec/17,11:03:06,311,480,386,5230,216150.3,55302,-96,-17,-61,8,5230,386,-17,-96,-62,5230,203,-18,-98,-72,
250,38.91560573333334,-95.31785075,2025/Dec/17,11:03:07,311,480,203,5230,216150.3,55302,-101,-12,-81,0,2300,203,-14,-104,-69,
250,38.9156033,-95.31785531666667,2025/Dec/17,11:03:08,311,480,203,2300,216253.32,55302,-107,-15,-71,10,2300,203,-15,-106,-69,
250,38.91560603333333,-95.31785851666666,2025/Dec/17,11:03:09,311,480,203,2300,216253.32,55302,-106,-15,-67,9,2300,203,-16,-106,-68,
250,38.91560715,-95.31786023333333,2025/Dec/17,11:03:10,311,480,203,2300,216253.32,55302,-107,-18,-71,9,2300,203,-16,-107,-71,
250,38.91561058333333,-95.31786226666667,2025/Dec/17,11:03:11,311,480,203,2300,216253.32,55302,-107,-15,-72,8,2300,203,-15,-108,-73,2300,110,-19,-111,-84,
250,38.915612083333336,-95.31786416666667,2025/Dec/17,11:03:12,311,480,203,2300,216253.32,55302,-111,-19,-70,6,2300,203,-19,-109,-67,2300,110,-19,-108,-80,
250,38.91561245,-95.31786596666667,2025/Dec/17,11:03:13,311,480,203,2300,216253.32,55302,-110,-20,-71,4,2300,203,-20,-111,-70,2300,110,-20,-110,-82,2300,332,-18,-109,-82,2300,386,-14,-104,-82,
250,38.91561263333333,-95.31786803333334,2025/Dec/17,11:03:14,311,480,203,2300,216253.32,55302,-110,-18,-71,7,2300,203,-19,-109,-69,2300,386,-16,-106,-81,
250,38.915611283333334,-95.3178719,2025/Dec/17,11:03:16,311,480,203,2300,216253.32,55302,-111,-18,-72,7,2300,203,-19,-111,-72,2300,386,-17,-109,-84,
250,38.915608666666664,-95.31787888333334,2025/Dec/17,11:03:19,311,480,203,2300,216253.32,55302,-112,-20,-71,6,2300,203,-20,-112,-72,2300,386,-16,-109,-85,2300,332,-16,-109,-85,
250,38.91560825,-95.3178806,2025/Dec/17,11:03:20,311,480,203,2300,216253.32,55302,-110,-17,-72,7,2300,203,-18,-110,-72,2300,386,-17,-109,-84,
250,38.915608066666664,-95.31788165,2025/Dec/17,11:03:21,311,480,203,2300,216253.32,55302,-111,-19,-72,6,2300,203,-18,-110,-72,
250,38.91560798333333,-95.31788233333333,2025/Dec/17,11:03:22,311,480,203,2300,216253.32,55302,-108,-19,-69,8,2300,203,-18,-107,-68,2300,386,-17,-107,-79,2300,332,-20,-114,-79,2300,202,-20,-118,-80,
250,38.91560675,-95.31788183333333,2025/Dec/17,11:03:23,311,480,203,2300,216253.32,55302,-109,-17,-72,8,2300,203,-17,-109,-71,2300,386,-15,-108,-85,
250,38.915605916666664,-95.31787823333333,2025/Dec/17,11:03:24,311,480,203,2300,216253.32,55302,-107,-15,-73,8,2300,203,-15,-107,-71,2300,110,-19,-111,-84,
250,38.915606233333335,-95.31787638333333,2025/Dec/17,11:03:25,311,480,203,2300,216253.32,55302,-108,-18,-69,7,2300,203,-18,-107,-69,
250,38.915605283333335,-95.31787416666667,2025/Dec/17,11:03:26,311,480,203,2300,216253.32,55302,-108,-15,-73,7,2300,203,-15,-108,-74,2300,202,-20,-119,-85,
250,38.91560568333333,-95.31787358333334,2025/Dec/17,11:03:28,311,480,203,2300,216253.32,55302,-107,-17,-70,9,2300,203,-18,-108,-71,2300,386,-18,-108,-84,
250,38.915606333333336,-95.31787401666666,2025/Dec/17,11:03:29,311,480,203,2300,216253.32,55302,-109,-17,-74,8,2300,203,-16,-109,-73,2300,386,-17,-109,-85,
250,38.915607083333335,-95.31787423333333,2025/Dec/17,11:03:30,311,480,203,2300,216253.32,55302,-106,-15,-71,9,2300,203,-15,-107,-72,2300,386,-16,-108,-85,
250,38.915607466666664,-95.31787466666667,2025/Dec/17,11:03:31,311,480,203,2300,216253.32,55302,-108,-18,-69,8,2300,203,-19,-108,-70,2300,386,-18,-109,-83,
250,38.91560745,-95.31787546666666,2025/Dec/17,11:03:32,311,480,203,2300,216253.32,55302,-106,-15,-71,10,2300,203,-14,-106,-72,
250,38.91560761666667,-95.31787681666667,2025/Dec/17,11:03:33,311,480,203,2300,216253.32,55302,-105,-13,-71,10,2300,203,-13,-105,-71,2300,386,-18,-111,-85,
250,38.91560741666667,-95.3178774,2025/Dec/17,11:03:34,311,480,203,2300,216253.32,55302,-105,-17,-66,10,2300,203,-18,-105,-66,
250,38.91560738333333,-95.31787768333334,2025/Dec/17,11:03:35,311,480,203,2300,216253.32,55302,-105,-13,-72,11,2300,203,-13,-105,-72,
250,38.91560765,-95.31787775,2025/Dec/17,11:03:36,311,480,203,2300,216253.32,55302,-105,-14,-69,11,2300,203,-14,-105,-67,2300,110,-19,-111,-83,
250,38.91560788333334,-95.31787681666667,2025/Dec/17,11:03:37,311,480,203,2300,216253.32,55302,-105,-17,-67,11,2300,203,-14,-105,-71,2300,110,-18,-110,-85,
250,38.91560811666667,-95.31787588333333,2025/Dec/17,11:03:39,311,480,203,2300,216253.32,55302,-108,-15,-73,9,2300,203,-16,-107,-66,2300,386,-18,-110,-83,2300,332,-20,-112,-82,
250,38.91560808333333,-95.31787578333333,2025/Dec/17,11:03:40,311,480,203,2300,216253.32,55302,-105,-18,-65,10,2300,203,-18,-105,-66,2300,386,-18,-108,-82,
250,38.915608066666664,-95.31787571666666,2025/Dec/17,11:03:41,311,480,203,2300,216253.32,55302,-103,-15,-69,11,2300,203,-15,-103,-69,2300,386,-16,-106,-80,
250,38.915608066666664,-95.31787566666667,2025/Dec/17,11:03:42,311,480,203,2300,216253.32,55302,-104,-16,-67,10,2300,203,-16,-104,-69,2300,386,-19,-108,-79,
250,38.91560865,-95.31787586666667,2025/Dec/17,11:03:43,311,480,203,2300,216253.32,55302,-105,-17,-69,10,2300,203,-18,-105,-71,2300,386,-20,-111,-80,
250,38.915609016666664,-95.31787598333334,2025/Dec/17,11:03:44,311,480,203,2300,216253.32,55302,-106,-18,-67,10,2300,203,-15,-105,-70,2300,202,-20,-110,-81,
250,38.915609366666665,-95.317876,2025/Dec/17,11:03:47,311,480,203,2300,216253.32,55302,-105,-15,-70,10,2300,203,-15,-105,-70,2300,202,-19,-109,-81,2300,386,-16,-107,-82,
250,38.91560943333333,-95.31787598333334,2025/Dec/17,11:03:48,311,480,203,2300,216253.32,55302,-105,-14,-70,10,2300,203,-15,-105,-67,2300,386,-16,-107,-82,
250,38.91560945,-95.31787596666666,2025/Dec/17,11:03:49,311,480,203,2300,216253.32,55302,-104,-16,-72,10,2300,203,-15,-105,-70,2300,386,-20,-110,-83,
250,38.91560943333333,-95.31787588333333,2025/Dec/17,11:03:51,311,480,203,2300,216253.32,55302,-106,-14,-71,9,2300,203,-14,-105,-66,2300,386,-15,-106,-83,2300,202,-19,-110,-83,
250,38.91560943333333,-95.31787585,2025/Dec/17,11:03:52,311,480,203,2300,216253.32,55302,-105,-19,-65,9,2300,203,-19,-105,-66,2300,386,-16,-105,-81,2300,202,-20,-113,-81,
250,38.91560945,-95.31787585,2025/Dec/17,11:03:53,311,480,203,2300,216253.32,55302,-103,-14,-70,9,2300,203,-14,-104,-70,2300,386,-13,-102,-81,
250,38.91560945,-95.31787583333333,2025/Dec/17,11:03:54,311,480,203,2300,216253.32,55302,-106,-15,-70,8,2300,203,-15,-106,-70,
250,38.91560943333333,-95.31787578333333,2025/Dec/17,11:03:55,311,480,203,2300,216253.32,55302,-107,-19,-67,8,2300,203,-19,-106,-65,2300,368,-20,-120,-80,
250,38.91560943333333,-95.31787576666666,2025/Dec/17,11:03:56,311,480,203,2300,216253.32,55302,-105,-15,-71,9,2300,203,-15,-106,-71,
250,38.91560943333333,-95.31787575,2025/Dec/17,11:03:57,311,480,203,2300,216253.32,55302,-105,-14,-70,10,2300,203,-14,-105,-71,2300,386,-13,-104,-82,2300,202,-20,-112,-82,
250,38.91560943333333,-95.31787575,2025/Dec/17,11:03:58,311,480,203,2300,216253.32,55302,-104,-18,-65,10,2300,203,-18,-104,-66,2300,386,-16,-104,-79,
250,38.91560945,-95.31787573333334,2025/Dec/17,11:03:59,311,480,203,2300,216253.32,55302,-105,-14,-72,10,2300,203,-14,-106,-72,2300,386,-15,-106,-84,
250,38.915609466666666,-95.31787573333334,2025/Dec/17,11:04:00,311,480,203,2300,216253.32,55302,-106,-14,-73,9,2300,203,-14,-106,-71,2300,386,-15,-107,-84,
250,38.915609483333334,-95.31787573333334,2025/Dec/17,11:04:01,311,480,203,2300,216253.32,55302,-107,-15,-72,10,2300,203,-15,-107,-71,2300,386,-15,-108,-85,
250,38.9156095,-95.31787575,2025/Dec/17,11:04:03,311,480,203,2300,216253.32,55302,-107,-14,-71,10,2300,203,-14,-107,-72,2300,386,-16,-109,-84,
250,38.91560951666666,-95.31787575,2025/Dec/17,11:04:04,311,480,203,2300,216253.32,55302,-108,-18,-69,9,2300,203,-18,-107,-68,2300,386,-16,-106,-81,
250,38.91560951666666,-95.31787576666666,2025/Dec/17,11:04:05,311,480,203,2300,216253.32,55302,-107,-18,-68,9,2300,203,-17,-107,-71,2300,386,-16,-107,-84,
250,38.91560953333333,-95.31787576666666,2025/Dec/17,11:04:06,311,480,203,2300,216253.32,55302,-108,-16,-72,7,2300,203,-16,-109,-72,2300,386,-14,-106,-84,
250,38.91560953333333,-95.31787575,2025/Dec/17,11:04:07,311,480,203,2300,216253.32,55302,-109,-17,-73,8,2300,203,-17,-109,-69,2300,386,-15,-107,-83,
250,38.91560953333333,-95.31787575,2025/Dec/17,11:04:08,311,480,203,2300,216253.32,55302,-110,-19,-70,7,2300,203,-19,-110,-69,2300,386,-17,-108,-83,2300,332,-18,-110,-83,
250,38.91560953333333,-95.31787576666666,2025/Dec/17,11:04:09,311,480,203,2300,216253.32,55302,-109,-16,-73,9,2300,203,-16,-109,-74,2300,386,-17,-110,-84,2300,332,-18,-111,-84,
250,38.91560955,-95.31787576666666,2025/Dec/17,11:04:10,311,480,203,2300,216253.32,55302,-109,-16,-72,8,2300,203,-17,-108,-69,2300,386,-17,-109,-83,2300,332,-17,-108,-83,
250,38.91560955,-95.31787576666666,2025/Dec/17,11:04:11,311,480,203,2300,216253.32,55302,-108,-18,-69,9,2300,203,-18,-107,-69,2300,386,-18,-109,-83,
250,38.91560955,-95.31787578333333,2025/Dec/17,11:04:12,311,480,203,2300,216253.32,55302,-108,-18,-68,9,2300,203,-18,-109,-70,2300,386,-19,-110,-83,
250,38.9156096,-95.3178758,2025/Dec/17,11:04:17,311,480,203,2300,216253.32,55302,-109,-19,-69,8,2300,203,-19,-110,-69,2300,386,-17,-108,-83,2300,332,-19,-111,-83,
250,38.915609616666664,-95.31787578333333,2025/Dec/17,11:04:18,311,480,203,2300,216253.32,55302,-109,-17,-71,7,2300,203,-17,-109,-71,2300,332,-18,-110,-84,
250,38.915609616666664,-95.31787576666666,2025/Dec/17,11:04:19,311,480,203,2300,216253.32,55302,-107,-15,-70,10,2300,203,-15,-107,-71,2300,386,-18,-109,-82,
250,38.91560963333333,-95.31787576666666,2025/Dec/17,11:04:20,311,480,203,2300,216253.32,55302,-107,-16,-71,6,2300,203,-15,-107,-72,2300,110,-17,-109,-83,
250,38.915609616666664,-95.31787576666666,2025/Dec/17,11:04:21,311,480,203,2300,216253.32,55302,-106,-17,-68,8,2300,203,-17,-106,-71,2300,110,-20,-110,-80,
250,38.91560963333333,-95.31787576666666,2025/Dec/17,11:04:22,311,480,203,2300,216253.32,55302,-109,-17,-72,7,2300,203,-17,-108,-71,2300,110,-17,-108,-83,
250,38.91560965,-95.31787578333333,2025/Dec/17,11:04:23,311,480,203,2300,216253.32,55302,-109,-16,-71,6,2300,203,-17,-109,-71,2300,386,-15,-106,-84,2300,332,-20,-114,-84,
250,38.91560965,-95.31787578333333,2025/Dec/17,11:04:24,311,480,203,2300,216253.32,55302,-108,-15,-72,7,2300,203,-15,-107,-73,2300,386,-18,-110,-83,2300,332,-20,-117,-83,
250,38.91560966666667,-95.31787578333333,2025/Dec/17,11:04:25,311,480,203,2300,216253.32,55302,-108,-16,-71,7,2300,203,-16,-108,-71,2300,386,-16,-108,-84,2300,332,-17,-109,-84,
250,38.91560968333334,-95.31787581666667,2025/Dec/17,11:04:26,311,480,203,2300,216253.32,55302,-105,-18,-69,7,2300,203,-19,-107,-68,2300,386,-15,-104,-80,
250,38.915609716666665,-95.31787585,2025/Dec/17,11:04:28,311,480,203,2300,216253.32,55302,-107,-15,-71,6,2300,203,-15,-106,-71,2300,386,-15,-105,-82,
250,38.915609716666665,-95.31787585,2025/Dec/17,11:04:29,311,480,203,2300,216253.32,55302,-108,-16,-72,6,2300,203,-16,-108,-71,2300,386,-18,-108,-82,2300,332,-16,-107,-82,
250,38.91560815,-95.31787468333333,2025/Dec/17,11:04:30,311,480,203,2300,216253.32,55302,-109,-17,-72,8,2300,203,-17,-109,-69,2300,386,-19,-110,-83,2300,332,-17,-109,-83,2300,202,-20,-116,-83,
250,38.915610183333335,-95.31786933333333,2025/Dec/17,11:04:31,311,480,203,2300,216253.32,55302,-108,-19,-69,9,2300,203,-18,-108,-68,2300,202,-20,-113,-81,2300,332,-19,-107,-81,
250,38.91561228333333,-95.317865,2025/Dec/17,11:04:32,311,480,203,2300,216253.32,55302,-108,-18,-71,8,2300,203,-18,-109,-71,2300,202,-20,-119,-84,2300,332,-18,-109,-84,
250,38.91561418333333,-95.31786195,2025/Dec/17,11:04:33,311,480,203,2300,216253.32,55302,-108,-17,-72,8,2300,203,-17,-108,-70,2300,202,-20,-116,-82,
250,38.91561361666667,-95.3178618,2025/Dec/17,11:04:34,311,480,203,2300,216253.32,55302,-107,-15,-72,9,2300,203,-15,-107,-71,
250,38.9156136,-95.3178632,2025/Dec/17,11:04:35,311,480,203,2300,216253.32,55302,-109,-17,-71,7,2300,203,-17,-109,-71,2300,386,-20,-111,-82,
250,38.91561193333333,-95.31786736666666,2025/Dec/17,11:04:36,311,480,203,2300,216253.32,55302,-109,-18,-70,7,2300,203,-19,-110,-70,2300,110,-16,-107,-83,2300,202,-20,-120,-82,
250,38.915611283333334,-95.31786896666667,2025/Dec/17,11:04:37,311,480,203,2300,216253.32,55302,-108,-16,-70,7,2300,203,-16,-108,-71,2300,110,-15,-107,-84,
250,38.91561615,-95.31786951666666,2025/Dec/17,11:04:39,311,480,203,2300,216253.32,55302,-108,-17,-73,6,2300,203,-17,-108,-72,2300,110,-15,-106,-82,2300,202,-20,-120,-82,
250,38.915616666666665,-95.31786903333334,2025/Dec/17,11:04:40,311,480,203,2300,216253.32,55302,-109,-18,-70,6,2300,203,-19,-109,-72,2300,110,-16,-107,-83,2300,386,-19,-109,-83,
250,38.91561706666667,-95.31786891666667,2025/Dec/17,11:04:41,311,480,203,2300,216253.32,55302,-109,-17,-72,7,2300,203,-16,-109,-73,2300,110,-16,-108,-83,
250,38.91561763333333,-95.3178693,2025/Dec/17,11:04:42,311,480,203,2300,216253.32,55302,-109,-17,-71,6,2300,203,-16,-108,-71,2300,110,-17,-108,-84,
250,38.915617733333335,-95.31786978333334,2025/Dec/17,11:04:45,311,480,203,2300,216253.32,55302,-108,-16,-73,7,2300,203,-15,-108,-73,2300,110,-17,-108,-84,2300,386,-17,-109,-84,
250,38.915617483333335,-95.31786955,2025/Dec/17,11:04:46,311,480,203,2300,216253.32,55302,-109,-17,-73,7,2300,203,-17,-109,-73,2300,386,-17,-109,-85,
250,38.91561733333333,-95.31786936666667,2025/Dec/17,11:04:47,311,480,203,2300,216253.32,55302,-109,-16,-73,8,2300,203,-17,-110,-73,2300,386,-17,-110,-85,
250,38.915617266666665,-95.3178693,2025/Dec/17,11:04:48,311,480,203,2300,216253.32,55302,-110,-20,-69,8,2300,203,-20,-110,-70,2300,386,-17,-107,-81,2300,287,-20,-119,-82,
250,38.915617233333336,-95.31786925,2025/Dec/17,11:04:49,311,480,203,775,216253.34,55302,-107,-17,-75,7,775,203,-17,-107,-73,775,110,-15,-106,-83,
250,38.91561735,-95.31786943333333,2025/Dec/17,11:04:51,311,480,203,775,216253.34,55302,-108,-17,-77,7,775,203,-17,-107,-76,775,110,-16,-107,-83,
250,38.915617483333335,-95.31786961666667,2025/Dec/17,11:04:52,311,480,203,775,216253.34,55302,-109,-19,-76,5,775,203,-19,-110,-78,775,386,-12,-104,-85,
250,38.915617583333336,-95.31786978333334,2025/Dec/17,11:04:53,311,480,386,775,216150.34,55302,-105,-15,-76,9,775,386,-15,-105,-76,
250,38.915617583333336,-95.31786983333333,2025/Dec/17,11:04:54,311,480,203,2300,216253.32,55302,-107,-17,-70,6,2300,203,-16,-107,-71,2300,110,-19,-109,-81,
250,38.915617616666665,-95.31786985,2025/Dec/17,11:04:55,311,480,203,2300,216253.32,55302,-107,-16,-71,6,2300,203,-17,-108,-69,2300,386,-13,-103,-83,
250,38.91561763333333,-95.31786988333333,2025/Dec/17,11:04:56,311,480,203,2300,216253.32,55302,-111,-19,-73,5,2300,110,-16,-107,-84,2300,386,-13,-104,-71,
250,38.91561763333333,-95.3178699,2025/Dec/17,11:04:57,311,480,386,2300,216150.32,55302,-107,-15,-72,10,2300,110,-17,-109,-84,2300,386,-15,-107,-72,
250,38.91561765,-95.31786995,2025/Dec/17,11:04:58,311,480,386,2300,216150.32,55302,-109,-16,-72,9,2300,110,-17,-109,-85,2300,386,-16,-108,-72,
250,38.91561766666667,-95.31786996666666,2025/Dec/17,11:04:59,311,480,386,2300,216150.32,55302,-108,-16,-70,8,2300,110,-16,-108,-82,2300,386,-16,-108,-73,
250,38.91561765,-95.31786998333334,2025/Dec/17,11:05:00,311,480,386,2300,216150.32,55302,-109,-20,-70,7,2300,332,-20,-114,-82,2300,386,-20,-110,-69,2300,203,-20,-110,-82,
250,38.91561766666667,-95.31786998333334,2025/Dec/17,11:05:01,311,480,386,5230,216150.3,55302,-94,-13,-63,12,5230,386,-12,-94,-64,5230,203,-18,-100,-74,
250,38.91561765,-95.31787,2025/Dec/17,11:05:03,311,480,386,5230,216150.3,55302,-93,-12,-64,11,5230,386,-12,-93,-64,5230,203,-15,-96,-74,
250,38.91561753333333,-95.31786978333334,2025/Dec/17,11:05:04,311,480,386,5230,216150.3,55302,-93,-17,-58,11,5230,386,-16,-93,-63,5230,203,-15,-94,-73,
250,38.91561745,-95.31786965,2025/Dec/17,11:05:06,311,480,386,5230,216150.3,55302,-92,-12,-63,11,5230,386,-13,-93,-63,5230,203,-14,-94,-69,
250,38.91561743333333,-95.31786961666667,2025/Dec/17,11:05:07,311,480,386,5230,216150.3,55302,-93,-16,-59,11,5230,386,-17,-93,-59,5230,203,-18,-95,-69,
250,38.91561743333333,-95.31786961666667,2025/Dec/17,11:05:08,311,480,386,5230,216150.3,55302,-93,-17,-59,10,5230,386,-16,-94,-64,5230,203,-15,-94,-73,
250,38.91561745,-95.31786958333333,2025/Dec/17,11:05:09,311,480,386,5230,216150.3,55302,-94,-12,-65,12,5230,386,-16,-93,-60,5230,203,-20,-99,-69,
250,38.91561766666667,-95.31786996666666,2025/Dec/17,11:05:13,311,480,386,5230,216150.3,55302,-94,-12,-65,11,5230,386,-12,-95,-65,5230,203,-15,-97,-76,
250,38.91561793333333,-95.31787046666666,2025/Dec/17,11:05:15,311,480,386,5230,216150.3,55302,-95,-13,-65,11,5230,386,-13,-95,-65,5230,203,-16,-99,-76,
250,38.91561803333333,-95.31787065,2025/Dec/17,11:05:16,311,480,386,5230,216150.3,55302,-93,-12,-63,12,5230,386,-12,-93,-64,5230,203,-16,-97,-74,
250,38.91561815,-95.3178708,2025/Dec/17,11:05:17,311,480,386,5230,216150.3,55302,-94,-17,-58,12,5230,386,-17,-93,-59,5230,203,-20,-97,-68,
250,38.915618183333336,-95.31787078333333,2025/Dec/17,11:05:18,311,480,386,5230,216150.3,55302,-93,-13,-64,11,5230,386,-13,-93,-64,5230,203,-16,-96,-73,
250,38.91561816666667,-95.31787073333334,2025/Dec/17,11:05:19,311,480,386,5230,216150.3,55302,-94,-13,-63,11,5230,386,-12,-93,-66,5230,203,-18,-99,-73,
250,38.91561815,-95.31787066666666,2025/Dec/17,11:05:20,311,480,386,5230,216150.3,55302,-94,-13,-64,11,5230,386,-13,-94,-64,5230,203,-20,-100,-71,
250,38.915618,-95.31787043333334,2025/Dec/17,11:05:21,311,480,386,5230,216150.3,55302,-94,-17,-59,11,5230,386,-18,-94,-58,5230,203,-20,-101,-70,
250,38.915617966666666,-95.31787036666667,2025/Dec/17,11:05:22,311,480,386,5230,216150.3,55302,-94,-16,-64,12,5230,386,-15,-94,-64,5230,203,-20,-100,-73,
250,38.91561795,-95.31787033333333,2025/Dec/17,11:05:23,311,480,386,5230,216150.3,55302,-94,-14,-63,10,5230,386,-14,-94,-63,5230,203,-15,-97,-75,
250,38.915617966666666,-95.31787031666667,2025/Dec/17,11:05:24,311,480,386,5230,216150.3,55302,-94,-16,-58,11,5230,386,-17,-94,-58,5230,203,-19,-97,-69,
250,38.91561793333333,-95.31787023333334,2025/Dec/17,11:05:25,311,480,386,5230,216150.3,55302,-94,-17,-59,11,5230,386,-18,-94,-59,5230,203,-18,-95,-69,
250,38.91561793333333,-95.31787018333333,2025/Dec/17,11:05:26,311,480,332,2300,220252.32,55302,-110,-19,-71,7,2300,332,-19,-110,-71,2300,203,-18,-109,-83,
250,38.9156179,-95.3178702,2025/Dec/17,11:05:27,311,480,203,2300,216253.32,55302,-107,-16,-72,8,2300,386,-14,-106,-83,2300,203,-16,-107,-70,
250,38.9156179,-95.31787021666666,2025/Dec/17,11:05:28,311,480,203,2300,216253.32,55302,-108,-16,-71,8,2300,386,-14,-104,-82,2300,203,-16,-107,-71,
250,38.91561788333333,-95.31787016666667,2025/Dec/17,11:05:29,311,480,203,2300,216253.32,55302,-107,-15,-72,8,2300,386,-15,-106,-83,2300,203,-16,-107,-72,
250,38.9156179,-95.31787016666667,2025/Dec/17,11:05:30,311,480,203,2300,216253.32,55302,-109,-18,-71,6,2300,386,-19,-108,-80,2300,203,-19,-109,-69,
250,38.9156179,-95.3178701,2025/Dec/17,11:05:32,311,480,203,2300,216253.32,55302,-110,-17,-72,7,2300,203,-17,-110,-74,
250,38.9156179,-95.3178701,2025/Dec/17,11:05:33,311,480,203,2300,216253.32,55302,-111,-17,-74,7,2300,203,-17,-111,-74,2300,332,-20,-119,-85,
250,38.9156179,-95.3178701,2025/Dec/17,11:05:34,311,480,203,2300,216253.32,55302,-108,-15,-73,9,2300,203,-14,-108,-75,
250,38.9156179,-95.31787011666667,2025/Dec/17,11:05:35,311,480,203,2300,216253.32,55302,-109,-18,-70,8,2300,203,-18,-109,-70,2300,332,-20,-113,-83,
250,38.91561788333333,-95.31787011666667,2025/Dec/17,11:05:36,311,480,203,2300,216253.32,55302,-110,-17,-74,7,2300,203,-19,-111,-73,2300,332,-15,-106,-83,
250,38.915617866666665,-95.31787011666667,2025/Dec/17,11:05:40,311,480,203,2300,216253.32,55302,-110,-19,-70,7,2300,203,-19,-110,-70,2300,332,-17,-109,-83,
250,38.91561785,-95.31787011666667,2025/Dec/17,11:05:41,311,480,203,2300,216253.32,55302,-110,-18,-72,7,2300,203,-18,-109,-72,2300,332,-16,-107,-83,
250,38.91561785,-95.31787011666667,2025/Dec/17,11:05:42,311,480,203,2300,216253.32,55302,-110,-17,-71,6,2300,203,-18,-111,-73,2300,110,-16,-108,-83,
250,38.91561785,-95.31787011666667,2025/Dec/17,11:05:43,311,480,203,2300,216253.32,55302,-112,-19,-71,6,2300,203,-19,-111,-72,2300,110,-16,-108,-84,
250,38.91561785,-95.3178701,2025/Dec/17,11:05:44,311,480,203,2300,216253.32,55302,-110,-19,-71,7,2300,203,-19,-111,-71,2300,332,-18,-110,-83,
250,38.91561785,-95.31787011666667,2025/Dec/17,11:05:45,311,480,203,2300,216253.32,55302,-111,-18,-72,6,2300,203,-18,-111,-74,2300,332,-17,-109,-85,
250,38.915617866666665,-95.31787011666667,2025/Dec/17,11:05:46,311,480,203,2300,216253.32,55302,-112,-19,-72,7,2300,203,-19,-111,-71,2300,332,-17,-108,-84,
250,38.91561921666667,-95.31787126666667,2025/Dec/17,11:05:47,311,480,203,2300,216253.32,55302,-111,-19,-72,6,2300,203,-19,-111,-71,2300,332,-20,-113,-81,2300,202,-20,-119,-82,
250,38.91561948333333,-95.31787483333333,2025/Dec/17,11:05:48,311,480,203,2300,216253.32,55302,-109,-17,-69,8,2300,203,-17,-108,-69,2300,332,-19,-110,-80,
250,38.91562255,-95.31787835,2025/Dec/17,11:05:50,311,480,203,2300,216253.32,55302,-109,-18,-71,8,2300,203,-18,-109,-70,2300,332,-20,-110,-82,2300,386,-18,-108,-82,
250,38.91562448333333,-95.31787815,2025/Dec/17,11:05:51,311,480,203,2300,216253.32,55302,-109,-19,-71,8,2300,203,-19,-109,-71,2300,386,-17,-108,-83,2300,332,-20,-112,-83,
250,38.915625283333334,-95.31787941666667,2025/Dec/17,11:05:52,311,480,203,2300,216253.32,55302,-109,-17,-73,7,2300,203,-16,-109,-72,2300,332,-20,-112,-83,2300,386,-16,-107,-84,
250,38.91562436666667,-95.31788093333333,2025/Dec/17,11:05:53,311,480,203,2300,216253.32,55302,-107,-15,-71,8,2300,203,-15,-108,-72,2300,386,-15,-107,-84,
250,38.915622733333336,-95.31788431666666,2025/Dec/17,11:05:54,311,480,203,2300,216253.32,55302,-107,-14,-73,9,2300,203,-14,-107,-73,2300,110,-17,-108,-83,2300,332,-20,-119,-83,
250,38.91562278333333,-95.31788611666667,2025/Dec/17,11:05:55,311,480,203,2300,216253.32,55302,-108,-18,-70,8,2300,203,-18,-109,-71,2300,110,-17,-108,-84,2300,332,-20,-114,-84,
250,38.9156242,-95.31788583333334,2025/Dec/17,11:05:56,311,480,203,2300,216253.32,55302,-109,-17,-70,9,2300,203,-17,-108,-72,2300,110,-16,-108,-83,2300,332,-20,-113,-83,
250,38.91562558333333,-95.31788678333334,2025/Dec/17,11:05:57,311,480,203,2300,216253.32,55302,-109,-16,-74,8,2300,203,-17,-109,-72,2300,110,-16,-108,-82,
250,38.91562638333333,-95.31788745,2025/Dec/17,11:05:58,311,480,203,2300,216253.32,55302,-109,-17,-73,9,2300,203,-17,-109,-71,2300,110,-16,-108,-84,
250,38.91562686666666,-95.31788841666666,2025/Dec/17,11:05:59,311,480,203,2300,216253.32,55302,-107,-15,-71,9,2300,203,-16,-107,-72,2300,332,-20,-112,-82,
250,38.91562716666667,-95.31788898333333,2025/Dec/17,11:06:00,311,480,203,2300,216253.32,55302,-108,-17,-70,7,2300,203,-17,-108,-72,2300,332,-16,-108,-83,
250,38.91562751666667,-95.31788968333333,2025/Dec/17,11:06:02,311,480,203,2300,216253.32,55302,-109,-16,-73,8,2300,203,-16,-108,-71,2300,332,-16,-108,-84,
250,38.9156276,-95.31788978333333,2025/Dec/17,11:06:03,311,480,203,2300,216253.32,55302,-108,-18,-70,9,2300,203,-18,-108,-69,2300,332,-16,-107,-81,
250,38.91562765,-95.31788981666666,2025/Dec/17,11:06:04,311,480,203,2300,216253.32,55302,-107,-15,-72,9,2300,203,-15,-107,-71,2300,332,-19,-111,-83,
250,38.915627683333334,-95.31788981666666,2025/Dec/17,11:06:05,311,480,203,2300,216253.32,55302,-107,-15,-72,7,2300,203,-15,-107,-70,2300,332,-15,-106,-84,
250,38.915626083333336,-95.31789116666667,2025/Dec/17,11:06:06,311,480,203,2300,216253.32,55302,-109,-19,-69,7,2300,203,-17,-107,-72,2300,332,-17,-107,-83,2300,110,-18,-108,-83,
250,38.91562328333333,-95.3178963,2025/Dec/17,11:06:08,311,480,203,2300,216253.32,55302,-108,-17,-69,7,2300,203,-17,-108,-69,2300,332,-16,-106,-82,
250,38.91562415,-95.31789545,2025/Dec/17,11:06:09,311,480,203,2300,216253.32,55302,-108,-17,-70,8,2300,203,-17,-108,-69,2300,332,-16,-106,-81,
250,38.915625883333334,-95.31789441666666,2025/Dec/17,11:06:10,311,480,203,2300,216253.32,55302,-108,-19,-69,7,2300,203,-16,-108,-72,2300,110,-16,-108,-85,
250,38.915622283333335,-95.31789116666667,2025/Dec/17,11:06:12,311,480,203,2300,216253.32,55302,-108,-16,-73,10,2300,203,-15,-108,-73,2300,110,-15,-108,-85,2300,332,-17,-109,-85,
250,38.91562136666667,-95.31789045,2025/Dec/17,11:06:13,311,480,203,2300,216253.32,55302,-109,-16,-73,8,2300,203,-16,-109,-73,2300,110,-16,-109,-85,2300,332,-15,-108,-85,
250,38.9156211,-95.31788923333333,2025/Dec/17,11:06:14,311,480,203,2300,216253.32,55302,-107,-17,-66,8,2300,203,-18,-107,-66,2300,332,-17,-107,-82,
250,38.91562066666667,-95.3178858,2025/Dec/17,11:06:15,311,480,203,2300,216253.32,55302,-105,-17,-71,10,2300,203,-16,-106,-72,2300,332,-16,-108,-84,
250,38.91561913333334,-95.31788501666666,2025/Dec/17,11:06:16,311,480,203,2300,216253.32,55302,-110,-17,-72,8,2300,203,-17,-109,-72,2300,332,-16,-108,-83,2300,110,-17,-109,-83,
250,38.91561835,-95.31788388333334,2025/Dec/17,11:06:17,311,480,203,2300,216253.32,55302,-108,-17,-71,8,2300,203,-16,-108,-72,2300,332,-18,-110,-85,2300,386,-20,-112,-85,
250,38.91561806666667,-95.31788321666667,2025/Dec/17,11:06:18,311,480,203,2300,216253.32,55302,-109,-17,-72,7,2300,203,-18,-109,-70,2300,332,-20,-114,-83,2300,386,-19,-111,-83,2300,193,-20,-121,-83,
250,38.91561805,-95.31788303333333,2025/Dec/17,11:06:19,311,480,203,2300,216253.32,55302,-108,-19,-68,8,2300,203,-19,-108,-69,2300,332,-16,-107,-83,2300,386,-20,-114,-84,
250,38.91561983333333,-95.3178851,2025/Dec/17,11:06:20,311,480,203,2300,216253.32,55302,-109,-17,-71,8,2300,203,-17,-109,-72,2300,332,-16,-109,-85,2300,386,-20,-115,-84,
250,38.91562018333333,-95.31788921666667,2025/Dec/17,11:06:21,311,480,203,2300,216253.32,55302,-105,-14,-70,10,2300,203,-14,-105,-69,2300,386,-20,-112,-83,2300,332,-19,-110,-83,
250,38.9156203,-95.31788931666667,2025/Dec/17,11:06:22,311,480,203,2300,216253.32,55302,-107,-15,-71,9,2300,203,-17,-108,-71,2300,202,-20,-113,-84,2300,332,-16,-108,-84,
250,38.91562165,-95.3178914,2025/Dec/17,11:06:24,311,480,203,2300,216253.32,55302,-107,-17,-70,9,2300,203,-17,-107,-70,2300,332,-16,-108,-83,2300,202,-19,-110,-83,
250,38.915619516666666,-95.3178932,2025/Dec/17,11:06:26,311,480,203,2300,216253.32,55302,-108,-18,-68,9,2300,203,-19,-107,-70,2300,332,-17,-108,-81,2300,202,-20,-114,-81,2300,110,-19,-109,-81,
250,38.9156173,-95.31789213333333,2025/Dec/17,11:06:27,311,480,203,2300,216253.32,55302,-106,-19,-68,9,2300,203,-18,-107,-71,2300,110,-20,-111,-83,2300,332,-15,-106,-83,
250,38.91561588333333,-95.31789326666667,2025/Dec/17,11:06:28,311,480,203,2300,216253.32,55302,-105,-15,-70,10,2300,203,-15,-105,-70,2300,110,-19,-110,-83,2300,332,-16,-107,-83,
250,38.9156145,-95.31789553333333,2025/Dec/17,11:06:29,311,480,203,2300,216253.32,55302,-106,-15,-71,9,2300,203,-15,-106,-71,
250,38.91561573333333,-95.31789646666667,2025/Dec/17,11:06:30,311,480,203,2300,216253.32,55302,-105,-16,-66,10,2300,203,-17,-105,-68,
250,38.91561633333333,-95.31789868333334,2025/Dec/17,11:06:31,311,480,203,2300,216253.32,55302,-106,-16,-71,9,2300,203,-16,-106,-71,2300,386,-13,-105,-83,
250,38.91561668333333,-95.31789891666666,2025/Dec/17,11:06:32,311,480,203,2300,216253.32,55302,-107,-15,-72,8,2300,203,-15,-107,-72,2300,110,-15,-107,-84,
250,38.915616883333335,-95.31789893333334,2025/Dec/17,11:06:33,311,480,203,2300,216253.32,55302,-108,-15,-74,8,2300,203,-15,-108,-72,2300,386,-15,-109,-85,
250,38.91561705,-95.31789835,2025/Dec/17,11:06:34,311,480,203,2300,216253.32,55302,-106,-15,-72,10,2300,203,-15,-107,-72,2300,110,-13,-106,-85,
250,38.91562101666667,-95.31789621666667,2025/Dec/17,11:06:39,311,480,203,2300,216253.32,55302,-107,-15,-72,9,2300,203,-15,-107,-71,2300,386,-18,-112,-86,
250,38.91563115,-95.31789425,2025/Dec/17,11:06:40,311,480,203,2300,216253.32,55302,-107,-14,-73,10,2300,203,-14,-107,-73,2300,386,-17,-110,-85,
250,38.91563333333333,-95.31789376666667,2025/Dec/17,11:06:41,311,480,203,2300,216253.32,55302,-106,-13,-73,9,2300,203,-13,-106,-72,2300,386,-17,-110,-86,2300,332,-20,-115,-86,
250,38.91562925,-95.3178931,2025/Dec/17,11:06:42,311,480,203,2300,216253.32,55302,-106,-13,-72,9,2300,203,-13,-106,-72,2300,386,-16,-110,-85,2300,332,-19,-112,-85,
250,38.91562846666667,-95.31789366666666,2025/Dec/17,11:06:43,311,480,203,2300,216253.32,55302,-106,-14,-71,8,2300,203,-14,-106,-71,2300,110,-16,-110,-86,
250,38.91562903333333,-95.3178952,2025/Dec/17,11:06:44,311,480,203,2300,216253.32,55302,-109,-16,-74,7,2300,203,-16,-109,-72,2300,110,-17,-111,-86,2300,332,-17,-112,-86,
250,38.915629716666665,-95.3178973,2025/Dec/17,11:06:45,311,480,203,2300,216253.32,55302,-106,-14,-72,9,2300,203,-14,-105,-69,2300,110,-17,-110,-84,2300,332,-20,-113,-85,2300,386,-15,-107,-84,
250,38.915629716666665,-95.31789795,2025/Dec/17,11:06:46,311,480,203,2300,216253.32,55302,-107,-15,-72,8,2300,203,-16,-108,-71,2300,386,-16,-109,-86,2300,332,-16,-110,-86,
250,38.915627549999996,-95.31789918333334,2025/Dec/17,11:06:48,311,480,203,2300,216253.32,55302,-108,-16,-70,8,2300,203,-15,-108,-72,2300,386,-15,-109,-85,
250,38.915626816666666,-95.3179,2025/Dec/17,11:06:49,311,480,203,2300,216253.32,55302,-109,-17,-71,8,2300,203,-16,-109,-73,2300,386,-17,-110,-85,2300,332,-17,-110,-85,
250,38.91562678333333,-95.31790133333334,2025/Dec/17,11:06:50,311,480,203,2300,216253.32,55302,-109,-15,-74,7,2300,203,-15,-109,-74,2300,110,-14,-108,-85,2300,332,-15,-109,-86,2300,386,-16,-108,-85,
250,38.91562676666667,-95.31790215,2025/Dec/17,11:06:51,311,480,203,2300,216253.32,55302,-107,-15,-71,8,2300,203,-15,-107,-72,2300,386,-20,-114,-85,2300,332,-15,-109,-86,
250,38.915627066666666,-95.3179027,2025/Dec/17,11:06:52,311,480,203,2300,216253.32,55302,-108,-15,-72,8,2300,203,-15,-108,-72,2300,386,-19,-112,-86,2300,332,-16,-109,-86,
250,38.91562738333333,-95.31790303333334,2025/Dec/17,11:06:53,311,480,203,2300,216253.32,55302,-107,-15,-73,8,2300,203,-15,-107,-74,2300,386,-20,-115,-85,2300,332,-16,-110,-85,
250,38.915627683333334,-95.31790221666667,2025/Dec/17,11:06:54,311,480,203,2300,216253.32,55302,-108,-14,-74,7,2300,203,-14,-108,-72,2300,110,-14,-108,-85,
250,38.915626683333336,-95.31790136666666,2025/Dec/17,11:06:55,311,480,203,2300,216253.32,55302,-108,-16,-73,8,2300,203,-15,-108,-72,2300,332,-18,-112,-84,2300,386,-18,-111,-84,
250,38.91562435,-95.3178995,2025/Dec/17,11:06:56,311,480,203,2300,216253.32,55302,-108,-15,-72,7,2300,203,-15,-108,-73,2300,332,-17,-111,-86,2300,110,-13,-107,-85,2300,386,-17,-111,-85,2300,170,-20,-124,-87,
250,38.91562428333334,-95.31789925,2025/Dec/17,11:06:57,311,480,203,2300,216253.32,55302,-109,-16,-73,9,2300,203,-16,-108,-70,
250,38.915625983333335,-95.3179007,2025/Dec/17,11:06:58,311,480,203,2300,216253.32,55302,-108,-17,-71,8,2300,203,-17,-108,-71,
250,38.9156285,-95.31790625,2025/Dec/17,11:07:00,311,480,203,2300,216253.32,55302,-108,-16,-71,8,2300,203,-15,-108,-73,
250,38.91562758333333,-95.31790431666667,2025/Dec/17,11:07:02,311,480,203,2300,216253.32,55302,-107,-15,-72,9,2300,203,-15,-108,-72,
250,38.915626216666666,-95.31790286666667,2025/Dec/17,11:07:03,311,480,203,2300,216253.32,55302,-108,-15,-72,9,2300,203,-14,-107,-71,2300,202,-20,-113,-83,
250,38.91562113333333,-95.31790075,2025/Dec/17,11:07:05,311,480,203,2300,216253.32,55302,-106,-14,-73,10,2300,203,-14,-106,-72,
250,38.91562025,-95.31790031666667,2025/Dec/17,11:07:07,311,480,203,2300,216253.32,55302,-107,-15,-71,9,2300,203,-15,-107,-72,2300,332,-17,-109,-84,
250,38.91562075,-95.31790016666666,2025/Dec/17,11:07:08,311,480,203,2300,216253.32,55302,-108,-15,-71,9,2300,203,-15,-108,-73,
250,38.915622733333336,-95.31790043333334,2025/Dec/17,11:07:09,311,480,203,2300,216253.32,55302,-108,-15,-72,9,2300,203,-15,-108,-73,
250,38.915623116666666,-95.31789993333334,2025/Dec/17,11:07:10,311,480,203,2300,216253.32,55302,-108,-15,-71,9,2300,203,-15,-108,-71,2300,110,-14,-107,-84,
250,38.915623583333335,-95.31789795,2025/Dec/17,11:07:12,311,480,203,2300,216253.32,55302,-108,-15,-72,9,2300,203,-15,-107,-71,2300,110,-15,-107,-84,
250,38.91562436666667,-95.31789813333333,2025/Dec/17,11:07:13,311,480,203,2300,216253.32,55302,-107,-15,-70,9,2300,203,-16,-107,-71,2300,110,-15,-107,-84,2300,386,-15,-107,-84,
250,38.91562536666667,-95.31789788333333,2025/Dec/17,11:07:14,311,480,203,2300,216253.32,55302,-107,-15,-72,8,2300,203,-15,-107,-70,2300,386,-15,-107,-84,
250,38.91562663333333,-95.31789818333333,2025/Dec/17,11:07:15,311,480,203,2300,216253.32,55302,-107,-15,-70,9,2300,203,-15,-107,-72,
250,38.91562776666667,-95.31789811666667,2025/Dec/17,11:07:16,311,480,203,2300,216253.32,55302,-107,-15,-72,8,2300,203,-15,-107,-73,
250,38.915627883333336,-95.31789755,2025/Dec/17,11:07:17,311,480,203,2300,216253.32,55302,-108,-16,-72,8,2300,203,-16,-108,-71,2300,202,-20,-115,-83,
250,38.91562663333333,-95.31789715,2025/Dec/17,11:07:18,311,480,203,2300,216253.32,55302,-107,-15,-71,9,2300,203,-15,-107,-71,2300,202,-20,-115,-83,
250,38.915625516666665,-95.31789513333334,2025/Dec/17,11:07:19,311,480,203,2300,216253.32,55302,-108,-15,-73,8,2300,203,-16,-108,-72,
250,38.9156248,-95.31789321666666,2025/Dec/17,11:07:20,311,480,203,2300,216253.32,55302,-107,-15,-72,7,2300,203,-15,-106,-73,2300,332,-17,-107,-83,
250,38.91562248333334,-95.31789306666667,2025/Dec/17,11:07:21,311,480,203,2300,216253.32,55302,-108,-15,-74,8,2300,203,-15,-108,-72,2300,332,-16,-109,-85,2300,386,-17,-109,-85,
250,38.91562055,-95.3178939,2025/Dec/17,11:07:22,311,480,203,2300,216253.32,55302,-106,-14,-72,8,2300,203,-15,-106,-70,2300,110,-14,-105,-83,
250,38.915619183333334,-95.31789103333334,2025/Dec/17,11:07:24,311,480,203,2300,216253.32,55302,-108,-15,-72,8,2300,203,-16,-108,-71,2300,110,-13,-105,-84,
250,38.91561965,-95.31789031666666,2025/Dec/17,11:07:25,311,480,203,2300,216253.32,55302,-108,-17,-71,7,2300,203,-17,-108,-70,2300,110,-15,-106,-83,
250,38.91561896666666,-95.31789075,2025/Dec/17,11:07:27,311,480,203,2300,216253.32,55302,-109,-18,-72,7,2300,203,-17,-109,-73,2300,332,-17,-109,-83,
250,38.91561913333334,-95.31789145,2025/Dec/17,11:07:28,311,480,203,2300,216253.32,55302,-109,-16,-73,7,2300,203,-16,-109,-73,2300,332,-20,-112,-84,2300,202,-20,-117,-84,
250,38.9156193,-95.31789195,2025/Dec/17,11:07:30,311,480,203,2300,216253.32,55302,-110,-17,-74,7,2300,203,-17,-110,-74,2300,110,-14,-107,-85,
250,38.915619316666664,-95.31789201666666,2025/Dec/17,11:07:31,311,480,203,2300,216253.32,55302,-108,-16,-72,7,2300,203,-16,-108,-73,
250,38.91561935,-95.31789211666667,2025/Dec/17,11:07:32,311,480,203,2300,216253.32,55302,-110,-16,-75,7,2300,203,-14,-106,-74,
250,38.91561935,-95.3178922,2025/Dec/17,11:07:36,311,480,203,2300,216253.32,55302,-108,-16,-70,7,2300,203,-17,-109,-71,
250,38.91561933333333,-95.3178922,2025/Dec/17,11:07:37,311,480,203,2300,216253.32,55302,-107,-15,-71,8,2300,203,-15,-107,-73,
250,38.91561933333333,-95.3178922,2025/Dec/17,11:07:38,311,480,203,2300,216253.32,55302,-105,-14,-71,8,2300,203,-14,-105,-71,2300,202,-20,-113,-84,2300,110,-15,-107,-84,
250,38.91561935,-95.3178922,2025/Dec/17,11:07:40,311,480,203,2300,216253.32,55302,-106,-14,-72,8,2300,203,-14,-106,-71,2300,202,-20,-117,-83,2300,110,-15,-107,-84,
250,38.91561936666667,-95.31789223333334,2025/Dec/17,11:07:41,311,480,203,2300,216253.32,55302,-108,-16,-71,7,2300,203,-16,-108,-72,2300,202,-20,-115,-84,2300,110,-15,-107,-84,
250,38.91561936666667,-95.31789225,2025/Dec/17,11:07:42,311,480,203,2300,216253.32,55302,-107,-15,-71,8,2300,203,-15,-106,-71,2300,202,-20,-115,-84,2300,110,-15,-107,-84,
250,38.91561935,-95.31789226666666,2025/Dec/17,11:07:43,311,480,203,2300,216253.32,55302,-106,-15,-70,8,2300,203,-14,-106,-71,2300,202,-20,-112,-83,
250,38.91561935,-95.31789228333334,2025/Dec/17,11:07:45,311,480,203,2300,216253.32,55302,-106,-17,-66,8,2300,203,-16,-107,-71,2300,110,-16,-107,-83,2300,202,-20,-118,-83,
250,38.91561935,-95.3178923,2025/Dec/17,11:07:46,311,480,203,2300,216253.32,55302,-109,-16,-71,7,2300,203,-16,-108,-72,2300,110,-15,-108,-84,2300,202,-20,-117,-84,
250,38.91561935,-95.31789233333333,2025/Dec/17,11:07:48,311,480,203,2300,216253.32,55302,-108,-15,-73,7,2300,203,-15,-108,-73,2300,110,-16,-108,-84,2300,202,-20,-116,-84,
250,38.91561935,-95.31789233333333,2025/Dec/17,11:07:49,311,480,203,2300,216253.32,55302,-108,-15,-72,8,2300,203,-16,-108,-72,2300,110,-16,-108,-81,
250,38.91561933333333,-95.31789233333333,2025/Dec/17,11:07:50,311,480,203,2300,216253.32,55302,-108,-18,-68,9,2300,203,-18,-108,-70,2300,110,-18,-109,-81,
250,38.91561933333333,-95.31789231666667,2025/Dec/17,11:07:51,311,480,203,2300,216253.32,55302,-109,-16,-72,8,2300,203,-16,-109,-71,2300,110,-16,-107,-82,
250,38.91561933333333,-95.31789233333333,2025/Dec/17,11:07:52,311,480,203,2300,216253.32,55302,-107,-15,-71,8,2300,203,-15,-107,-73,2300,110,-16,-108,-84,
250,38.91561935,-95.31789235,2025/Dec/17,11:07:53,311,480,203,2300,216253.32,55302,-108,-15,-74,8,2300,203,-16,-109,-74,2300,202,-20,-117,-84,
250,38.91561936666667,-95.31789235,2025/Dec/17,11:07:54,311,480,203,2300,216253.32,55302,-107,-18,-69,8,2300,203,-18,-107,-68,2300,202,-20,-115,-81,
250,38.915619383333336,-95.31789236666667,2025/Dec/17,11:07:55,311,480,203,2300,216253.32,55302,-103,-14,-69,8,2300,203,-13,-103,-70,2300,202,-20,-113,-83,
250,38.9156194,-95.31789236666667,2025/Dec/17,11:07:56,311,480,203,2300,216253.32,55302,-103,-13,-71,9,2300,203,-12,-103,-70,2300,202,-20,-112,-83,
250,38.915619416666665,-95.31789235,2025/Dec/17,11:07:58,311,480,203,2300,216253.32,55302,-102,-13,-69,10,2300,203,-15,-102,-63,
250,38.9156194,-95.31789233333333,2025/Dec/17,11:08:00,311,480,203,2300,216253.32,55302,-104,-14,-69,9,2300,203,-15,-103,-65,
250,38.9156194,-95.31789233333333,2025/Dec/17,11:08:02,311,480,203,2300,216253.32,55302,-106,-18,-68,8,2300,203,-18,-106,-67,2300,332,-17,-107,-81,
250,38.9156194,-95.31789231666667,2025/Dec/17,11:08:04,311,480,203,2300,216253.32,55302,-107,-16,-71,8,2300,203,-16,-107,-71,
250,38.915619383333336,-95.3178923,2025/Dec/17,11:08:05,311,480,203,2300,216253.32,55302,-105,-14,-72,9,2300,203,-14,-105,-70,2300,386,-20,-113,-84,
250,38.9156194,-95.3178923,2025/Dec/17,11:08:07,311,480,203,2300,216253.32,55302,-106,-18,-68,10,2300,203,-18,-106,-68,
250,38.9156194,-95.31789231666667,2025/Dec/17,11:08:08,311,480,203,2300,216253.32,55302,-108,-17,-72,8,2300,203,-16,-108,-73,
250,38.9156194,-95.31789231666667,2025/Dec/17,11:08:09,311,480,203,2300,216253.32,55302,-104,-13,-71,10,2300,203,-14,-105,-67,
250,38.915619416666665,-95.31789233333333,2025/Dec/17,11:08:12,311,480,203,2300,216253.32,55302,-106,-15,-72,10,2300,203,-14,-106,-72,2300,110,-16,-108,-85,
250,38.91561943333333,-95.31789235,2025/Dec/17,11:08:13,311,480,203,2300,216253.32,55302,-106,-15,-72,8,2300,203,-15,-107,-72,2300,110,-15,-108,-84,
250,38.91561943333333,-95.31789238333333,2025/Dec/17,11:08:14,311,480,203,2300,216253.32,55302,-105,-17,-66,10,2300,203,-18,-106,-67,2300,202,-20,-114,-83,2300,332,-20,-116,-83,
250,38.91561943333333,-95.31789238333333,2025/Dec/17,11:08:15,311,480,203,2300,216253.32,55302,-107,-18,-71,9,2300,203,-17,-107,-73,2300,386,-15,-106,-84,2300,332,-20,-114,-84,
250,38.91561943333333,-95.31789236666667,2025/Dec/17,11:08:17,311,480,203,2300,216253.32,55302,-105,-14,-70,8,2300,203,-14,-105,-71,2300,386,-16,-107,-82,2300,202,-20,-113,-82,
250,38.91561943333333,-95.31789236666667,2025/Dec/17,11:08:18,311,480,203,2300,216253.32,55302,-106,-14,-70,8,2300,203,-14,-106,-71,2300,332,-20,-114,-83,
250,38.91561943333333,-95.31789235,2025/Dec/17,11:08:19,311,480,203,2300,216253.32,55302,-107,-15,-72,6,2300,203,-16,-108,-71,2300,386,-15,-107,-83,
250,38.91561943333333,-95.31789233333333,2025/Dec/17,11:08:21,311,480,203,2300,216253.32,55302,-105,-15,-69,6,2300,203,-15,-103,-65,2300,386,-19,-105,-77,2300,332,-13,-101,-77,2300,110,-20,-107,-77,
250,38.915619416666665,-95.31789236666667,2025/Dec/17,11:08:23,311,480,203,2300,216253.32,55302,-101,-15,-65,10,2300,203,-14,-101,-66,2300,386,-14,-101,-79,2300,332,-20,-108,-79,
250,38.915619416666665,-95.31789236666667,2025/Dec/17,11:08:24,311,480,203,2300,216253.32,55302,-103,-14,-69,10,2300,203,-14,-102,-68,2300,386,-19,-108,-82,
250,38.915619416666665,-95.31789235,2025/Dec/17,11:08:25,311,480,203,2300,216253.32,55302,-95,-17,-55,14,2300,203,-17,-93,-55,2300,202,-20,-100,-68,
250,38.91561803333333,-95.31789471666667,2025/Dec/17,11:08:26,311,480,203,2300,216253.32,55302,-95,-13,-62,12,2300,203,-13,-94,-62,
250,38.915617266666665,-95.31789383333333,2025/Dec/17,11:08:27,311,480,203,2300,216253.32,55302,-95,-13,-62,9,2300,203,-13,-96,-62,2300,386,-20,-102,-74,2300,332,-13,-95,-74,
250,38.915618,-95.31788688333333,2025/Dec/17,11:08:28,311,480,203,2300,216253.32,55302,-93,-16,-53,13,2300,203,-11,-93,-63,2300,332,-12,-94,-74,
250,38.91561133333333,-95.31787885,2025/Dec/17,11:08:31,311,480,203,2300,216253.32,55302,-94,-12,-60,11,2300,203,-13,-93,-61,2300,332,-14,-94,-72,2300,202,-20,-103,-72,
250,38.915609716666665,-95.31787988333333,2025/Dec/17,11:08:32,311,480,203,2300,216253.32,55302,-91,-14,-60,10,2300,203,-14,-91,-62,2300,332,-17,-97,-74,
250,38.91561781666667,-95.31789718333333,2025/Dec/17,11:08:33,311,480,203,2300,216253.32,55302,-96,-12,-63,8,2300,203,-13,-96,-63,2300,332,-14,-97,-76,2300,386,-18,-102,-77,
250,38.91563768333333,-95.31793416666666,2025/Dec/17,11:08:35,311,480,203,2300,216253.32,55302,-96,-14,-59,8,2300,203,-17,-96,-59,2300,332,-16,-96,-71,
250,38.91564686666667,-95.3179546,2025/Dec/17,11:08:36,311,480,203,2300,216253.32,55302,-97,-18,-58,8,2300,203,-18,-97,-61,2300,332,-15,-94,-71,
250,38.9156527,-95.31797225,2025/Dec/17,11:08:37,311,480,203,2300,216253.32,55302,-97,-15,-60,7,2300,203,-15,-97,-62,2300,332,-14,-97,-75,
250,38.9156572,-95.31798835,2025/Dec/17,11:08:38,311,480,203,2300,216253.32,55302,-97,-15,-60,7,2300,203,-15,-98,-64,2300,332,-14,-97,-76,2300,386,-13,-95,-75,
250,38.91566245,-95.31800633333333,2025/Dec/17,11:08:39,311,480,332,2300,220252.32,55302,-96,-14,-60,9,2300,332,-14,-97,-63,2300,386,-12,-95,-74,2300,203,-17,-99,-74,
250,38.915669683333334,-95.31802226666667,2025/Dec/17,11:08:40,311,480,332,2300,220252.32,55302,-97,-17,-58,9,2300,332,-18,-97,-59,2300,386,-15,-95,-72,2300,203,-19,-99,-72,
250,38.915678783333334,-95.31803573333333,2025/Dec/17,11:08:41,311,480,332,2300,220252.32,55302,-96,-13,-63,11,2300,332,-13,-96,-63,2300,386,-14,-98,-76,2300,203,-19,-102,-76,
250,38.915689783333335,-95.31804788333334,2025/Dec/17,11:08:42,311,480,332,2300,220252.32,55302,-96,-14,-60,8,2300,332,-15,-96,-60,2300,386,-12,-93,-73,2300,203,-14,-95,-73,
250,38.915701283333334,-95.31806241666666,2025/Dec/17,11:08:43,311,480,332,2300,220252.32,55302,-96,-16,-60,8,2300,332,-16,-96,-59,2300,386,-11,-91,-59,2300,203,-14,-94,-71,
250,38.91571043333333,-95.31807791666667,2025/Dec/17,11:08:44,311,480,386,2300,216150.32,55302,-94,-15,-61,9,2300,332,-13,-93,-72,2300,386,-15,-95,-59,2300,203,-17,-97,-72,
250,38.915718266666666,-95.31809365,2025/Dec/17,11:08:45,311,480,386,2300,216150.32,55302,-94,-16,-58,7,2300,203,-11,-90,-71,2300,386,-17,-95,-58,
250,38.91573201666667,-95.31812508333333,2025/Dec/17,11:08:47,311,480,203,2300,216253.32,55302,-95,-16,-59,8,2300,203,-16,-95,-57,2300,386,-12,-91,-71,2300,332,-15,-93,-71,
250,38.91573796666667,-95.31814081666667,2025/Dec/17,11:08:48,311,480,203,2300,216253.32,55302,-98,-19,-58,6,2300,203,-18,-97,-71,2300,386,-13,-92,-58,2300,332,-14,-93,-71,2300,281,-20,-103,-71,
250,38.91574285,-95.31815628333334,2025/Dec/17,11:08:49,311,480,386,2300,216150.32,55302,-96,-18,-57,8,2300,203,-16,-92,-67,2300,386,-18,-95,-55,2300,332,-19,-96,-67,
250,38.91574811666667,-95.3181739,2025/Dec/17,11:08:50,311,480,386,2300,216150.32,55302,-95,-15,-59,9,2300,203,-13,-92,-71,2300,386,-16,-95,-60,
250,38.915752516666664,-95.31819096666666,2025/Dec/17,11:08:51,311,480,386,2300,216150.32,55302,-96,-16,-58,8,2300,203,-12,-92,-72,2300,386,-16,-96,-60,2300,332,-18,-97,-73,
250,38.91575653333334,-95.31820745,2025/Dec/17,11:08:52,311,480,386,2300,216150.32,55302,-97,-17,-60,6,2300,203,-11,-90,-71,2300,386,-18,-97,-60,2300,202,-20,-101,-71,2300,332,-17,-97,-71,
250,38.915760133333336,-95.31822365,2025/Dec/17,11:08:53,311,480,203,2300,216253.32,55302,-97,-18,-58,7,2300,203,-19,-98,-58,2300,386,-16,-94,-71,2300,110,-16,-95,-71,
250,38.91576258333333,-95.3182384,2025/Dec/17,11:08:54,311,480,203,2300,216253.32,55302,-101,-19,-62,5,2300,203,-19,-101,-62,2300,386,-13,-95,-72,2300,110,-15,-95,-72,
250,38.915765,-95.31824971666667,2025/Dec/17,11:08:55,311,480,203,2300,216253.32,55302,-102,-19,-62,3,2300,203,-20,-103,-61,2300,386,-10,-93,-74,
250,38.91576848333333,-95.31826766666667,2025/Dec/17,11:08:56,311,480,386,2300,216150.32,55302,-94,-16,-63,11,2300,386,-13,-95,-62,2300,203,-17,-98,-73,2300,281,-20,-101,-73,2300,385,-20,-106,-73,
250,38.9157816,-95.31832396666667,2025/Dec/17,11:09:01,311,480,386,2300,216150.32,55302,-97,-15,-62,5,2300,386,-16,-98,-64,2300,203,-12,-95,-76,
250,38.91578725,-95.31834181666666,2025/Dec/17,11:09:02,311,480,203,2300,216253.32,55302,-96,-13,-63,10,2300,386,-20,-103,-75,2300,203,-13,-96,-62,
250,38.91579265,-95.31835818333333,2025/Dec/17,11:09:03,311,480,203,2300,216253.32,55302,-96,-14,-62,8,2300,386,-17,-99,-75,2300,203,-14,-96,-63,2300,110,-13,-95,-74,
250,38.9157975,-95.31837428333333,2025/Dec/17,11:09:04,311,480,203,2300,216253.32,55302,-100,-20,-60,4,2300,203,-20,-101,-60,2300,386,-13,-94,-73,
250,38.91580025,-95.31838778333334,2025/Dec/17,11:09:05,311,480,386,2300,216150.32,55302,-95,-15,-59,12,2300,386,-15,-94,-58,
250,38.915803116666666,-95.3184029,2025/Dec/17,11:09:06,311,480,386,2300,216150.32,55302,-99,-14,-64,6,2300,386,-15,-99,-63,2300,203,-12,-97,-75,
250,38.91580795,-95.31842166666667,2025/Dec/17,11:09:07,311,480,203,2300,216253.32,55302,-95,-12,-63,9,2300,203,-12,-96,-64,2300,332,-17,-102,-77,
250,38.915815083333335,-95.31843918333334,2025/Dec/17,11:09:08,311,480,203,2300,216253.32,55302,-101,-14,-69,9,2300,203,-15,-103,-69,2300,281,-13,-101,-81,2300,386,-20,-113,-81,
250,38.915822166666665,-95.3184502,2025/Dec/17,11:09:09,311,480,203,2300,216253.32,55302,-102,-12,-67,12,2300,203,-12,-101,-66,2300,202,-20,-111,-82,
250,38.91582698333333,-95.31845081666667,2025/Dec/17,11:09:11,311,480,203,2300,216253.32,55302,-102,-13,-68,10,2300,203,-12,-103,-71,
250,38.91582901666666,-95.31845065,2025/Dec/17,11:09:12,311,480,203,2300,216253.32,55302,-100,-12,-68,14,2300,203,-12,-100,-71,2300,202,-18,-106,-82,
250,38.915830166666666,-95.31845128333333,2025/Dec/17,11:09:13,311,480,203,2300,216253.32,55302,-101,-13,-69,11,2300,203,-12,-101,-69,2300,202,-20,-111,-82,
250,38.91583255,-95.31844976666666,2025/Dec/17,11:09:14,311,480,203,2300,216253.32,55302,-101,-11,-70,12,2300,203,-11,-100,-69,2300,202,-19,-109,-82,
250,38.915835466666664,-95.31844968333333,2025/Dec/17,11:09:16,311,480,203,2300,216253.32,55302,-101,-11,-69,12,2300,203,-10,-100,-69,2300,202,-20,-109,-79,
250,38.91583441666667,-95.31845116666666,2025/Dec/17,11:09:17,311,480,203,2300,216253.32,55302,-103,-17,-64,11,2300,203,-17,-101,-62,2300,202,-20,-111,-76,
250,38.91583383333333,-95.3184524,2025/Dec/17,11:09:18,311,480,203,2300,216253.32,55302,-103,-13,-71,12,2300,203,-12,-101,-70,2300,202,-19,-108,-80,
250,38.91583265,-95.31845455,2025/Dec/17,11:09:19,311,480,203,2300,216253.32,55302,-101,-11,-71,10,2300,203,-11,-101,-70,2300,202,-20,-110,-82,2300,386,-20,-120,-82,
250,38.91583176666666,-95.31845551666666,2025/Dec/17,11:09:20,311,480,203,2300,216253.32,55302,-99,-11,-68,13,2300,203,-11,-100,-68,2300,202,-18,-106,-81,
250,38.91582953333333,-95.3184551,2025/Dec/17,11:09:21,311,480,203,2300,216253.32,55302,-103,-13,-70,11,2300,203,-13,-102,-70,
250,38.915827916666665,-95.31845471666666,2025/Dec/17,11:09:23,311,480,203,2300,216253.32,55302,-101,-11,-72,10,2300,203,-11,-101,-68,2300,110,-20,-118,-82,2300,202,-20,-109,-83,
250,38.915827666666665,-95.3184546,2025/Dec/17,11:09:24,311,480,203,2300,216253.32,55302,-100,-11,-67,11,2300,203,-11,-100,-69,2300,202,-19,-109,-81,
250,38.915827566666664,-95.31845456666667,2025/Dec/17,11:09:25,311,480,203,2300,216253.32,55302,-102,-15,-65,10,2300,203,-14,-102,-69,2300,202,-20,-113,-81,2300,281,-20,-110,-80,2300,346,-20,-113,-79,
250,38.91582751666667,-95.31845458333333,2025/Dec/17,11:09:26,311,480,203,2300,216253.32,55302,-101,-12,-69,12,2300,203,-12,-102,-70,2300,202,-19,-110,-83,
250,38.91582748333333,-95.31845458333333,2025/Dec/17,11:09:29,311,480,203,2300,216253.32,55302,-102,-12,-69,11,2300,203,-12,-102,-71,2300,202,-19,-109,-83,
250,38.9158275,-95.3184546,2025/Dec/17,11:09:30,311,480,203,2300,216253.32,55302,-102,-14,-64,11,2300,203,-15,-102,-65,2300,202,-20,-110,-79,
250,38.9158275,-95.31845461666667,2025/Dec/17,11:09:31,311,480,203,2300,216253.32,55302,-102,-12,-70,11,2300,203,-12,-102,-69,2300,202,-20,-110,-82,
250,38.9158275,-95.31845463333333,2025/Dec/17,11:09:32,311,480,203,2300,216253.32,55302,-102,-12,-69,11,2300,203,-12,-102,-70,2300,202,-19,-109,-81,
250,38.91582751666667,-95.31845463333333,2025/Dec/17,11:09:33,311,480,203,2300,216253.32,55302,-102,-16,-65,11,2300,203,-17,-102,-65,2300,202,-20,-111,-80,
250,38.91582745,-95.31845463333333,2025/Dec/17,11:09:35,311,480,203,2300,216253.32,55302,-102,-13,-66,11,2300,203,-12,-102,-70,2300,202,-20,-110,-82,
250,38.915827433333334,-95.31845465,2025/Dec/17,11:09:36,311,480,203,2300,216253.32,55302,-102,-12,-69,11,2300,203,-12,-102,-70,2300,202,-20,-111,-83,
250,38.915827416666666,-95.31845465,2025/Dec/17,11:09:37,311,480,203,2300,216253.32,55302,-102,-12,-69,10,2300,203,-12,-102,-69,2300,202,-20,-110,-81,
250,38.915827416666666,-95.31845468333333,2025/Dec/17,11:09:38,311,480,203,2300,216253.32,55302,-102,-17,-64,11,2300,203,-17,-102,-64,2300,202,-20,-110,-78,
250,38.915827433333334,-95.31845468333333,2025/Dec/17,11:09:39,311,480,203,2300,216253.32,55302,-102,-13,-69,11,2300,203,-13,-102,-69,2300,202,-20,-110,-81,
250,38.915827433333334,-95.3184547,2025/Dec/17,11:09:40,311,480,203,2300,216253.32,55302,-102,-13,-69,11,2300,203,-13,-102,-68,2300,202,-20,-109,-80,
250,38.91582745,-95.31845473333334,2025/Dec/17,11:09:41,311,480,203,2300,216253.32,55302,-102,-17,-64,11,2300,203,-17,-102,-64,2300,202,-20,-111,-79,
250,38.91582746666667,-95.31845473333334,2025/Dec/17,11:09:42,311,480,203,2300,216253.32,55302,-102,-13,-69,11,2300,203,-13,-102,-70,2300,202,-20,-111,-82,2300,110,-20,-120,-82,
250,38.91582746666667,-95.31845473333334,2025/Dec/17,11:09:43,311,480,203,2300,216253.32,55302,-102,-13,-68,10,2300,203,-13,-102,-68,2300,386,-20,-118,-81,
250,38.91582746666667,-95.31845468333333,2025/Dec/17,11:09:44,311,480,203,2300,216253.32,55302,-102,-13,-68,9,2300,203,-14,-102,-68,
250,38.91582745,-95.31845465,2025/Dec/17,11:09:45,311,480,203,2300,216253.32,55302,-102,-14,-68,10,2300,203,-14,-102,-68,
250,38.91582746666667,-95.31845465,2025/Dec/17,11:09:47,311,480,203,2300,216253.32,55302,-102,-13,-68,10,2300,203,-13,-102,-68,
250,38.91582746666667,-95.31845461666667,2025/Dec/17,11:09:48,311,480,203,2300,216253.32,55302,-102,-13,-69,9,2300,203,-13,-102,-68,
250,38.91582746666667,-95.31845458333333,2025/Dec/17,11:09:49,311,480,203,2300,216253.32,55302,-102,-17,-63,10,2300,203,-18,-102,-63,
250,38.91582746666667,-95.31845455,2025/Dec/17,11:09:50,311,480,203,2300,216253.32,55302,-102,-13,-66,10,2300,203,-13,-102,-69,
250,38.91582745,-95.31845451666666,2025/Dec/17,11:09:51,311,480,203,2300,216253.32,55302,-102,-12,-70,10,2300,203,-12,-102,-69,
250,38.91582748333333,-95.31845451666666,2025/Dec/17,11:09:52,311,480,203,2300,216253.32,55302,-102,-17,-65,11,2300,203,-18,-102,-63,
250,38.91582748333333,-95.3184545,2025/Dec/17,11:09:53,311,480,203,2300,216253.32,55302,-102,-12,-70,11,2300,203,-12,-102,-68,2300,110,-20,-117,-82,
250,38.9158275,-95.31845453333334,2025/Dec/17,11:09:54,311,480,203,2300,216253.32,55302,-102,-13,-65,11,2300,203,-15,-102,-69,
250,38.91582755,-95.31845465,2025/Dec/17,11:09:57,311,480,203,2300,216253.32,55302,-102,-12,-69,11,2300,203,-12,-102,-69,
250,38.915827566666664,-95.31845466666667,2025/Dec/17,11:09:59,311,480,203,2300,216253.32,55302,-102,-12,-69,11,2300,203,-14,-102,-63,2300,202,-20,-112,-79,
250,38.9158276,-95.31845471666666,2025/Dec/17,11:10:00,311,480,203,2300,216253.32,55302,-102,-17,-63,11,2300,203,-17,-102,-70,2300,202,-20,-110,-81,
250,38.91582761666667,-95.31845476666666,2025/Dec/17,11:10:01,311,480,203,2300,216253.32,55302,-102,-12,-71,11,2300,203,-13,-102,-70,2300,202,-20,-111,-79,
250,38.91582765,-95.31845478333334,2025/Dec/17,11:10:02,311,480,203,2300,216253.32,55302,-102,-12,-70,11,2300,203,-11,-102,-71,2300,202,-19,-110,-83,
250,38.91582768333333,-95.31845478333334,2025/Dec/17,11:10:03,311,480,203,2300,216253.32,55302,-102,-12,-69,10,2300,203,-12,-102,-68,
250,38.91582768333333,-95.31845478333334,2025/Dec/17,11:10:04,311,480,203,2300,216253.32,55302,-102,-12,-70,11,2300,203,-12,-102,-69,
250,38.915827666666665,-95.31845475,2025/Dec/17,11:10:05,311,480,203,2300,216253.32,55302,-102,-14,-71,12,2300,203,-15,-102,-64,
250,38.91582765,-95.31845475,2025/Dec/17,11:10:06,311,480,203,2300,216253.32,55302,-102,-13,-70,11,2300,203,-13,-102,-70,
250,38.91582765,-95.31845475,2025/Dec/17,11:10:07,311,480,203,2300,216253.32,55302,-102,-11,-70,11,2300,203,-12,-102,-69,2300,202,-19,-109,-82,
250,38.915827666666665,-95.31845476666666,2025/Dec/17,11:10:08,311,480,203,2300,216253.32,55302,-102,-14,-69,10,2300,203,-13,-102,-70,2300,202,-20,-110,-83,
250,38.91582768333333,-95.31845478333334,2025/Dec/17,11:10:11,311,480,203,2300,216253.32,55302,-102,-12,-69,11,2300,203,-12,-102,-70,2300,202,-20,-110,-81,
250,38.91582768333333,-95.31845478333334,2025/Dec/17,11:10:12,311,480,203,2300,216253.32,55302,-102,-12,-70,10,2300,203,-12,-102,-70,2300,202,-20,-110,-82,
250,38.9158277,-95.3184548,2025/Dec/17,11:10:13,311,480,203,2300,216253.32,55302,-102,-17,-63,11,2300,203,-18,-102,-65,2300,202,-20,-111,-78,
250,38.91582771666667,-95.31845481666667,2025/Dec/17,11:10:14,311,480,203,2300,216253.32,55302,-102,-13,-70,11,2300,203,-13,-102,-68,2300,202,-20,-111,-83,
250,38.91582773333333,-95.31845483333333,2025/Dec/17,11:10:15,311,480,203,2300,216253.32,55302,-102,-13,-69,11,2300,203,-12,-102,-70,2300,202,-20,-110,-83,
250,38.91582775,-95.31845481666667,2025/Dec/17,11:10:16,311,480,203,2300,216253.32,55302,-102,-12,-69,11,2300,203,-12,-102,-69,2300,202,-20,-110,-81,
250,38.91582775,-95.31845481666667,2025/Dec/17,11:10:17,311,480,203,2300,216253.32,55302,-102,-15,-65,11,2300,203,-16,-102,-64,
250,38.91582775,-95.31845476666666,2025/Dec/17,11:10:18,311,480,203,2300,216253.32,55302,-102,-17,-65,10,2300,203,-16,-102,-68,
250,38.91582775,-95.31845475,2025/Dec/17,11:10:19,311,480,203,2300,216253.32,55302,-102,-13,-69,10,2300,203,-13,-102,-67,
250,38.915827766666666,-95.31845475,2025/Dec/17,11:10:20,311,480,203,2300,216253.32,55302,-102,-14,-66,9,2300,203,-13,-102,-68,2300,332,-20,-110,-82,
250,38.9158278,-95.3184547,2025/Dec/17,11:10:24,311,480,203,2300,216253.32,55302,-102,-17,-64,10,2300,203,-17,-102,-64,2300,332,-20,-110,-78,
250,38.91582781666666,-95.31845473333334,2025/Dec/17,11:10:25,311,480,203,2300,216253.32,55302,-102,-14,-69,10,2300,203,-14,-102,-66,
250,38.91582785,-95.31845476666666,2025/Dec/17,11:10:26,311,480,203,2300,216253.32,55302,-102,-12,-69,10,2300,203,-13,-102,-69,
250,38.9158279,-95.31845481666667,2025/Dec/17,11:10:28,311,480,203,2300,216253.32,55302,-102,-16,-64,9,2300,203,-16,-102,-64,2300,202,-20,-109,-77,
250,38.915827916666665,-95.31845485,2025/Dec/17,11:10:29,311,480,203,2300,216253.32,55302,-102,-17,-64,10,2300,203,-16,-102,-70,2300,202,-20,-111,-82,
250,38.915827916666665,-95.31845483333333,2025/Dec/17,11:10:30,311,480,203,2300,216253.32,55302,-102,-12,-70,11,2300,203,-12,-102,-70,2300,202,-20,-110,-82,
250,38.9158279,-95.31845481666667,2025/Dec/17,11:10:31,311,480,203,2300,216253.32,55302,-102,-12,-69,11,2300,203,-12,-102,-69,2300,202,-20,-112,-83,
250,38.915827883333336,-95.3184548,2025/Dec/17,11:10:32,311,480,203,2300,216253.32,55302,-102,-17,-64,11,2300,203,-15,-102,-69,
250,38.915827916666665,-95.3184548,2025/Dec/17,11:10:34,311,480,203,2300,216253.32,55302,-102,-13,-68,10,2300,203,-12,-102,-69,
250,38.91582795,-95.31845481666667,2025/Dec/17,11:10:35,311,480,203,2300,216253.32,55302,-102,-12,-70,11,2300,203,-13,-101,-65,
250,38.91582798333334,-95.31845483333333,2025/Dec/17,11:10:36,311,480,203,2300,216253.32,55302,-102,-13,-65,11,2300,203,-14,-102,-64,
250,38.915828,-95.31845485,2025/Dec/17,11:10:37,311,480,203,2300,216253.32,55302,-102,-17,-64,10,2300,203,-16,-102,-69,
250,38.915828016666666,-95.31845485,2025/Dec/17,11:10:38,311,480,203,2300,216253.32,55302,-102,-12,-69,12,2300,203,-13,-102,-69,
250,38.915828016666666,-95.31845485,2025/Dec/17,11:10:39,311,480,203,2300,216253.32,55302,-102,-11,-71,11,2300,203,-12,-102,-70,2300,202,-19,-110,-83,
250,38.915828016666666,-95.31845485,2025/Dec/17,11:10:40,311,480,203,2300,216253.32,55302,-102,-12,-71,11,2300,203,-14,-102,-63,
250,38.915828016666666,-95.31845488333333,2025/Dec/17,11:10:41,311,480,203,2300,216253.32,55302,-102,-18,-63,11,2300,203,-17,-102,-71,
250,38.915828016666666,-95.31845488333333,2025/Dec/17,11:10:42,311,480,203,2300,216253.32,55302,-102,-11,-70,11,2300,203,-12,-102,-70,
250,38.91582805,-95.31845488333333,2025/Dec/17,11:10:43,311,480,203,2300,216253.32,55302,-102,-11,-70,11,2300,203,-11,-102,-70,2300,386,-20,-119,-83,
250,38.91582805,-95.31845488333333,2025/Dec/17,11:10:44,311,480,203,2300,216253.32,55302,-102,-15,-64,11,2300,203,-14,-102,-70,2300,386,-20,-119,-80,
250,38.915828016666666,-95.31845488333333,2025/Dec/17,11:10:46,311,480,203,2300,216253.32,55302,-102,-12,-69,11,2300,203,-12,-102,-71,
250,38.915828,-95.31845488333333,2025/Dec/17,11:10:47,311,480,203,2300,216253.32,55302,-102,-12,-69,10,2300,203,-12,-102,-69,
250,38.91582798333334,-95.31845488333333,2025/Dec/17,11:10:48,311,480,203,2300,216253.32,55302,-102,-13,-70,11,2300,203,-15,-102,-65,
250,38.91582796666667,-95.3184549,2025/Dec/17,11:10:49,311,480,203,2300,216253.32,55302,-102,-17,-69,10,2300,203,-15,-102,-70,
250,38.91582796666667,-95.31845493333333,2025/Dec/17,11:10:50,311,480,203,2300,216253.32,55302,-102,-12,-71,11,2300,203,-17,-102,-65,2300,202,-20,-110,-78,
250,38.915828016666666,-95.31845498333334,2025/Dec/17,11:10:53,311,480,203,2300,216253.32,55302,-102,-17,-64,11,2300,203,-15,-102,-69,2300,202,-20,-111,-83,
250,38.915828016666666,-95.318455,2025/Dec/17,11:10:54,311,480,203,2300,216253.32,55302,-102,-11,-70,11,2300,203,-11,-102,-70,2300,202,-20,-110,-83,
250,38.915828016666666,-95.31845503333334,2025/Dec/17,11:10:55,311,480,203,2300,216253.32,55302,-102,-14,-65,12,2300,203,-12,-102,-69,2300,202,-20,-111,-82,
250,38.91582805,-95.31845505,2025/Dec/17,11:10:58,311,480,203,2300,216253.32,55302,-102,-13,-69,11,2300,203,-12,-102,-70,2300,202,-20,-111,-82,
250,38.91582808333333,-95.31845508333333,2025/Dec/17,11:10:59,311,480,203,2300,216253.32,55302,-102,-14,-69,11,2300,203,-15,-102,-65,2300,332,-20,-114,-77,2300,110,-20,-117,-77,
250,38.91582808333333,-95.31845508333333,2025/Dec/17,11:11:00,311,480,203,2300,216253.32,55302,-102,-14,-69,10,2300,203,-13,-102,-70,
250,38.91582806666667,-95.3184551,2025/Dec/17,11:11:01,311,480,203,2300,216253.32,55302,-102,-13,-69,10,2300,203,-12,-102,-70,2300,332,-20,-112,-82,
250,38.91582805,-95.31845508333333,2025/Dec/17,11:11:02,311,480,203,2300,216253.32,55302,-102,-12,-67,9,2300,203,-12,-102,-70,2300,202,-20,-111,-82,2300,35,-20,-119,-83,
250,38.915828033333334,-95.3184551,2025/Dec/17,11:11:03,311,480,203,2300,216253.32,55302,-102,-13,-70,10,2300,203,-13,-102,-68,2300,110,-20,-120,-82,
250,38.915828,-95.31845511666667,2025/Dec/17,11:11:04,311,480,203,2300,216253.32,55302,-102,-15,-65,11,2300,203,-16,-102,-64,
250,38.91582798333334,-95.31845515,2025/Dec/17,11:11:05,311,480,203,2300,216253.32,55302,-102,-13,-70,11,2300,203,-13,-102,-69,
250,38.91582795,-95.31845511666667,2025/Dec/17,11:11:06,311,480,203,2300,216253.32,55302,-102,-12,-70,11,2300,203,-12,-102,-66,
250,38.91582793333333,-95.31845511666667,2025/Dec/17,11:11:07,311,480,203,2300,216253.32,55302,-102,-12,-70,10,2300,203,-12,-102,-69,2300,202,-20,-110,-82,
250,38.91582793333333,-95.3184551,2025/Dec/17,11:11:08,311,480,203,2300,216253.32,55302,-102,-16,-70,11,2300,203,-14,-102,-70,2300,202,-20,-110,-82,
250,38.915827916666665,-95.31845508333333,2025/Dec/17,11:11:10,311,480,203,2300,216253.32,55302,-102,-12,-68,10,2300,203,-12,-102,-69,2300,202,-19,-110,-83,
250,38.915827916666665,-95.31845508333333,2025/Dec/17,11:11:11,311,480,203,2300,216253.32,55302,-101,-12,-69,11,2300,203,-12,-101,-67,2300,202,-19,-110,-82,
250,38.915827916666665,-95.31845511666667,2025/Dec/17,11:11:12,311,480,203,2300,216253.32,55302,-101,-11,-70,11,2300,203,-10,-101,-71,2300,202,-20,-111,-83,
250,38.915827916666665,-95.31845511666667,2025/Dec/17,11:11:13,311,480,203,2300,216253.32,55302,-102,-16,-63,12,2300,203,-17,-102,-66,2300,386,-20,-114,-79,
250,38.9158279,-95.31845511666667,2025/Dec/17,11:11:14,311,480,203,2300,216253.32,55302,-105,-16,-71,10,2300,203,-15,-104,-71,
250,38.91583131666667,-95.31845223333333,2025/Dec/17,11:11:15,311,480,203,2300,216253.32,55302,-104,-12,-73,10,2300,203,-13,-105,-72,2300,202,-20,-116,-84,2300,386,-18,-111,-84,
250,38.91583421666667,-95.31843188333333,2025/Dec/17,11:11:16,311,480,203,2300,216253.32,55302,-104,-16,-66,10,2300,203,-17,-105,-70,2300,202,-20,-116,-82,
250,38.915828016666666,-95.3183889,2025/Dec/17,11:11:17,311,480,203,2300,216253.32,55302,-107,-18,-65,12,2300,203,-16,-105,-70,2300,202,-20,-112,-82,
250,38.9158093,-95.31832431666666,2025/Dec/17,11:11:18,311,480,203,2300,216253.32,55302,-103,-14,-68,9,2300,203,-12,-92,-71,2300,386,-14,-93,-59,2300,202,-19,-101,-71,2300,332,-20,-101,-71,
250,38.91588805,-95.31757866666666,2025/Dec/17,11:11:23,311,480,386,2300,216150.32,55302,-92,-17,-54,7,2300,203,-12,-88,-67,2300,386,-17,-92,-55,2300,202,-19,-95,-67,2300,281,-15,-91,-67,
260,38.91592313333334,-95.31734635,2025/Dec/17,11:11:24,311,480,203,2300,216253.32,55302,-95,-17,-54,8,2300,203,-18,-94,-51,2300,386,-19,-95,-63,2300,281,-17,-91,-63,2300,332,-18,-91,-63,
260,38.91595076666667,-95.31710583333333,2025/Dec/17,11:11:25,311,480,203,2300,216253.32,55302,-90,-18,-53,8,2300,203,-17,-90,-53,2300,332,-16,-88,-66,2300,281,-17,-89,-65,
270,38.9159654,-95.31686211666667,2025/Dec/17,11:11:26,311,480,203,2300,216253.32,55302,-90,-16,-53,8,2300,203,-15,-90,-54,2300,281,-15,-91,-66,2300,369,-20,-95,-65,
270,38.9159694,-95.31661985,2025/Dec/17,11:11:27,311,480,203,2300,216253.32,55302,-93,-16,-55,8,2300,203,-16,-93,-55,2300,281,-16,-93,-66,
280,38.91594465,-95.31637753333334,2025/Dec/17,11:11:28,311,480,203,2300,216253.32,55302,-92,-18,-51,8,2300,203,-18,-92,-51,2300,110,-20,-93,-64,2300,386,-19,-92,-64,
280,38.9159174,-95.31613041666667,2025/Dec/17,11:11:29,311,480,203,2300,216253.32,55302,-89,-18,-50,8,2300,203,-17,-89,-54,2300,386,-19,-91,-64,2300,437,-20,-93,-64,
290,38.91590681666667,-95.31587953333333,2025/Dec/17,11:11:30,311,480,203,2300,216253.32,55302,-91,-16,-53,9,2300,203,-15,-91,-53,2300,386,-13,-87,-65,
290,38.915904,-95.31564173333334,2025/Dec/17,11:11:31,311,480,203,2300,216253.32,55302,-92,-17,-53,8,2300,203,-17,-92,-53,2300,386,-17,-90,-66,2300,110,-19,-93,-65,
290,38.9159304,-95.31542326666667,2025/Dec/17,11:11:32,311,480,203,2300,216253.32,55302,-94,-20,-52,6,2300,203,-20,-94,-51,2300,386,-20,-94,-64,2300,110,-17,-90,-64,2300,370,-20,-94,-64,
290,38.915973666666666,-95.3152069,2025/Dec/17,11:11:33,311,480,203,2300,216253.32,55302,-94,-20,-53,6,2300,203,-18,-93,-54,2300,110,-17,-90,-65,2300,386,-19,-92,-65,
300,38.91604538333333,-95.31500738333334,2025/Dec/17,11:11:34,311,480,203,2300,216253.32,55302,-92,-17,-53,7,2300,203,-17,-93,-52,2300,110,-16,-88,-64,2300,386,-18,-90,-64,
300,38.916125533333336,-95.3148155,2025/Dec/17,11:11:35,311,480,110,775,216458.34,55302,-89,-17,-57,8,775,110,-17,-89,-58,
300,38.91621475,-95.31462031666666,2025/Dec/17,11:11:36,311,480,386,775,216150.34,55302,-88,-18,-53,10,775,386,-18,-87,-52,775,369,-19,-86,-60,
300,38.91630946666667,-95.31441936666667,2025/Dec/17,11:11:37,311,480,386,775,216150.34,55302,-88,-17,-56,8,775,386,-18,-89,-57,775,369,-20,-90,-62,775,104,-20,-94,-62,
310,38.9164526,-95.31405456666667,2025/Dec/17,11:11:39,311,480,386,775,216150.34,55302,-86,-14,-53,7,775,386,-16,-87,-55,775,374,-20,-95,-62,775,369,-18,-89,-62,
310,38.9165127,-95.31386146666667,2025/Dec/17,11:11:40,311,480,386,775,216150.34,55302,-87,-16,-57,7,775,386,-16,-87,-57,775,374,-20,-93,-61,775,369,-18,-87,-61,775,104,-20,-98,-61,
310,38.916577616666665,-95.31366121666667,2025/Dec/17,11:11:41,311,480,386,775,216150.34,55302,-89,-20,-56,8,775,386,-20,-87,-49,775,110,-18,-84,-56,
320,38.916643533333335,-95.31346363333333,2025/Dec/17,11:11:42,311,480,386,775,216150.34,55302,-86,-20,-48,6,775,386,-20,-87,-47,775,110,-18,-86,-55,
320,38.9167203,-95.31328688333333,2025/Dec/17,11:11:43,311,480,386,775,216150.34,55302,-84,-17,-53,9,775,386,-15,-81,-48,775,110,-14,-80,-57,775,202,-20,-93,-57,
330,38.9169928,-95.31303958333334,2025/Dec/17,11:11:45,311,480,386,775,216150.34,55302,-81,-17,-44,11,775,386,-17,-77,-43,775,104,-20,-83,-50,
330,38.91715236666667,-95.3129608,2025/Dec/17,11:11:46,311,480,386,775,216150.34,55302,-79,-14,-53,10,775,386,-14,-81,-54,
330,38.917303483333335,-95.31305018333333,2025/Dec/17,11:11:47,311,480,386,775,216150.34,55302,-88,-19,-52,9,775,386,-17,-84,-52,775,110,-17,-84,-59,775,203,-20,-90,-59,775,212,-20,-96,-59,
330,38.917444683333336,-95.31315885,2025/Dec/17,11:11:48,311,480,386,775,216150.34,55302,-75,-10,-48,12,775,386,-16,-82,-51,775,110,-15,-81,-58,775,203,-17,-83,-58,
340,38.917755883333335,-95.31369225,2025/Dec/17,11:11:51,311,480,386,775,216150.34,55302,-81,-12,-53,12,775,386,-12,-81,-53,775,110,-16,-83,-59,775,203,-18,-84,-59,
340,38.91782775,-95.31392088333334,2025/Dec/17,11:11:52,311,480,386,775,216150.34,55302,-84,-14,-55,7,775,386,-16,-86,-54,775,110,-14,-82,-59,775,203,-20,-87,-59,
340,38.9178712,-95.31415281666666,2025/Dec/17,11:11:53,311,480,110,775,216458.34,55302,-85,-17,-55,8,775,110,-16,-85,-55,
340,38.91789466666667,-95.3143872,2025/Dec/17,11:11:54,311,480,386,775,216150.34,55302,-80,-16,-48,9,775,110,-19,-84,-57,775,386,-17,-81,-48,775,202,-20,-95,-57,
340,38.917917816666666,-95.3146294,2025/Dec/17,11:11:55,311,480,203,2300,216253.32,55302,-84,-16,-46,9,2300,203,-16,-84,-49,2300,437,-20,-88,-60,
330,38.91801486666667,-95.31511503333333,2025/Dec/17,11:11:57,311,480,203,2300,216253.32,55302,-84,-16,-48,10,2300,203,-15,-83,-46,2300,386,-20,-95,-60,2300,437,-20,-89,-60,
340,38.91809836666667,-95.31535928333334,2025/Dec/17,11:11:58,311,480,203,2300,216253.32,55302,-83,-18,-47,9,2300,203,-18,-85,-52,2300,386,-20,-92,-60,2300,437,-20,-90,-60,
340,38.91819165,-95.3155667,2025/Dec/17,11:11:59,311,480,203,2300,216253.32,55302,-88,-20,-46,7,2300,203,-20,-88,-47,2300,386,-15,-84,-60,2300,281,-19,-87,-60,
350,38.918288,-95.31576288333333,2025/Dec/17,11:12:00,311,480,203,2300,216253.32,55302,-88,-18,-50,7,2300,203,-18,-88,-50,2300,110,-20,-96,-62,
350,38.91839083333333,-95.31596458333334,2025/Dec/17,11:12:01,311,480,203,2300,216253.32,55302,-87,-18,-48,8,2300,203,-18,-87,-49,2300,386,-16,-85,-60,2300,110,-20,-91,-60,2300,281,-16,-85,-60,
360,38.91849173333333,-95.31614518333333,2025/Dec/17,11:12:02,311,480,110,5230,216458.3,55302,-81,-20,-45,6,5230,110,-20,-81,-51,5230,386,-15,-75,-40,5230,203,-20,-85,-50,5230,330,-20,-81,-50,5230,281,-19,-80,-51,
360,38.91859775,-95.31632723333334,2025/Dec/17,11:12:03,311,480,386,5230,216150.3,55302,-83,-20,-45,3,5230,110,-17,-80,-54,5230,386,-20,-84,-47,5230,330,-17,-80,-53,
300,38.91871698333333,-95.31648593333334,2025/Dec/17,11:12:04,311,480,203,5230,216253.3,55302,-73,-16,-42,8,5230,110,-19,-77,-50,5230,386,-14,-72,-50,5230,203,-16,-75,-41,
370,38.91883295,-95.31665006666667,2025/Dec/17,11:12:05,311,480,386,5230,216150.3,55302,-76,-15,-45,6,5230,386,-17,-79,-45,5230,203,-15,-76,-54,5230,437,-16,-79,-54,
370,38.918964933333335,-95.31684295,2025/Dec/17,11:12:06,311,480,386,5230,216150.3,55302,-86,-20,-44,4,5230,437,-19,-81,-46,5230,203,-14,-76,-54,
370,38.919052316666665,-95.31702018333333,2025/Dec/17,11:12:07,311,480,203,5230,216253.3,55302,-75,-15,-44,9,5230,203,-17,-76,-42,
370,38.91913323333333,-95.31720465,2025/Dec/17,11:12:08,311,480,203,5230,216253.3,55302,-76,-18,-41,9,5230,203,-19,-77,-40,5230,437,-20,-85,-50,
370,38.91920236666667,-95.31740798333334,2025/Dec/17,11:12:09,311,480,386,2300,216150.32,55302,-85,-18,-46,7,2300,386,-18,-85,-46,2300,110,-16,-84,-59,2300,281,-20,-89,-59,
380,38.919228133333334,-95.31761576666666,2025/Dec/17,11:12:10,311,480,203,2300,216253.32,55302,-81,-14,-45,8,2300,203,-16,-83,-44,
380,38.919223716666664,-95.31783255,2025/Dec/17,11:12:11,311,480,203,2300,216253.32,55302,-91,-20,-48,4,2300,203,-20,-92,-46,2300,110,-16,-86,-59,2300,281,-17,-85,-59,
380,38.91917526666667,-95.3180465,2025/Dec/17,11:12:12,311,480,203,2300,216253.32,55302,-87,-20,-47,7,2300,203,-20,-86,-45,2300,110,-16,-83,-58,2300,386,-13,-81,-58,
380,38.91909095,-95.31823471666667,2025/Dec/17,11:12:13,311,480,386,775,216150.34,55302,-73,-12,-43,13,775,386,-11,-72,-43,775,203,-20,-87,-51,775,110,-20,-83,-51,
390,38.9189847,-95.31838451666667,2025/Dec/17,11:12:14,311,480,386,775,216150.34,55302,-76,-12,-51,10,775,386,-12,-77,-48,
390,38.918876616666665,-95.31849931666666,2025/Dec/17,11:12:15,311,480,386,775,216150.34,55302,-82,-16,-50,10,775,386,-17,-82,-50,775,110,-18,-84,-56,
390,38.91874128333333,-95.31854306666666,2025/Dec/17,11:12:16,311,480,386,775,216150.34,55302,-82,-12,-54,12,775,386,-15,-81,-50,775,203,-18,-84,-57,
400,38.918327383333335,-95.31835885,2025/Dec/17,11:12:19,311,480,386,775,216150.34,55302,-82,-13,-53,12,775,386,-13,-81,-52,775,203,-18,-85,-59,775,437,-20,-95,-59,
400,38.9181816,-95.31799116666667,2025/Dec/17,11:12:21,311,480,386,775,216150.34,55302,-89,-20,-55,4,775,386,-20,-91,-54,775,203,-18,-86,-60,775,437,-20,-94,-60,
400,38.91813705,-95.31775923333333,2025/Dec/17,11:12:22,311,480,386,775,216150.34,55302,-87,-17,-52,8,775,386,-16,-86,-55,775,203,-17,-84,-60,775,202,-20,-96,-60,775,110,-18,-85,-59,
400,38.9181118,-95.31751996666667,2025/Dec/17,11:12:23,311,480,386,775,216150.34,55302,-86,-14,-53,9,775,386,-16,-86,-50,775,437,-20,-90,-58,775,110,-17,-85,-58,
400,38.918057483333335,-95.31726436666666,2025/Dec/17,11:12:24,311,480,386,775,216150.34,55302,-85,-18,-53,11,775,386,-17,-85,-53,775,110,-18,-86,-59,
400,38.918011166666666,-95.3170001,2025/Dec/17,11:12:25,311,480,386,775,216150.34,55302,-88,-16,-54,11,775,386,-14,-85,-55,775,110,-19,-89,-61,775,104,-20,-95,-61,
400,38.9179478,-95.31675306666666,2025/Dec/17,11:12:26,311,480,386,775,216150.34,55302,-81,-14,-53,12,775,386,-14,-82,-53,775,104,-20,-92,-60,775,110,-18,-98,-61,
390,38.917862,-95.31651681666666,2025/Dec/17,11:12:27,311,480,386,775,216150.34,55302,-83,-16,-47,10,775,386,-15,-82,-49,775,110,-17,-83,-56,
390,38.91775466666667,-95.31629553333333,2025/Dec/17,11:12:28,311,480,386,775,216150.34,55302,-76,-15,-48,14,775,386,-14,-75,-48,775,203,-20,-87,-54,
380,38.91760686666667,-95.3160916,2025/Dec/17,11:12:29,311,480,386,775,216150.34,55302,-80,-18,-46,10,775,386,-17,-78,-43,
380,38.9174029,-95.31593485,2025/Dec/17,11:12:30,311,480,386,5230,216150.3,55302,-80,-17,-42,4,5230,386,-14,-75,-42,
370,38.91695048333333,-95.31570968333334,2025/Dec/17,11:12:32,311,480,386,5230,216150.3,55302,-74,-14,-44,6,5230,386,-16,-75,-40,
360,38.91673276666667,-95.31559735,2025/Dec/17,11:12:33,311,480,386,5230,216150.3,55302,-78,-18,-43,8,5230,386,-18,-78,-43,5230,212,-20,-90,-53,5230,203,-20,-82,-53,
360,38.916532583333336,-95.31547535,2025/Dec/17,11:12:34,311,480,386,5230,216150.3,55302,-83,-20,-45,4,5230,386,-20,-85,-44,5230,203,-12,-75,-54,
360,38.91634925,-95.31532705,2025/Dec/17,11:12:35,311,480,203,5230,216253.3,55302,-79,-15,-46,9,5230,203,-15,-79,-48,5230,437,-18,-82,-57,
360,38.916211966666665,-95.31514895,2025/Dec/17,11:12:36,311,480,386,5230,216150.3,55302,-81,-15,-48,9,5230,386,-16,-81,-47,5230,203,-20,-87,-56,5230,437,-20,-90,-56,5230,448,-20,-85,-56,
360,38.91611635,-95.31495508333333,2025/Dec/17,11:12:37,311,480,386,5230,216150.3,55302,-82,-18,-47,8,5230,386,-19,-83,-47,5230,203,-20,-84,-57,
360,38.91605933333334,-95.31469705,2025/Dec/17,11:12:38,311,480,386,5230,216150.3,55302,-90,-20,-47,6,5230,386,-20,-88,-46,5230,203,-20,-86,-56,5230,374,-20,-85,-55,
360,38.91598905,-95.31417741666667,2025/Dec/17,11:12:40,311,480,386,5230,216150.3,55302,-81,-18,-44,10,5230,386,-18,-81,-44,5230,203,-20,-90,-57,5230,374,-18,-83,-58,5230,202,-20,-92,-57,
370,38.915985033333335,-95.3139403,2025/Dec/17,11:12:41,311,480,386,5230,216150.3,55302,-85,-20,-48,7,5230,386,-20,-86,-49,
370,38.91600391666667,-95.31371281666667,2025/Dec/17,11:12:42,311,480,386,5230,216150.3,55302,-88,-20,-45,4,5230,386,-20,-89,-45,5230,203,-13,-77,-55,
370,38.91614811666667,-95.31332591666667,2025/Dec/17,11:12:44,311,480,386,5230,216150.3,55302,-75,-13,-45,11,5230,386,-17,-73,-38,5230,203,-20,-83,-48,
370,38.91679463333333,-95.3131561,2025/Dec/17,11:12:48,311,480,386,5230,216150.3,55302,-71,-17,-37,11,5230,386,-16,-72,-43,
370,38.916956166666665,-95.31327711666667,2025/Dec/17,11:12:49,311,480,386,5230,216150.3,55302,-81,-18,-47,6,5230,386,-20,-83,-46,
370,38.917122633333335,-95.31341805,2025/Dec/17,11:12:50,311,480,386,5230,216150.3,55302,-76,-16,-43,9,5230,386,-15,-75,-42,5230,203,-16,-75,-51,
360,38.91725595,-95.31359515,2025/Dec/17,11:12:51,311,480,386,5230,216150.3,55302,-72,-11,-44,9,5230,386,-11,-72,-45,5230,110,-20,-82,-52,
360,38.917359633333334,-95.31380051666666,2025/Dec/17,11:12:52,311,480,386,5230,216150.3,55302,-85,-20,-45,4,5230,386,-20,-84,-45,5230,110,-20,-82,-53,5230,437,-20,-87,-54,5230,203,-20,-86,-54,5230,281,-17,-79,-54,
360,38.9174387,-95.31403236666667,2025/Dec/17,11:12:53,311,480,203,5230,216253.3,55302,-76,-15,-42,9,5230,386,-19,-79,-52,5230,203,-16,-76,-42,
360,38.917497616666665,-95.31429081666667,2025/Dec/17,11:12:54,311,480,203,2300,216253.32,55302,-87,-20,-45,8,2300,203,-20,-86,-45,2300,386,-20,-87,-58,2300,437,-20,-93,-58,
350,38.91760345,-95.31477698333333,2025/Dec/17,11:12:56,311,480,203,2300,216253.32,55302,-86,-18,-48,7,2300,203,-18,-86,-48,2300,386,-16,-85,-60,2300,437,-20,-91,-60,
350,38.91764418333333,-95.31502106666667,2025/Dec/17,11:12:57,311,480,203,2300,216253.32,55302,-85,-16,-49,8,2300,203,-16,-84,-48,2300,110,-17,-85,-60,
350,38.91769255,-95.31524848333333,2025/Dec/17,11:12:58,311,480,203,2300,216253.32,55302,-88,-19,-49,7,2300,203,-18,-88,-49,2300,110,-17,-86,-61,2300,386,-17,-88,-61,
350,38.91774638333333,-95.31548515,2025/Dec/17,11:12:59,311,480,203,2300,216253.32,55302,-89,-20,-46,6,2300,203,-20,-89,-47,2300,110,-17,-84,-60,2300,281,-18,-86,-59,
350,38.9177987,-95.31570703333334,2025/Dec/17,11:13:00,311,480,203,2300,216253.32,55302,-87,-20,-47,8,2300,203,-20,-87,-48,2300,110,-16,-83,-60,
350,38.91784005,-95.31594711666666,2025/Dec/17,11:13:01,311,480,386,775,216150.34,55302,-78,-15,-49,11,775,386,-14,-78,-51,
340,38.917877016666665,-95.31618648333334,2025/Dec/17,11:13:02,311,480,203,2300,216253.32,55302,-86,-18,-48,8,2300,203,-17,-86,-48,2300,110,-15,-84,-61,2300,202,-20,-91,-61,
340,38.917896383333336,-95.31641986666666,2025/Dec/17,11:13:03,311,480,203,2300,216253.32,55302,-86,-20,-45,8,2300,203,-19,-86,-46,2300,110,-17,-83,-58,2300,281,-20,-90,-58,
350,38.91790833333334,-95.31663148333334,2025/Dec/17,11:13:04,311,480,203,2300,216253.32,55302,-87,-19,-47,7,2300,203,-19,-87,-48,2300,110,-16,-84,-60,
350,38.9179192,-95.31685713333333,2025/Dec/17,11:13:05,311,480,203,2300,216253.32,55302,-86,-18,-47,7,2300,203,-18,-86,-49,2300,110,-17,-84,-59,
350,38.91791935,-95.3170696,2025/Dec/17,11:13:06,311,480,203,2300,216253.32,55302,-85,-16,-44,9,2300,203,-16,-84,-48,
350,38.917932066666665,-95.31751771666667,2025/Dec/17,11:13:08,311,480,203,2300,216253.32,55302,-86,-18,-49,8,2300,203,-16,-85,-48,2300,386,-15,-83,-60,
350,38.91795783333333,-95.31774113333333,2025/Dec/17,11:13:09,311,480,203,2300,216253.32,55302,-85,-15,-50,9,2300,203,-16,-86,-50,
350,38.91798336666667,-95.31796693333334,2025/Dec/17,11:13:10,311,480,203,2300,216253.32,55302,-86,-19,-46,7,2300,203,-19,-86,-46,2300,386,-14,-81,-59,2300,110,-16,-83,-59,2300,281,-19,-86,-59,
360,38.91802323333334,-95.31818165,2025/Dec/17,11:13:11,65535,65535,386,-1,16777215.255,65535,-79,-13,-59,0,2300,110,-18,-83,-56,2300,386,-15,-81,-44,2300,281,-20,-86,-56,
360,38.91805108333333,-95.31840788333334,2025/Dec/17,11:13:12,311,480,386,2300,216150.32,55302,-82,-15,-46,9,2300,386,-16,-82,-46,
360,38.918087183333334,-95.31863708333333,2025/Dec/17,11:13:13,311,480,386,2300,216150.32,55302,-82,-15,-47,9,5230,386,-18,-75,-40,5230,330,-20,-87,-49,
360,38.91807305,-95.31961995,2025/Dec/17,11:13:17,311,480,386,5230,216150.3,55302,-78,-17,-44,5,5230,386,-18,-79,-44,5230,330,-20,-86,-52,
360,38.91805885,-95.31983623333333,2025/Dec/17,11:13:18,311,480,386,5230,216150.3,55302,-80,-19,-44,5,5230,386,-20,-81,-44,5230,330,-20,-85,-53,
360,38.9179928,-95.3202599,2025/Dec/17,11:13:20,311,480,386,5230,216150.3,55302,-84,-20,-44,3,5230,386,-20,-85,-45,5230,330,-20,-84,-54,
360,38.91793715,-95.32045953333333,2025/Dec/17,11:13:21,311,480,386,5230,216150.3,55302,-91,-20,-47,1,5230,386,-20,-91,-45,5230,203,-15,-78,-54,5230,330,-20,-87,-54,
360,38.917876283333335,-95.3206476,2025/Dec/17,11:13:22,311,480,203,5230,216253.3,55302,-76,-13,-47,7,5230,203,-13,-76,-47,
360,38.9177872,-95.32082908333334,2025/Dec/17,11:13:23,311,480,203,5230,216253.3,55302,-76,-13,-46,7,5230,203,-13,-76,-45,
360,38.917675216666666,-95.32098803333334,2025/Dec/17,11:13:24,311,480,203,5230,216253.3,55302,-77,-15,-46,5,5230,203,-15,-77,-45,
360,38.91752955,-95.32111558333334,2025/Dec/17,11:13:25,311,480,203,5230,216253.3,55302,-79,-17,-43,8,5230,203,-18,-80,-45,
360,38.91736063333333,-95.32115803333333,2025/Dec/17,11:13:26,311,480,203,5230,216253.3,55302,-82,-20,-43,7,5230,203,-20,-81,-44,
360,38.91718415,-95.32115373333333,2025/Dec/17,11:13:27,311,480,281,2300,216247.32,55302,-86,-17,-51,6,2300,281,-17,-88,-52,2300,437,-19,-88,-61,2300,203,-20,-93,-61,2300,110,-17,-88,-61,
360,38.9170269,-95.32111443333334,2025/Dec/17,11:13:28,311,480,203,2300,216247.32,55302,-82,-13,-61,0,2300,203,-14,-83,-49,
360,38.9168692,-95.32103231666666,2025/Dec/17,11:13:29,311,480,203,2300,216253.32,55302,-83,-18,-44,8,2300,203,-17,-83,-49,
360,38.91645033333333,-95.32069543333333,2025/Dec/17,11:13:32,311,480,203,2300,216253.32,55302,-83,-14,-49,8,2300,203,-14,-83,-50,
360,38.91631793333333,-95.32057225,2025/Dec/17,11:13:33,311,480,203,2300,216253.32,55302,-85,-17,-47,6,2300,203,-17,-85,-49,2300,110,-18,-90,-62,
360,38.91618315,-95.32045488333333,2025/Dec/17,11:13:34,311,480,203,2300,216253.32,55302,-86,-18,-47,6,2300,203,-19,-86,-47,2300,110,-18,-88,-59,2300,437,-20,-88,-60,
360,38.9160604,-95.32035506666666,2025/Dec/17,11:13:35,311,480,203,2300,216253.32,55302,-87,-20,-46,7,2300,203,-19,-87,-47,2300,110,-17,-89,-61,2300,437,-20,-88,-61,2300,281,-18,-85,-60,
360,38.91592178333333,-95.32025396666667,2025/Dec/17,11:13:36,311,480,203,2300,216253.32,55302,-87,-18,-49,8,2300,203,-17,-87,-49,2300,110,-16,-90,-61,2300,437,-19,-88,-61,2300,281,-19,-88,-61,
360,38.915782633333336,-95.32015413333333,2025/Dec/17,11:13:37,311,480,203,2300,216253.32,55302,-85,-17,-48,8,2300,203,-17,-85,-48,2300,281,-20,-88,-60,2300,437,-20,-89,-61,2300,110,-16,-89,-61,
360,38.91563035,-95.32006453333334,2025/Dec/17,11:13:38,311,480,203,2300,216253.32,55302,-83,-16,-47,9,2300,203,-16,-84,-47,
360,38.9154998,-95.31998498333333,2025/Dec/17,11:13:39,311,480,203,2300,216253.32,55302,-85,-19,-46,9,2300,203,-18,-85,-50,2300,386,-18,-92,-59,
360,38.91537401666667,-95.3198928,2025/Dec/17,11:13:40,311,480,203,2300,216253.32,55302,-85,-16,-49,9,2300,203,-16,-85,-48,
360,38.9152604,-95.3197828,2025/Dec/17,11:13:41,311,480,203,2300,216253.32,55302,-88,-17,-51,9,2300,203,-17,-85,-49,
360,38.914898316666665,-95.31913816666666,2025/Dec/17,11:13:45,311,480,203,2300,216253.32,55302,-84,-14,-49,10,2300,203,-14,-85,-49,
360,38.91483771666667,-95.31895366666667,2025/Dec/17,11:13:46,311,480,203,2300,216253.32,55302,-85,-15,-50,10,2300,203,-15,-85,-50,
360,38.914782,-95.31876485,2025/Dec/17,11:13:47,311,480,203,2300,216253.32,55302,-87,-16,-51,9,2300,203,-17,-88,-48,
360,38.914751366666664,-95.31858648333333,2025/Dec/17,11:13:48,311,480,203,2300,216253.32,55302,-92,-20,-50,7,2300,203,-20,-92,-50,2300,281,-18,-88,-62,
360,38.91472468333333,-95.3184171,2025/Dec/17,11:13:49,311,480,203,2300,216253.32,55302,-95,-17,-51,8,2300,203,-17,-93,-51,2300,256,-17,-89,-64,
360,38.91469991666666,-95.31822458333333,2025/Dec/17,11:13:50,311,480,203,2300,216253.32,55302,-89,-15,-50,10,2300,203,-15,-89,-50,
360,38.91469185,-95.31802205,2025/Dec/17,11:13:51,311,480,203,2300,216253.32,55302,-88,-15,-50,9,2300,203,-15,-88,-51,2300,202,-20,-98,-63,2300,369,-18,-89,-63,
360,38.91469948333334,-95.317809,2025/Dec/17,11:13:52,311,480,203,2300,216253.32,55302,-89,-19,-49,9,2300,203,-19,-89,-50,2300,369,-18,-88,-62,
360,38.91472423333333,-95.31759698333333,2025/Dec/17,11:13:53,311,480,203,2300,216253.32,55302,-89,-15,-51,9,2300,203,-15,-89,-52,2300,369,-18,-89,-63,2300,437,-18,-92,-63,
360,38.9148043,-95.3171735,2025/Dec/17,11:13:55,311,480,203,2300,216253.32,55302,-91,-16,-50,8,2300,203,-17,-91,-51,2300,437,-18,-93,-63,
360,38.91485491666667,-95.31696261666667,2025/Dec/17,11:13:56,311,480,203,2300,216253.32,55302,-93,-20,-50,7,2300,203,-20,-94,-51,2300,110,-17,-89,-64,
360,38.914900933333335,-95.31675348333333,2025/Dec/17,11:13:57,311,480,203,2300,216253.32,55302,-91,-15,-53,10,2300,203,-15,-91,-51,2300,386,-20,-93,-64,
360,38.91494865,-95.31655925,2025/Dec/17,11:13:58,311,480,203,2300,216253.32,55302,-89,-14,-51,10,2300,203,-14,-88,-50,2300,386,-20,-95,-64,2300,369,-19,-91,-63,
360,38.91497678333333,-95.31634503333333,2025/Dec/17,11:13:59,311,480,203,2300,216253.32,55302,-91,-14,-53,9,2300,203,-14,-91,-52,
360,38.91500226666667,-95.31614016666667,2025/Dec/17,11:14:00,311,480,203,2300,216253.32,55302,-91,-18,-52,9,2300,203,-18,-92,-54,2300,448,-18,-91,-65,2300,202,-20,-102,-65,2300,369,-19,-92,-65,
360,38.91500653333333,-95.3159358,2025/Dec/17,11:14:01,311,480,203,2300,216253.32,55302,-94,-19,-53,8,2300,203,-19,-94,-51,2300,369,-20,-94,-64,2300,110,-20,-93,-64,
360,38.91501413333334,-95.31573393333333,2025/Dec/17,11:14:02,311,480,203,2300,216253.32,55302,-94,-19,-51,8,2300,203,-19,-94,-52,2300,110,-20,-92,-64,2300,437,-20,-94,-64,2300,448,-19,-90,-63,2300,386,-20,-98,-64,2300,369,-20,-95,-64,
360,38.91501028333333,-95.31552898333334,2025/Dec/17,11:14:03,311,480,203,2300,216253.32,55302,-93,-19,-54,6,2300,203,-19,-93,-53,
350,38.915011533333335,-95.31535071666667,2025/Dec/17,11:14:04,311,480,203,2300,216253.32,55302,-94,-20,-51,7,2300,203,-20,-94,-51,2300,386,-16,-92,-65,2300,281,-18,-91,-64,
360,38.91501448333333,-95.31514591666667,2025/Dec/17,11:14:05,311,480,203,5230,216253.3,55302,-82,-17,-47,3,5230,203,-17,-82,-47,5230,437,-20,-96,-58,5230,202,-20,-96,-58,
360,38.91499401666667,-95.31473968333333,2025/Dec/17,11:14:07,311,480,203,5230,216253.3,55302,-80,-16,-46,3,5230,203,-17,-81,-46,5230,202,-20,-94,-58,5230,437,-20,-96,-58,
350,38.91497031666667,-95.31451741666666,2025/Dec/17,11:14:08,311,480,203,5230,216253.3,55302,-82,-18,-44,5,5230,203,-19,-82,-45,5230,437,-20,-92,-55,
360,38.914966416666665,-95.31429551666666,2025/Dec/17,11:14:09,311,480,203,5230,216253.3,55302,-84,-20,-46,6,5230,203,-20,-85,-46,
360,38.91497308333334,-95.314081,2025/Dec/17,11:14:10,311,480,203,5230,216253.3,55302,-90,-20,-49,3,5230,203,-20,-92,-50,5230,330,-16,-83,-59,
350,38.9150148,-95.31387905,2025/Dec/17,11:14:11,311,480,386,2300,216150.32,55302,-84,-13,-50,9,2300,386,-14,-84,-50,2300,203,-18,-98,-61,
350,38.91530338333333,-95.31332295,2025/Dec/17,11:14:14,311,480,386,2300,216150.32,55302,-82,-14,-46,10,2300,386,-14,-81,-46,2300,104,-20,-92,-59,2300,214,-20,-97,-59,
350,38.91545635,-95.3131847,2025/Dec/17,11:14:15,311,480,386,2300,216150.32,55302,-82,-13,-49,8,2300,386,-13,-82,-49,2300,366,-20,-94,-60,2300,104,-18,-88,-60,
350,38.91562268333333,-95.3130936,2025/Dec/17,11:14:16,311,480,386,2300,216150.32,55302,-89,-20,-48,4,2300,386,-20,-90,-49,2300,110,-15,-84,-61,2300,203,-18,-88,-61,
350,38.91580328333333,-95.31303175,2025/Dec/17,11:14:17,311,480,110,2300,216458.32,55302,-87,-17,-51,8,2300,110,-17,-87,-50,2300,281,-18,-87,-62,2300,158,-20,-92,-62,
290,38.916177233333336,-95.31299743333334,2025/Dec/17,11:14:19,311,480,386,2300,216150.32,55302,-82,-13,-49,10,2300,110,-17,-85,-59,2300,386,-13,-82,-47,
300,38.9163684,-95.31302835,2025/Dec/17,11:14:20,311,480,386,2300,216150.32,55302,-82,-16,-42,10,2300,202,-20,-93,-56,2300,386,-18,-82,-42,2300,110,-19,-83,-56,2300,281,-20,-85,-56,
320,38.916555,-95.31305905,2025/Dec/17,11:14:21,311,480,386,2300,216150.32,55302,-83,-17,-49,10,2300,281,-18,-85,-61,2300,386,-16,-83,-49,
320,38.91674836666667,-95.31311331666667,2025/Dec/17,11:14:22,311,480,386,2300,216150.32,55302,-82,-13,-49,11,2300,281,-17,-85,-59,2300,386,-13,-81,-48,
330,38.91693051666667,-95.31317971666667,2025/Dec/17,11:14:23,311,480,386,2300,216150.32,55302,-83,-14,-48,10,2300,281,-17,-85,-61,2300,386,-14,-83,-48,
340,38.91710783333333,-95.31325346666667,2025/Dec/17,11:14:24,311,480,386,2300,216150.32,55302,-90,-15,-47,7,2300,386,-15,-90,-48,2300,202,-18,-86,-60,2300,110,-16,-84,-59,2300,203,-15,-83,-59,
340,38.917270816666665,-95.31333975,2025/Dec/17,11:14:25,311,480,386,2300,216150.32,55302,-80,-18,-41,11,2300,386,-17,-79,-40,2300,203,-20,-84,-54,
340,38.917430683333336,-95.31347276666666,2025/Dec/17,11:14:26,311,480,386,2300,216150.32,55302,-79,-12,-45,12,2300,386,-12,-78,-47,2300,203,-20,-86,-58,2300,281,-20,-86,-59,
340,38.91755785,-95.31364938333333,2025/Dec/17,11:14:27,311,480,386,2300,216150.32,55302,-83,-14,-47,9,2300,386,-15,-83,-48,2300,203,-17,-85,-60,
350,38.91768821666667,-95.31383766666667,2025/Dec/17,11:14:28,311,480,203,2300,216253.32,55302,-87,-20,-47,6,2300,110,-15,-82,-59,2300,203,-20,-89,-47,2300,386,-14,-81,-59,2300,281,-18,-85,-59,
350,38.9178777,-95.31424561666667,2025/Dec/17,11:14:30,311,480,203,2300,216253.32,55302,-91,-20,-47,4,2300,386,-11,-77,-57,2300,203,-20,-90,-45,
340,38.91792771666667,-95.3144776,2025/Dec/17,11:14:31,311,480,386,2300,216150.32,55302,-78,-13,-46,11,2300,386,-13,-79,-45,
350,38.917949,-95.31469401666666,2025/Dec/17,11:14:32,311,480,386,2300,216150.32,55302,-79,-14,-46,10,2300,386,-14,-79,-45,2300,203,-16,-80,-56,
350,38.91794876666667,-95.31490938333333,2025/Dec/17,11:14:33,311,480,386,2300,216150.32,55302,-80,-17,-43,9,2300,386,-17,-80,-41,
350,38.91792175,-95.31511136666667,2025/Dec/17,11:14:34,311,480,386,2300,216150.32,55302,-82,-16,-46,9,2300,386,-16,-82,-46,2300,203,-18,-85,-58,
350,38.9178723,-95.31530383333333,2025/Dec/17,11:14:35,311,480,386,2300,216150.32,55302,-84,-18,-44,9,2300,386,-18,-84,-47,2300,104,-20,-87,-57,
350,38.91780636666667,-95.3154995,2025/Dec/17,11:14:36,311,480,386,2300,216150.32,55302,-85,-17,-47,8,2300,386,-17,-84,-49,2300,104,-19,-87,-60,
350,38.91772696666666,-95.31570481666667,2025/Dec/17,11:14:37,311,480,386,2300,216150.32,55302,-82,-15,-46,9,2300,386,-14,-81,-46,
350,38.91766341666667,-95.31591973333333,2025/Dec/17,11:14:38,311,480,386,2300,216150.32,55302,-80,-14,-47,11,2300,386,-14,-80,-45,2300,110,-17,-83,-57,2300,203,-18,-83,-56,
350,38.917607583333336,-95.31611963333333,2025/Dec/17,11:14:39,311,480,386,2300,216150.32,55302,-83,-18,-47,8,2300,386,-16,-83,-44,2300,203,-17,-84,-59,
350,38.91743243333333,-95.31693583333333,2025/Dec/17,11:14:43,311,480,386,2300,216150.32,55302,-82,-16,-47,9,2300,386,-15,-82,-47,2300,203,-17,-84,-59,2300,104,-19,-87,-59,
350,38.91740408333333,-95.31715158333333,2025/Dec/17,11:14:44,311,480,386,2300,216150.32,55302,-80,-14,-47,10,2300,386,-14,-81,-46,2300,104,-20,-87,-58,2300,110,-16,-82,-58,
350,38.9173921,-95.31736856666667,2025/Dec/17,11:14:45,311,480,386,2300,216150.32,55302,-83,-16,-47,8,2300,386,-17,-84,-47,2300,110,-16,-83,-59,
350,38.9173782,-95.3175914,2025/Dec/17,11:14:46,311,480,386,2300,216150.32,55302,-85,-18,-48,7,2300,386,-20,-88,-47,2300,110,-16,-84,-60,2300,203,-17,-85,-60,
350,38.9173675,-95.31782266666667,2025/Dec/17,11:14:47,311,480,203,2300,216253.32,55302,-86,-18,-48,7,2300,203,-18,-86,-49,2300,110,-15,-83,-61,
350,38.917366433333335,-95.31802623333333,2025/Dec/17,11:14:48,311,480,203,2300,216253.32,55302,-88,-20,-48,5,2300,203,-20,-88,-48,2300,110,-15,-83,-60,2300,386,-14,-83,-61,
350,38.91735993333333,-95.31822573333334,2025/Dec/17,11:14:49,311,480,203,2300,216253.32,55302,-84,-17,-46,7,2300,203,-17,-84,-46,2300,110,-16,-84,-59,2300,104,-20,-88,-59,
350,38.917356633333334,-95.31842936666666,2025/Dec/17,11:14:50,311,480,203,2300,216253.32,55302,-83,-16,-46,8,2300,203,-17,-83,-47,2300,110,-18,-85,-59,
350,38.91734075,-95.3186465,2025/Dec/17,11:14:51,311,480,203,2300,216253.32,55302,-86,-18,-49,7,2300,203,-17,-86,-49,2300,110,-15,-84,-60,2300,437,-20,-88,-60,
350,38.9173101,-95.31885061666667,2025/Dec/17,11:14:52,311,480,386,2300,216150.32,55302,-84,-16,-47,8,2300,203,-16,-83,-59,2300,386,-17,-84,-46,
350,38.91721805,-95.31922815,2025/Dec/17,11:14:54,311,480,386,2300,216150.32,55302,-88,-18,-47,7,2300,203,-15,-82,-60,2300,386,-19,-89,-47,
350,38.9171497,-95.3194163,2025/Dec/17,11:14:55,311,480,386,2300,216150.32,55302,-92,-20,-47,6,2300,203,-16,-84,-59,2300,386,-20,-92,-48,2300,110,-15,-83,-59,
350,38.91706505,-95.31959668333333,2025/Dec/17,11:14:56,311,480,203,2300,216253.32,55302,-83,-16,-47,9,2300,203,-15,-83,-47,2300,437,-20,-87,-59,
350,38.91694723333333,-95.31974951666666,2025/Dec/17,11:14:57,311,480,203,2300,216253.32,55302,-82,-15,-46,10,2300,203,-15,-82,-47,
290,38.91679525,-95.31988448333334,2025/Dec/17,11:14:58,311,480,203,2300,216253.32,55302,-82,-15,-47,10,2300,203,-14,-82,-47,
310,38.9166435,-95.31995126666666,2025/Dec/17,11:14:59,311,480,203,2300,216253.32,55302,-84,-16,-47,9,2300,203,-16,-84,-47,2300,158,-20,-90,-60,2300,437,-18,-86,-60,
320,38.91648753333333,-95.31998785,2025/Dec/17,11:15:00,311,480,203,2300,216253.32,55302,-86,-17,-48,8,2300,203,-17,-86,-48,2300,158,-18,-87,-60,
330,38.916331650000004,-95.32001175,2025/Dec/17,11:15:01,311,480,203,2300,216253.32,55302,-85,-15,-49,10,2300,203,-15,-84,-48,2300,437,-20,-88,-59,2300,281,-20,-88,-59,
330,38.9161809,-95.3200146,2025/Dec/17,11:15:02,311,480,203,2300,216253.32,55302,-84,-15,-47,9,2300,203,-15,-83,-47,2300,386,-16,-84,-60,
330,38.916040466666665,-95.32002465,2025/Dec/17,11:15:03,311,480,203,2300,216253.32,55302,-84,-14,-48,9,2300,203,-16,-84,-47,
340,38.9158776,-95.32001358333333,2025/Dec/17,11:15:04,311,480,203,2300,216253.32,55302,-84,-15,-48,9,2300,203,-15,-84,-48,2300,281,-18,-86,-60,
340,38.91558031666667,-95.31996436666667,2025/Dec/17,11:15:06,311,480,203,2300,216253.32,55302,-84,-15,-47,9,2300,203,-15,-84,-47,2300,281,-16,-84,-61,
340,38.91543215,-95.31992351666666,2025/Dec/17,11:15:07,311,480,203,2300,216253.32,55302,-84,-15,-48,9,2300,203,-15,-84,-48,
340,38.91528315,-95.31984185,2025/Dec/17,11:15:08,311,480,203,2300,216253.32,55302,-83,-14,-49,9,2300,203,-16,-87,-51,
350,38.91491153333333,-95.3195229,2025/Dec/17,11:15:11,311,480,203,2300,216253.32,55302,-87,-15,-51,8,2300,203,-15,-87,-51,2300,281,-20,-100,-63,
350,38.914816083333335,-95.31939661666667,2025/Dec/17,11:15:12,311,480,203,2300,216253.32,55302,-86,-18,-47,10,2300,203,-18,-86,-46,2300,202,-20,-91,-59,
350,38.91473755,-95.31926715,2025/Dec/17,11:15:13,311,480,203,2300,216253.32,55302,-85,-16,-48,10,2300,203,-15,-85,-50,2300,202,-20,-93,-62,
350,38.91465313333333,-95.31909701666666,2025/Dec/17,11:15:14,311,480,203,2300,216253.32,55302,-85,-16,-48,9,2300,203,-16,-85,-48,
350,38.914586183333334,-95.31891968333333,2025/Dec/17,11:15:15,311,480,203,2300,216253.32,55302,-87,-16,-50,9,2300,203,-20,-90,-50,2300,369,-18,-88,-62,
350,38.91450136666667,-95.31857255,2025/Dec/17,11:15:17,311,480,203,2300,216253.32,55302,-92,-17,-52,9,2300,203,-16,-92,-52,
350,38.9144852,-95.31837548333333,2025/Dec/17,11:15:18,311,480,203,2300,216253.32,55302,-90,-15,-51,9,2300,203,-15,-91,-52,2300,386,-20,-94,-64,
350,38.914471166666665,-95.31817558333333,2025/Dec/17,11:15:19,311,480,203,2300,216253.32,55302,-91,-15,-51,9,2300,203,-15,-90,-53,
350,38.91446255,-95.31797708333333,2025/Dec/17,11:15:20,311,480,203,2300,216253.32,55302,-90,-19,-51,9,2300,203,-19,-90,-50,2300,437,-20,-96,-63,2300,110,-18,-89,-63,
350,38.91447995,-95.31776921666666,2025/Dec/17,11:15:21,311,480,203,2300,216253.32,55302,-89,-17,-51,9,2300,203,-16,-89,-51,2300,256,-19,-91,-63,
350,38.9145043,-95.31757098333334,2025/Dec/17,11:15:22,311,480,203,2300,216253.32,55302,-88,-16,-51,8,2300,203,-17,-89,-51,
350,38.91454221666667,-95.31737191666667,2025/Dec/17,11:15:23,311,480,203,2300,216253.32,55302,-90,-18,-49,7,2300,203,-18,-91,-49,2300,437,-18,-89,-63,2300,256,-20,-91,-63,2300,386,-17,-88,-63,
350,38.91459043333333,-95.31716456666666,2025/Dec/17,11:15:24,311,480,203,2300,216253.32,55302,-94,-20,-51,6,2300,203,-20,-94,-51,2300,437,-19,-91,-63,2300,386,-15,-86,-63,2300,256,-19,-91,-64,
350,38.91464065,-95.31695408333333,2025/Dec/17,11:15:25,311,480,203,2300,216253.32,55302,-97,-20,-51,7,2300,203,-19,-97,-51,
350,38.91469956666667,-95.31675813333334,2025/Dec/17,11:15:26,311,480,203,2300,216253.32,55302,-90,-20,-50,8,2300,203,-20,-90,-49,
350,38.9147579,-95.3165719,2025/Dec/17,11:15:27,311,480,203,2300,216253.32,55302,-96,-19,-51,6,2300,203,-20,-96,-52,2300,281,-18,-91,-64,
350,38.914868516666665,-95.3161787,2025/Dec/17,11:15:29,311,480,203,2300,216253.32,55302,-96,-18,-50,8,2300,203,-17,-94,-53,2300,386,-15,-86,-62,
350,38.91492016666667,-95.31598223333333,2025/Dec/17,11:15:30,311,480,203,2300,216253.32,55302,-90,-19,-50,9,2300,203,-19,-90,-51,2300,386,-16,-86,-62,
350,38.91496925,-95.31579356666667,2025/Dec/17,11:15:31,311,480,203,2300,216253.32,55302,-91,-16,-51,8,2300,203,-16,-91,-52,2300,386,-19,-92,-64,2300,202,-19,-97,-65,
360,38.91501493333333,-95.31560823333334,2025/Dec/17,11:15:32,311,480,203,2300,216253.32,55302,-90,-16,-50,8,2300,203,-15,-90,-53,2300,386,-20,-92,-63,2300,202,-20,-93,-63,2300,110,-17,-89,-63,
360,38.91504496666667,-95.3154114,2025/Dec/17,11:15:33,311,480,203,2300,216253.32,55302,-90,-16,-51,8,2300,203,-16,-91,-51,2300,337,-20,-93,-64,2300,110,-19,-90,-63,
360,38.91505955,-95.31520325,2025/Dec/17,11:15:34,311,480,203,2300,216253.32,55302,-93,-20,-50,8,2300,203,-20,-93,-51,2300,110,-18,-89,-63,
360,38.915074483333335,-95.31500033333333,2025/Dec/17,11:15:35,311,480,203,2300,216253.32,55302,-90,-17,-52,9,2300,203,-17,-90,-51,2300,110,-18,-89,-63,2300,202,-19,-98,-63,2300,369,-16,-87,-63,
360,38.91509861666667,-95.3148007,2025/Dec/17,11:15:36,311,480,203,2300,216253.32,55302,-89,-17,-51,8,2300,203,-20,-91,-49,2300,386,-16,-86,-61,2300,110,-20,-94,-61,
350,38.915196,-95.31417475,2025/Dec/17,11:15:39,311,480,386,2300,216150.32,55302,-84,-13,-50,8,2300,386,-14,-84,-49,2300,110,-17,-88,-62,
350,38.91537345,-95.31375683333333,2025/Dec/17,11:15:41,311,480,386,2300,216150.32,55302,-86,-15,-51,7,2300,386,-16,-87,-51,2300,110,-17,-87,-64,2300,281,-19,-89,-63,
350,38.91549728333333,-95.31357566666667,2025/Dec/17,11:15:42,311,480,386,2300,216150.32,55302,-90,-19,-51,6,2300,386,-20,-90,-48,2300,110,-16,-86,-62,2300,104,-18,-88,-62,
350,38.9156429,-95.31342301666666,2025/Dec/17,11:15:43,311,480,386,2300,216150.32,55302,-87,-19,-46,7,2300,386,-19,-86,-46,
350,38.91580986666666,-95.3133183,2025/Dec/17,11:15:44,311,480,386,2300,216150.32,55302,-84,-15,-49,8,2300,386,-15,-84,-49,
350,38.91597733333333,-95.31324128333333,2025/Dec/17,11:15:45,311,480,386,2300,216150.32,55302,-87,-18,-49,8,2300,386,-18,-87,-49,2300,110,-16,-85,-61,
350,38.91614631666667,-95.31319053333333,2025/Dec/17,11:15:46,311,480,386,2300,216150.32,55302,-86,-17,-49,8,2300,386,-17,-86,-48,
350,38.91632808333333,-95.31317218333334,2025/Dec/17,11:15:47,311,480,386,2300,216150.32,55302,-82,-14,-47,11,2300,386,-14,-82,-47,
350,38.91650168333334,-95.31315125,2025/Dec/17,11:15:48,311,480,386,2300,216150.32,55302,-85,-16,-46,8,2300,386,-18,-85,-47,2300,203,-20,-95,-60,2300,281,-17,-85,-59,
350,38.916677033333336,-95.31316611666666,2025/Dec/17,11:15:49,311,480,386,2300,216150.32,55302,-88,-20,-48,7,2300,386,-20,-88,-49,2300,110,-20,-92,-61,2300,203,-20,-90,-61,
350,38.91684801666667,-95.31320308333333,2025/Dec/17,11:15:50,311,480,386,2300,216150.32,55302,-87,-17,-50,7,2300,386,-17,-87,-50,2300,203,-20,-90,-62,2300,281,-16,-86,-62,
350,38.917011783333336,-95.31325005,2025/Dec/17,11:15:51,311,480,203,2300,216253.32,55302,-87,-19,-45,7,2300,203,-19,-86,-44,2300,110,-16,-83,-59,
350,38.91733166666667,-95.31339318333333,2025/Dec/17,11:15:53,311,480,203,2300,216253.32,55302,-87,-19,-47,6,2300,203,-18,-87,-47,2300,110,-17,-85,-60,2300,281,-18,-86,-60,
350,38.91747775,-95.3135047,2025/Dec/17,11:15:54,311,480,203,2300,216253.32,55302,-85,-18,-47,4,2300,203,-18,-85,-47,2300,386,-14,-82,-59,
350,38.91762308333333,-95.31366066666666,2025/Dec/17,11:15:55,311,480,386,2300,216150.32,55302,-82,-15,-51,10,2300,386,-17,-82,-44,2300,203,-20,-86,-57,2300,158,-20,-94,-57,
360,38.9177436,-95.31382631666666,2025/Dec/17,11:15:56,311,480,386,2300,216150.32,55302,-83,-18,-44,9,2300,386,-18,-83,-45,2300,203,-18,-84,-58,
360,38.91783485,-95.31401958333333,2025/Dec/17,11:15:57,311,480,386,2300,216150.32,55302,-83,-16,-47,9,2300,386,-16,-85,-47,2300,203,-18,-86,-60,2300,110,-14,-82,-60,
350,38.91790433333333,-95.31421905,2025/Dec/17,11:15:58,311,480,386,2300,216150.32,55302,-86,-19,-45,8,2300,386,-18,-85,-46,2300,203,-18,-84,-58,2300,110,-15,-82,-58,2300,281,-17,-84,-58,
360,38.917968433333336,-95.31443588333333,2025/Dec/17,11:15:59,311,480,386,2300,216150.32,55302,-85,-18,-47,6,2300,386,-18,-85,-47,2300,281,-17,-85,-59,2300,110,-15,-82,-59,
360,38.91800966666667,-95.31465128333333,2025/Dec/17,11:16:00,311,480,386,2300,216150.32,55302,-83,-18,-47,9,2300,386,-17,-82,-43,2300,110,-17,-82,-56,
360,38.9180245,-95.31485868333333,2025/Dec/17,11:16:01,311,480,386,2300,216150.32,55302,-79,-14,-44,10,2300,386,-14,-79,-44,
360,38.918013566666666,-95.31506506666666,2025/Dec/17,11:16:02,311,480,386,2300,216150.32,55302,-80,-14,-46,9,2300,386,-14,-80,-47,2300,203,-17,-82,-57,
360,38.917990466666666,-95.31527756666667,2025/Dec/17,11:16:03,311,480,203,2300,216253.32,55302,-86,-18,-46,6,2300,386,-15,-82,-58,2300,203,-18,-86,-49,2300,104,-20,-90,-59,
350,38.91789283333333,-95.31567973333334,2025/Dec/17,11:16:05,311,480,386,2300,216150.32,55302,-81,-14,-46,9,2300,386,-20,-91,-48,2300,203,-14,-82,-59,2300,104,-18,-86,-59,
330,38.917694966666666,-95.31649813333334,2025/Dec/17,11:16:09,311,480,386,2300,216150.32,55302,-86,-20,-46,7,2300,386,-19,-85,-46,
330,38.91765563333333,-95.31672095,2025/Dec/17,11:16:10,311,480,386,775,216150.34,55302,-85,-20,-49,6,775,386,-20,-86,-49,775,332,-20,-91,-60,
340,38.9176245,-95.31693511666667,2025/Dec/17,11:16:11,311,480,386,775,216150.34,55302,-96,-20,-54,6,775,386,-20,-96,-55,775,104,-17,-87,-59,
340,38.917606516666666,-95.3171563,2025/Dec/17,11:16:12,311,480,110,775,216458.34,55302,-84,-20,-49,8,775,110,-20,-84,-52,775,386,-14,-79,-60,775,104,-20,-87,-60,
340,38.91757596666667,-95.31737091666666,2025/Dec/17,11:16:13,311,480,386,775,216150.34,55302,-78,-11,-52,12,775,197,-20,-95,-57,775,386,-12,-78,-51,775,104,-18,-83,-56,
330,38.9175883,-95.31761228333333,2025/Dec/17,11:16:14,311,480,386,775,216150.34,55302,-81,-17,-50,10,775,386,-16,-83,-58,775,104,-20,-90,-57,775,110,-17,-86,-57,
340,38.91757726666667,-95.31803753333334,2025/Dec/17,11:16:16,311,480,386,775,216150.34,55302,-85,-19,-52,8,775,386,-19,-86,-53,775,104,-19,-85,-58,775,110,-15,-81,-58,
340,38.917556233333336,-95.31824755,2025/Dec/17,11:16:17,311,480,386,775,216150.34,55302,-91,-20,-54,7,775,386,-20,-89,-51,775,110,-14,-80,-56,
340,38.917537833333334,-95.31844698333333,2025/Dec/17,11:16:18,311,480,386,775,216150.34,55302,-85,-17,-52,8,775,386,-16,-84,-53,775,374,-20,-88,-60,
340,38.91751965,-95.31865686666667,2025/Dec/17,11:16:19,311,480,386,775,216150.34,55302,-79,-14,-50,11,775,386,-13,-78,-50,775,110,-14,-79,-57,
340,38.91748725,-95.31885836666666,2025/Dec/17,11:16:20,311,480,386,775,216150.34,55302,-76,-13,-50,11,775,386,-13,-76,-49,775,110,-14,-78,-55,
340,38.91745456666666,-95.31906465,2025/Dec/17,11:16:21,311,480,386,775,216150.34,55302,-76,-15,-46,10,775,386,-15,-76,-46,775,110,-19,-80,-53,
350,38.91738506666667,-95.31926736666666,2025/Dec/17,11:16:22,311,480,386,775,216150.34,55302,-80,-16,-51,9,775,386,-15,-81,-52,775,110,-16,-82,-59,775,104,-16,-82,-58,775,369,-20,-89,-58,
340,38.9173065,-95.31944333333334,2025/Dec/17,11:16:23,311,480,386,775,216150.34,55302,-85,-17,-52,8,775,386,-18,-85,-52,775,110,-15,-82,-59,
350,38.9172137,-95.31961381666666,2025/Dec/17,11:16:24,311,480,386,775,216150.34,55302,-82,-15,-53,8,775,386,-15,-81,-50,775,110,-14,-79,-57,
340,38.9171042,-95.31977095,2025/Dec/17,11:16:25,311,480,386,775,216150.34,55302,-77,-13,-50,11,775,386,-13,-78,-52,775,110,-13,-81,-57,
340,38.916979016666666,-95.31989931666666,2025/Dec/17,11:16:26,311,480,386,775,216150.34,55302,-79,-18,-47,10,775,386,-18,-80,-45,775,110,-16,-79,-54,775,104,-20,-87,-53,775,203,-20,-82,-54,
340,38.916709516666664,-95.32012433333334,2025/Dec/17,11:16:28,311,480,386,775,216150.34,55302,-80,-15,-50,10,775,386,-16,-80,-51,775,110,-15,-80,-58,775,104,-18,-86,-58,
340,38.9165552,-95.32020241666666,2025/Dec/17,11:16:29,311,480,386,775,216150.34,55302,-81,-16,-52,8,775,386,-15,-81,-52,775,104,-16,-82,-57,775,332,-20,-90,-57,
340,38.9164207,-95.32027475,2025/Dec/17,11:16:30,311,480,203,2300,216253.32,55302,-84,-15,-47,9,2300,203,-15,-84,-46,2300,437,-19,-86,-58,
340,38.91627103333333,-95.32031711666667,2025/Dec/17,11:16:31,311,480,203,2300,216253.32,55302,-83,-17,-45,10,2300,203,-17,-84,-46,
350,38.91611353333333,-95.32034561666667,2025/Dec/17,11:16:32,311,480,203,2300,216253.32,55302,-83,-14,-48,9,2300,203,-14,-84,-47,
350,38.91596321666667,-95.32035685,2025/Dec/17,11:16:33,311,480,203,2300,216253.32,55302,-84,-15,-47,9,2300,203,-17,-85,-46,2300,281,-17,-85,-60,2300,386,-17,-85,-60,
350,38.915502583333335,-95.32027566666666,2025/Dec/17,11:16:36,311,480,203,2300,216253.32,55302,-83,-14,-47,9,2300,203,-14,-83,-47,2300,281,-15,-84,-60,
350,38.91535505,-95.32022741666667,2025/Dec/17,11:16:37,311,480,203,2300,216253.32,55302,-84,-15,-48,9,2300,203,-15,-84,-49,2300,281,-20,-90,-61,
350,38.915199816666664,-95.32017308333333,2025/Dec/17,11:16:38,311,480,203,2300,216253.32,55302,-86,-17,-46,9,2300,203,-18,-86,-49,
350,38.9149175,-95.32000373333334,2025/Dec/17,11:16:40,311,480,203,2300,216253.32,55302,-86,-17,-49,9,2300,203,-16,-86,-50,2300,437,-19,-90,-63,
350,38.914794883333336,-95.31988781666666,2025/Dec/17,11:16:41,311,480,203,2300,216253.32,55302,-87,-17,-50,8,2300,203,-17,-87,-49,2300,437,-20,-90,-63,
350,38.91468275,-95.31976666666667,2025/Dec/17,11:16:42,311,480,203,2300,216253.32,55302,-89,-17,-51,8,2300,203,-17,-89,-51,2300,202,-20,-97,-64,
350,38.9145934,-95.31962221666667,2025/Dec/17,11:16:43,311,480,203,2300,216253.32,55302,-88,-20,-48,8,2300,203,-20,-89,-49,2300,437,-20,-89,-61,
350,38.91451455,-95.31945143333333,2025/Dec/17,11:16:44,311,480,203,2300,216253.32,55302,-89,-18,-50,8,2300,203,-18,-89,-51,2300,437,-17,-89,-63,
350,38.914460483333336,-95.31927501666667,2025/Dec/17,11:16:45,311,480,203,2300,216253.32,55302,-91,-18,-52,8,2300,203,-17,-91,-52,2300,281,-16,-89,-65,
350,38.9144156,-95.31908601666666,2025/Dec/17,11:16:46,311,480,203,2300,216253.32,55302,-93,-16,-53,9,2300,203,-16,-93,-52,2300,281,-17,-91,-65,
350,38.91439088333333,-95.31888518333334,2025/Dec/17,11:16:47,311,480,203,2300,216253.32,55302,-90,-18,-50,9,2300,203,-18,-90,-51,2300,110,-18,-90,-64,
350,38.914376966666666,-95.31868471666667,2025/Dec/17,11:16:48,311,480,203,2300,216253.32,55302,-90,-16,-53,9,2300,203,-16,-91,-52,2300,110,-17,-90,-65,
350,38.914388216666666,-95.3184904,2025/Dec/17,11:16:49,311,480,203,2300,216253.32,55302,-90,-15,-53,9,2300,203,-15,-89,-51,2300,110,-18,-90,-63,2300,61,-20,-103,-63,2300,202,-20,-97,-63,
350,38.9144105,-95.31807918333334,2025/Dec/17,11:16:51,311,480,203,2300,216253.32,55302,-88,-15,-52,9,2300,203,-15,-88,-50,2300,202,-20,-95,-64,
350,38.91442235,-95.31786858333334,2025/Dec/17,11:16:52,311,480,203,2300,216253.32,55302,-89,-15,-50,9,2300,203,-15,-88,-52,2300,202,-20,-94,-64,
350,38.91444636666667,-95.31765313333334,2025/Dec/17,11:16:53,311,480,203,2300,216253.32,55302,-88,-18,-50,8,2300,203,-18,-89,-49,2300,202,-20,-98,-63,2300,110,-18,-88,-63,
350,38.914471,-95.31744186666667,2025/Dec/17,11:16:54,311,480,203,2300,216253.32,55302,-89,-16,-52,8,2300,203,-16,-89,-51,2300,437,-20,-98,-63,
350,38.91450025,-95.31724335,2025/Dec/17,11:16:55,311,480,203,2300,216253.32,55302,-90,-17,-52,8,2300,203,-17,-90,-52,2300,110,-18,-89,-63,2300,386,-20,-98,-63,
350,38.914529816666665,-95.31705888333333,2025/Dec/17,11:16:56,311,480,203,2300,216253.32,55302,-89,-16,-51,9,2300,203,-16,-89,-52,
350,38.91455611666667,-95.31686913333333,2025/Dec/17,11:16:57,311,480,203,2300,216253.32,55302,-89,-18,-49,8,2300,203,-19,-89,-49,2300,110,-19,-89,-62,2300,386,-20,-98,-62,
350,38.91456766666667,-95.31666598333334,2025/Dec/17,11:16:58,311,480,203,2300,216253.32,55302,-89,-16,-51,9,2300,203,-17,-89,-50,
350,38.91460841666667,-95.3164773,2025/Dec/17,11:16:59,311,480,203,2300,216253.32,55302,-90,-17,-49,7,2300,203,-17,-90,-50,
350,38.9146398,-95.31629025,2025/Dec/17,11:17:00,311,480,203,2300,216253.32,55302,-92,-17,-51,8,2300,203,-18,-93,-51,2300,386,-16,-88,-63,
350,38.914692,-95.31608595,2025/Dec/17,11:17:01,311,480,203,2300,216253.32,55302,-89,-16,-51,9,2300,203,-17,-91,-51,
350,38.914820266666666,-95.31546393333333,2025/Dec/17,11:17:04,311,480,203,2300,216253.32,55302,-94,-17,-52,7,2300,203,-17,-93,-51,2300,369,-16,-88,-63,2300,437,-20,-96,-63,2300,110,-17,-89,-63,
350,38.91491045,-95.31504923333334,2025/Dec/17,11:17:06,311,480,203,2300,216253.32,55302,-90,-20,-48,8,2300,203,-20,-90,-50,2300,369,-17,-87,-62,2300,202,-20,-98,-62,2300,370,-20,-95,-62,
350,38.9149364,-95.31485333333333,2025/Dec/17,11:17:07,311,480,203,2300,216253.32,55302,-94,-19,-52,8,2300,203,-18,-94,-51,2300,369,-15,-87,-63,2300,110,-17,-89,-63,
350,38.91496135,-95.31464438333333,2025/Dec/17,11:17:08,311,480,203,2300,216253.32,55302,-89,-17,-49,8,2300,203,-16,-89,-50,2300,369,-16,-86,-62,
350,38.91498873333333,-95.31445243333333,2025/Dec/17,11:17:09,311,480,203,2300,216253.32,55302,-90,-19,-48,9,2300,203,-19,-89,-49,2300,369,-17,-86,-62,
350,38.91501851666666,-95.31424858333334,2025/Dec/17,11:17:10,311,480,203,2300,216253.32,55302,-89,-16,-52,10,2300,203,-16,-90,-52,2300,369,-16,-87,-63,2300,256,-19,-91,-64,2300,110,-19,-90,-63,
350,38.91505936666667,-95.31403946666667,2025/Dec/17,11:17:11,311,480,203,2300,216253.32,55302,-89,-16,-50,9,2300,203,-16,-89,-51,2300,369,-18,-88,-63,2300,202,-17,-92,-63,
340,38.915102133333335,-95.31383311666667,2025/Dec/17,11:17:12,311,480,203,2300,216253.32,55302,-90,-17,-51,8,2300,203,-20,-91,-51,2300,202,-19,-95,-63,
340,38.915213916666666,-95.31341689999999,2025/Dec/17,11:17:14,311,480,203,2300,216253.32,55302,-90,-19,-50,8,2300,203,-19,-91,-51,2300,386,-19,-91,-63,
340,38.91528651666667,-95.31321901666666,2025/Dec/17,11:17:15,311,480,203,2300,216253.32,55302,-94,-20,-50,7,2300,203,-20,-94,-49,2300,386,-17,-88,-63,
340,38.915377033333336,-95.3130355,2025/Dec/17,11:17:16,311,480,203,2300,216253.32,55302,-94,-20,-49,6,2300,203,-20,-95,-50,2300,386,-16,-86,-62,
340,38.91548193333333,-95.31287468333333,2025/Dec/17,11:17:17,311,480,386,2300,216150.32,55302,-83,-17,-42,10,2300,386,-17,-82,-42,2300,110,-20,-87,-56,
340,38.91562353333333,-95.31274863333333,2025/Dec/17,11:17:18,311,480,386,2300,216150.32,55302,-81,-12,-49,11,2300,386,-12,-81,-49,2300,104,-18,-88,-62,
280,38.9157904,-95.31265695,2025/Dec/17,11:17:19,311,480,386,2300,216150.32,55302,-81,-12,-49,9,2300,386,-13,-82,-49,2300,281,-20,-98,-62,
300,38.91596753333334,-95.31259113333333,2025/Dec/17,11:17:20,311,480,386,2300,216150.32,55302,-89,-18,-49,7,2300,386,-18,-89,-50,2300,110,-15,-85,-62,2300,281,-18,-89,-62,
310,38.91615348333333,-95.31255813333334,2025/Dec/17,11:17:21,311,480,386,2300,216150.32,55302,-87,-20,-45,7,2300,386,-20,-87,-45,2300,110,-16,-83,-59,2300,202,-20,-93,-59,2300,281,-19,-86,-59,
320,38.916334666666664,-95.31255163333333,2025/Dec/17,11:17:22,311,480,386,2300,216150.32,55302,-89,-20,-49,7,2300,386,-20,-90,-49,2300,203,-20,-91,-61,2300,281,-17,-86,-61,
320,38.91652116666667,-95.31257381666667,2025/Dec/17,11:17:23,311,480,386,775,216150.34,55302,-72,-12,-45,14,775,386,-12,-72,-43,
330,38.91667528333333,-95.31261706666666,2025/Dec/17,11:17:24,311,480,386,5230,216150.3,55302,-77,-17,-45,10,5230,386,-17,-78,-46,5230,330,-16,-78,-54,
330,38.91700506666667,-95.31276581666667,2025/Dec/17,11:17:26,311,480,386,5230,216150.3,55302,-77,-15,-45,9,5230,386,-15,-77,-45,5230,330,-15,-77,-54,
330,38.917162483333335,-95.31286301666667,2025/Dec/17,11:17:27,311,480,386,5230,216150.3,55302,-78,-16,-45,8,5230,386,-16,-79,-46,5230,330,-16,-79,-55,
340,38.917314233333336,-95.31298085,2025/Dec/17,11:17:28,311,480,386,5230,216150.3,55302,-81,-20,-43,5,5230,386,-20,-81,-44,5230,330,-19,-80,-53,5230,110,-16,-78,-53,
340,38.91746535,-95.31312135,2025/Dec/17,11:17:29,311,480,386,5230,216150.3,55302,-75,-18,-39,8,5230,386,-19,-75,-39,
340,38.91760738333333,-95.3132659,2025/Dec/17,11:17:30,311,480,386,5230,216150.3,55302,-72,-14,-39,8,5230,386,-18,-72,-37,
340,38.91788843333333,-95.3138328,2025/Dec/17,11:17:33,311,480,386,5230,216150.3,55302,-72,-18,-36,8,5230,386,-18,-72,-36,
340,38.91794135,-95.31404426666667,2025/Dec/17,11:17:34,311,480,386,5230,216150.3,55302,-73,-15,-40,7,5230,386,-15,-73,-40,
340,38.9179672,-95.3142668,2025/Dec/17,11:17:35,311,480,386,5230,216150.3,55302,-74,-16,-40,8,5230,386,-16,-73,-39,
340,38.91795735,-95.31450066666666,2025/Dec/17,11:17:36,311,480,386,5230,216150.3,55302,-74,-17,-39,9,5230,386,-17,-74,-39,
340,38.91789705,-95.31495003333333,2025/Dec/17,11:17:38,311,480,386,5230,216150.3,55302,-75,-17,-41,8,5230,386,-17,-75,-40,
340,38.91786353333333,-95.31516245,2025/Dec/17,11:17:39,311,480,386,5230,216150.3,55302,-76,-17,-42,8,5230,386,-17,-76,-41,5230,203,-17,-77,-52,
340,38.91782583333333,-95.31537965,2025/Dec/17,11:17:40,311,480,386,5230,216150.3,55302,-77,-17,-42,7,5230,386,-17,-77,-42,
340,38.91779221666667,-95.31560718333333,2025/Dec/17,11:17:41,311,480,386,5230,216150.3,55302,-79,-20,-40,5,5230,386,-20,-80,-43,
340,38.91774971666667,-95.3158263,2025/Dec/17,11:17:42,311,480,386,5230,216150.3,55302,-81,-20,-42,5,5230,386,-20,-81,-42,
340,38.91773155,-95.31605576666666,2025/Dec/17,11:17:43,311,480,386,5230,216150.3,55302,-83,-20,-47,5,5230,386,-20,-82,-44,5230,330,-18,-81,-55,
340,38.917715183333335,-95.31627581666666,2025/Dec/17,11:17:44,311,480,386,5230,216150.3,55302,-85,-20,-45,5,5230,386,-20,-85,-44,5230,330,-16,-79,-55,
340,38.91773261666667,-95.31648753333333,2025/Dec/17,11:17:45,311,480,330,5230,220252.1,55302,-79,-15,-47,9,5230,330,-15,-79,-47,5230,281,-16,-80,-55,5230,110,-20,-85,-56,5230,374,-18,-81,-56,
340,38.91773356666667,-95.31670476666666,2025/Dec/17,11:17:46,311,480,330,5230,220252.1,55302,-81,-17,-43,7,5230,330,-17,-81,-44,5230,281,-15,-78,-54,5230,104,-20,-87,-55,
350,38.91772275,-95.3169277,2025/Dec/17,11:17:47,311,480,330,5230,220252.1,55302,-81,-20,-43,6,5230,330,-20,-81,-44,5230,386,-20,-84,-54,
350,38.91772868333334,-95.31715746666667,2025/Dec/17,11:17:48,311,480,330,5230,220252.1,55302,-83,-20,-45,4,5230,330,-20,-83,-44,5230,386,-19,-82,-55,
350,38.91769145,-95.31757981666667,2025/Dec/17,11:17:50,311,480,330,5230,220252.1,55302,-82,-19,-46,5,5230,330,-19,-82,-47,5230,437,-20,-84,-55,5230,110,-20,-94,-55,
350,38.91766705,-95.31779045,2025/Dec/17,11:17:51,311,480,330,5230,220252.1,55302,-83,-20,-43,4,5230,330,-20,-83,-43,5230,386,-17,-79,-54,5230,437,-20,-87,-54,
350,38.91763115,-95.3179963,2025/Dec/17,11:17:52,311,480,330,5230,220252.1,55302,-84,-20,-45,4,5230,330,-20,-83,-43,5230,386,-17,-78,-52,5230,203,-19,-80,-52,5230,110,-20,-91,-52,
350,38.91760493333334,-95.31820763333333,2025/Dec/17,11:17:53,311,480,386,5230,216150.3,55302,-76,-14,-44,7,5230,203,-14,-75,-53,5230,386,-14,-75,-44,
350,38.91757281666667,-95.31840848333333,2025/Dec/17,11:17:54,311,480,203,5230,216253.3,55302,-72,-13,-44,10,5230,203,-13,-72,-44,
350,38.91753085,-95.31859963333333,2025/Dec/17,11:17:55,311,480,203,5230,216253.3,55302,-70,-14,-37,11,5230,203,-16,-70,-35,
350,38.91748235,-95.31879906666667,2025/Dec/17,11:17:56,311,480,203,5230,216253.3,55302,-71,-17,-42,11,5230,203,-15,-71,-41,5230,386,-20,-82,-52,
340,38.91737008333333,-95.31918588333333,2025/Dec/17,11:17:58,311,480,203,5230,216253.3,55302,-77,-14,-46,8,5230,203,-20,-83,-46,5230,437,-20,-86,-56,
340,38.91689,-95.32000408333333,2025/Dec/17,11:18:03,311,480,203,5230,216253.3,55302,-83,-18,-46,6,5230,203,-18,-82,-46,5230,369,-20,-86,-56,5230,110,-17,-81,-56,
340,38.916764,-95.3201033,2025/Dec/17,11:18:04,311,480,110,5230,216458.3,55302,-80,-17,-46,7,5230,110,-16,-81,-47,
340,38.916630033333334,-95.32019636666666,2025/Dec/17,11:18:05,311,480,110,5230,216458.3,55302,-81,-18,-46,7,5230,110,-18,-81,-46,5230,203,-18,-82,-55,5230,104,-20,-84,-55,
340,38.916478633333334,-95.32027165,2025/Dec/17,11:18:06,311,480,110,5230,216458.3,55302,-80,-16,-47,7,5230,110,-17,-81,-44,5230,104,-18,-81,-54,
340,38.916334133333336,-95.32031535,2025/Dec/17,11:18:07,311,480,110,5230,216458.3,55302,-81,-18,-45,7,5230,110,-18,-81,-45,5230,386,-19,-83,-56,5230,104,-17,-81,-56,
340,38.91619106666667,-95.32035875,2025/Dec/17,11:18:08,311,480,110,5230,216458.3,55302,-83,-20,-44,6,5230,110,-20,-82,-45,5230,386,-17,-80,-52,5230,104,-19,-81,-52,5230,203,-18,-80,-53,
350,38.91604793333333,-95.32039173333334,2025/Dec/17,11:18:09,311,480,110,5230,216458.3,55302,-84,-20,-44,4,5230,110,-20,-84,-45,5230,203,-17,-79,-53,5230,104,-20,-82,-53,5230,386,-16,-78,-52,
350,38.91587773333333,-95.32042098333334,2025/Dec/17,11:18:10,311,480,386,5230,216150.3,55302,-81,-17,-46,7,5230,386,-17,-81,-47,5230,203,-15,-79,-56,5230,104,-19,-82,-55,
350,38.915719716666665,-95.32044018333333,2025/Dec/17,11:18:11,311,480,386,5230,216150.3,55302,-82,-18,-46,6,5230,386,-19,-83,-47,5230,203,-19,-83,-57,
350,38.915570833333334,-95.32044918333334,2025/Dec/17,11:18:12,311,480,386,5230,216150.3,55302,-84,-20,-47,4,5230,386,-20,-83,-45,5230,203,-15,-79,-56,5230,158,-20,-84,-56,
350,38.915407083333335,-95.32043433333334,2025/Dec/17,11:18:13,311,480,203,5230,216253.3,55302,-79,-15,-46,9,5230,203,-17,-80,-43,
350,38.91524763333334,-95.3204059,2025/Dec/17,11:18:14,311,480,203,5230,216253.3,55302,-80,-18,-47,11,5230,203,-17,-80,-47,5230,330,-16,-80,-55,
350,38.91508661666667,-95.32034053333334,2025/Dec/17,11:18:15,311,480,203,5230,216253.3,55302,-84,-20,-47,7,5230,203,-20,-84,-45,5230,330,-16,-80,-56,5230,281,-15,-79,-56,
350,38.914939116666666,-95.3202346,2025/Dec/17,11:18:16,311,480,203,5230,216253.3,55302,-79,-16,-47,10,5230,203,-15,-76,-43,5230,330,-19,-83,-55,5230,281,-19,-83,-55,
350,38.91480645,-95.32011566666667,2025/Dec/17,11:18:17,311,480,203,5230,216253.3,55302,-75,-12,-46,10,5230,203,-12,-75,-46,
350,38.914691133333335,-95.31997481666667,2025/Dec/17,11:18:18,311,480,203,5230,216253.3,55302,-77,-14,-46,9,5230,203,-13,-77,-45,5230,437,-18,-81,-55,
350,38.91460206666667,-95.31979818333333,2025/Dec/17,11:18:19,311,480,203,5230,216253.3,55302,-78,-14,-45,8,5230,203,-14,-78,-46,5230,437,-19,-82,-57,
350,38.91453058333333,-95.31961853333334,2025/Dec/17,11:18:20,311,480,203,5230,216253.3,55302,-76,-11,-48,5,5230,203,-11,-76,-48,5230,437,-20,-87,-57,
350,38.91447121666667,-95.31942863333333,2025/Dec/17,11:18:21,311,480,203,5230,216253.3,55302,-78,-13,-47,5,5230,203,-13,-78,-47,5230,437,-20,-87,-57,5230,374,-20,-85,-56,
350,38.914439466666664,-95.31923973333333,2025/Dec/17,11:18:22,311,480,203,5230,216253.3,55302,-80,-16,-48,5,5230,203,-16,-80,-47,5230,374,-20,-85,-57,5230,386,-15,-81,-57,
350,38.914417033333336,-95.31904283333333,2025/Dec/17,11:18:23,311,480,203,5230,216253.3,55302,-79,-14,-48,8,5230,203,-13,-79,-48,
350,38.91440273333333,-95.31883751666666,2025/Dec/17,11:18:24,311,480,203,5230,216253.3,55302,-79,-14,-46,7,5230,203,-14,-80,-48,5230,374,-20,-87,-58,
350,38.91442865,-95.31843481666667,2025/Dec/17,11:18:26,311,480,203,5230,216253.3,55302,-81,-16,-48,8,5230,203,-16,-81,-47,5230,437,-20,-87,-56,
350,38.9144563,-95.31822441666667,2025/Dec/17,11:18:27,311,480,203,2300,216253.32,55302,-92,-18,-52,8,2300,203,-17,-89,-51,2300,369,-17,-88,-63,
350,38.9145667,-95.31739718333333,2025/Dec/17,11:18:31,311,480,203,2300,216253.32,55302,-90,-16,-50,8,2300,203,-16,-90,-50,2300,369,-16,-88,-63,2300,110,-18,-89,-62,2300,370,-20,-91,-62,
350,38.91460155,-95.31717923333333,2025/Dec/17,11:18:32,311,480,203,2300,216253.32,55302,-91,-15,-51,9,2300,203,-15,-91,-51,2300,369,-16,-87,-62,2300,110,-17,-88,-62,2300,195,-20,-96,-63,
350,38.9146281,-95.31698985,2025/Dec/17,11:18:33,311,480,203,2300,216253.32,55302,-91,-15,-53,8,2300,203,-17,-92,-52,2300,369,-15,-87,-64,2300,202,-20,-97,-64,
350,38.91464975,-95.31679165,2025/Dec/17,11:18:34,311,480,203,2300,216253.32,55302,-92,-17,-51,8,2300,203,-17,-92,-51,2300,369,-16,-87,-63,2300,370,-18,-90,-63,
350,38.914656916666665,-95.31659788333333,2025/Dec/17,11:18:35,311,480,203,2300,216253.32,55302,-90,-17,-50,8,2300,203,-15,-91,-50,2300,369,-17,-89,-63,2300,202,-20,-96,-63,2300,110,-17,-89,-63,
350,38.914662783333334,-95.3163929,2025/Dec/17,11:18:36,311,480,203,2300,216253.32,55302,-91,-16,-52,8,2300,203,-15,-90,-51,2300,110,-17,-89,-64,
350,38.91467495,-95.3161939,2025/Dec/17,11:18:37,311,480,203,2300,216253.32,55302,-90,-16,-50,8,2300,203,-16,-89,-49,2300,110,-17,-89,-63,
350,38.91469241666667,-95.31598705,2025/Dec/17,11:18:38,311,480,203,2300,216253.32,55302,-90,-16,-50,8,2300,203,-17,-90,-51,2300,110,-17,-88,-63,
350,38.914720583333335,-95.31576751666667,2025/Dec/17,11:18:39,311,480,203,2300,216253.32,55302,-89,-16,-51,9,2300,203,-16,-89,-51,2300,110,-20,-91,-63,
350,38.91475331666667,-95.31556115,2025/Dec/17,11:18:40,311,480,203,2300,216253.32,55302,-90,-18,-54,9,2300,203,-17,-90,-53,2300,256,-20,-93,-64,2300,110,-20,-93,-64,2300,437,-18,-90,-64,2300,202,-18,-93,-64,
350,38.91479035,-95.31534893333334,2025/Dec/17,11:18:41,311,480,203,2300,216253.32,55302,-89,-16,-50,8,2300,203,-16,-89,-50,2300,437,-20,-92,-62,2300,202,-19,-91,-62,2300,256,-20,-94,-62,
350,38.9148342,-95.31513765,2025/Dec/17,11:18:42,311,480,203,2300,216253.32,55302,-89,-16,-50,8,2300,203,-16,-89,-50,2300,437,-19,-89,-62,2300,202,-18,-90,-62,2300,386,-17,-87,-62,2300,110,-16,-87,-62,
350,38.91488065,-95.31492135,2025/Dec/17,11:18:43,311,480,203,2300,216253.32,55302,-91,-18,-50,7,2300,203,-18,-91,-50,2300,256,-20,-96,-63,2300,110,-20,-90,-62,
350,38.9149255,-95.31471803333334,2025/Dec/17,11:18:44,311,480,203,2300,216253.32,55302,-90,-18,-50,8,2300,203,-18,-90,-51,2300,110,-20,-91,-63,
350,38.91497381666667,-95.31451461666667,2025/Dec/17,11:18:45,311,480,203,2300,216253.32,55302,-90,-19,-50,8,2300,203,-19,-90,-50,2300,110,-20,-90,-62,
350,38.9150136,-95.31430391666666,2025/Dec/17,11:18:46,311,480,203,2300,216253.32,55302,-92,-20,-51,6,2300,203,-20,-93,-51,2300,110,-20,-91,-63,2300,369,-18,-90,-63,
350,38.915097366666664,-95.31388036666667,2025/Dec/17,11:18:48,311,480,203,2300,216253.32,55302,-92,-20,-51,6,2300,203,-20,-93,-52,2300,110,-20,-91,-64,2300,369,-18,-90,-64,
350,38.9151625,-95.31367433333334,2025/Dec/17,11:18:49,311,480,203,2300,216253.32,55302,-93,-20,-51,8,2300,203,-20,-93,-51,2300,110,-20,-93,-63,2300,369,-17,-88,-63,
350,38.91524123333333,-95.31348316666667,2025/Dec/17,11:18:50,311,480,203,2300,216253.32,55302,-94,-20,-50,6,2300,203,-20,-93,-51,2300,110,-18,-88,-63,2300,369,-16,-87,-63,
350,38.91534371666667,-95.31329565,2025/Dec/17,11:18:51,311,480,203,2300,216253.32,55302,-95,-20,-49,6,2300,203,-20,-96,-50,2300,110,-16,-86,-61,
350,38.915472316666666,-95.31312701666667,2025/Dec/17,11:18:52,311,480,203,2300,216253.32,55302,-100,-20,-48,3,2300,203,-20,-101,-48,2300,110,-17,-86,-62,
350,38.91561936666667,-95.31298028333333,2025/Dec/17,11:18:53,311,480,203,2300,216253.32,55302,-96,-20,-45,5,2300,203,-20,-95,-48,2300,386,-14,-83,-60,
350,38.915766166666664,-95.31288431666667,2025/Dec/17,11:18:54,311,480,386,2300,216150.32,55302,-90,-20,-49,4,2300,386,-20,-91,-50,2300,203,-18,-87,-62,2300,110,-14,-83,-62,2300,281,-19,-89,-62,
350,38.915939,-95.31280656666667,2025/Dec/17,11:18:55,311,480,110,2300,216458.32,55302,-88,-18,-49,7,2300,110,-19,-88,-48,2300,386,-17,-87,-62,
350,38.91611973333333,-95.31278876666667,2025/Dec/17,11:18:56,311,480,386,2300,216150.32,55302,-84,-16,-48,8,2300,386,-17,-85,-45,2300,203,-19,-86,-58,2300,110,-16,-83,-59,
350,38.91716255,-95.31316341666667,2025/Dec/17,11:19:02,311,480,386,2300,216150.32,55302,-87,-17,-47,7,2300,386,-17,-86,-48,2300,110,-17,-85,-60,
350,38.91732721666666,-95.31326678333333,2025/Dec/17,11:19:03,311,480,386,2300,216150.32,55302,-82,-15,-46,9,2300,386,-15,-81,-47,2300,110,-17,-84,-58,
350,38.91748213333333,-95.3134032,2025/Dec/17,11:19:04,311,480,386,2300,216150.32,55302,-82,-16,-47,9,2300,386,-16,-82,-46,2300,203,-17,-83,-58,
350,38.91763413333334,-95.3135651,2025/Dec/17,11:19:05,311,480,386,2300,216150.32,55302,-83,-16,-46,9,2300,386,-17,-83,-46,2300,281,-18,-86,-59,
350,38.9177661,-95.31372818333334,2025/Dec/17,11:19:06,311,480,386,2300,216150.32,55302,-82,-17,-45,10,2300,386,-18,-83,-45,2300,203,-17,-82,-57,
340,38.91789803333333,-95.31393816666667,2025/Dec/17,11:19:07,311,480,386,2300,216150.32,55302,-85,-18,-46,9,2300,386,-17,-85,-46,2300,203,-17,-84,-58,2300,110,-16,-83,-58,
340,38.91798756666667,-95.314143,2025/Dec/17,11:19:08,311,480,386,2300,216150.32,55302,-83,-16,-46,10,2300,386,-16,-83,-46,2300,281,-20,-87,-58,2300,110,-16,-83,-58,
340,38.91805505,-95.3143479,2025/Dec/17,11:19:09,311,480,386,2300,216150.32,55302,-82,-16,-46,9,2300,386,-15,-82,-46,2300,281,-18,-84,-58,
340,38.91809576666667,-95.31454326666666,2025/Dec/17,11:19:10,311,480,386,2300,216150.32,55302,-85,-18,-47,8,2300,386,-18,-85,-47,2300,281,-17,-84,-60,
340,38.91811885,-95.31474086666667,2025/Dec/17,11:19:11,311,480,110,2300,216458.32,55302,-86,-17,-45,9,2300,110,-18,-86,-46,2300,203,-17,-84,-59,
340,38.9181054,-95.3149538,2025/Dec/17,11:19:12,311,480,110,2300,216458.32,55302,-86,-18,-43,8,2300,110,-19,-86,-43,2300,203,-17,-81,-56,2300,386,-18,-85,-56,
340,38.918079866666666,-95.31516235,2025/Dec/17,11:19:13,311,480,386,2300,216150.32,55302,-81,-16,-45,9,2300,386,-16,-81,-45,2300,203,-20,-85,-57,
300,38.918034133333336,-95.31537321666667,2025/Dec/17,11:19:14,311,480,386,2300,216150.32,55302,-80,-14,-46,10,2300,386,-14,-80,-46,2300,437,-20,-91,-58,
310,38.9179903,-95.31558973333334,2025/Dec/17,11:19:15,311,480,386,2300,216150.32,55302,-83,-17,-46,8,2300,386,-18,-83,-45,2300,110,-17,-83,-57,2300,203,-17,-83,-57,
320,38.9179453,-95.31579845,2025/Dec/17,11:19:16,311,480,386,2300,216150.32,55302,-91,-20,-47,4,2300,386,-20,-92,-47,2300,110,-15,-83,-60,
330,38.91789623333333,-95.31599708333333,2025/Dec/17,11:19:17,311,480,203,2300,216253.32,55302,-88,-20,-46,6,2300,110,-17,-84,-58,2300,203,-20,-88,-45,
330,38.91785193333333,-95.31619921666666,2025/Dec/17,11:19:18,311,480,203,2300,216253.32,55302,-87,-20,-45,6,2300,386,-13,-79,-58,2300,203,-20,-88,-45,
330,38.91781345,-95.3164112,2025/Dec/17,11:19:19,311,480,386,775,216150.34,55302,-87,-17,-54,6,775,386,-19,-89,-57,775,110,-13,-82,-61,
330,38.91776675,-95.31664178333334,2025/Dec/17,11:19:20,311,480,110,775,216458.34,55302,-84,-20,-48,10,775,110,-20,-84,-48,
330,38.917743916666666,-95.3168788,2025/Dec/17,11:19:21,311,480,110,775,216458.34,55302,-84,-20,-54,9,775,110,-18,-84,-55,775,386,-15,-80,-60,
330,38.91772576666666,-95.31710856666666,2025/Dec/17,11:19:22,311,480,110,775,216458.34,55302,-83,-18,-50,7,775,110,-18,-83,-51,775,386,-11,-76,-56,
340,38.91769455,-95.31756101666667,2025/Dec/17,11:19:24,311,480,110,775,216458.34,55302,-83,-17,-52,8,775,110,-19,-84,-52,775,386,-12,-76,-57,
340,38.9176692,-95.31777025,2025/Dec/17,11:19:25,311,480,386,2300,216150.32,55302,-85,-20,-44,8,2300,386,-20,-84,-43,2300,203,-18,-81,-56,
340,38.91764125,-95.31800258333334,2025/Dec/17,11:19:26,311,480,386,2300,216150.32,55302,-84,-19,-43,7,5230,203,-14,-75,-54,
340,38.91759926666667,-95.31820723333334,2025/Dec/17,11:19:27,311,480,203,5230,216253.3,55302,-78,-17,-43,7,5230,203,-19,-77,-41,5230,386,-17,-76,-50,5230,400,-20,-86,-50,
340,38.9174913,-95.31884985,2025/Dec/17,11:19:30,311,480,203,5230,216253.3,55302,-77,-17,-44,8,5230,203,-15,-76,-45,5230,386,-14,-75,-53,
340,38.91745688333334,-95.31906066666667,2025/Dec/17,11:19:31,311,480,203,5230,216253.3,55302,-75,-14,-45,9,5230,203,-14,-76,-40,5230,386,-15,-77,-53,
340,38.91742105,-95.31926631666667,2025/Dec/17,11:19:32,311,480,203,5230,216253.3,55302,-73,-13,-42,11,5230,203,-13,-72,-42,5230,386,-17,-78,-52,
340,38.917374566666666,-95.31949058333333,2025/Dec/17,11:19:33,311,480,203,5230,216253.3,55302,-72,-15,-37,11,5230,203,-17,-72,-37,5230,386,-20,-81,-48,
340,38.917308416666664,-95.3197027,2025/Dec/17,11:19:34,311,480,203,5230,216253.3,55302,-74,-12,-44,9,5230,203,-12,-74,-44,5230,386,-19,-84,-55,
340,38.917248316666665,-95.31990885,2025/Dec/17,11:19:35,311,480,203,5230,216253.3,55302,-77,-14,-45,9,5230,203,-14,-76,-44,5230,386,-16,-79,-56,5230,437,-20,-89,-56,
340,38.9170785,-95.3202793,2025/Dec/17,11:19:37,311,480,203,5230,216253.3,55302,-77,-14,-46,8,5230,203,-15,-78,-47,5230,281,-16,-80,-56,
340,38.91696335,-95.32043043333333,2025/Dec/17,11:19:38,311,480,203,5230,216253.3,55302,-81,-19,-45,7,5230,203,-19,-81,-45,5230,110,-16,-79,-54,5230,437,-20,-89,-54,
340,38.916831566666666,-95.32058213333333,2025/Dec/17,11:19:39,311,480,203,5230,216253.3,55302,-82,-20,-47,5,5230,203,-20,-83,-46,5230,110,-17,-80,-54,5230,437,-20,-91,-55,5230,104,-20,-90,-54,
340,38.91668015,-95.32067393333334,2025/Dec/17,11:19:40,311,480,203,5230,216253.3,55302,-83,-19,-47,5,5230,203,-18,-82,-45,5230,386,-17,-81,-56,
340,38.9165386,-95.32074656666667,2025/Dec/17,11:19:41,311,480,203,5230,216253.3,55302,-81,-19,-47,6,5230,203,-18,-81,-46,5230,110,-20,-88,-56,
340,38.916363966666665,-95.32080448333333,2025/Dec/17,11:19:42,311,480,203,5230,216253.3,55302,-81,-17,-47,8,5230,203,-16,-80,-46,
340,38.91603116666667,-95.32081386666667,2025/Dec/17,11:19:44,311,480,203,5230,216253.3,55302,-80,-17,-45,9,5230,203,-17,-80,-46,5230,158,-20,-83,-55,
340,38.915876516666664,-95.32080188333333,2025/Dec/17,11:19:45,311,480,203,5230,216253.3,55302,-78,-16,-45,10,5230,203,-16,-78,-44,
340,38.915422783333334,-95.32064416666667,2025/Dec/17,11:19:48,311,480,203,5230,216253.3,55302,-76,-15,-44,10,5230,203,-15,-76,-44,
350,38.915270783333334,-95.32057771666666,2025/Dec/17,11:19:49,311,480,203,5230,216253.3,55302,-81,-18,-45,8,5230,203,-18,-81,-45,5230,330,-17,-80,-55,
350,38.91511716666667,-95.32048491666667,2025/Dec/17,11:19:50,311,480,203,5230,216253.3,55302,-81,-19,-45,7,5230,203,-19,-81,-44,5230,330,-17,-80,-54,
350,38.914970616666665,-95.32038233333333,2025/Dec/17,11:19:51,65535,65535,437,-1,16777215.255,65535,-90,-20,-53,3,775,437,-20,-92,-52,775,386,-12,-80,-58,775,374,-20,-88,-58,
350,38.9148345,-95.32028151666667,2025/Dec/17,11:19:52,311,480,203,2300,216253.32,55302,-82,-17,-43,10,2300,203,-18,-82,-43,
350,38.914710166666666,-95.32018261666667,2025/Dec/17,11:19:53,311,480,203,2300,216253.32,55302,-85,-18,-47,9,2300,203,-18,-85,-47,
350,38.91459571666667,-95.32004848333334,2025/Dec/17,11:19:54,311,480,203,2300,216253.32,55302,-87,-19,-48,8,2300,203,-19,-87,-48,2300,386,-19,-97,-61,
350,38.914479633333336,-95.31989881666667,2025/Dec/17,11:19:55,311,480,203,2300,216253.32,55302,-90,-20,-50,7,2300,203,-17,-89,-51,2300,202,-20,-98,-63,
350,38.91427345,-95.31914066666667,2025/Dec/17,11:19:59,311,480,203,2300,216253.32,55302,-89,-18,-49,9,2300,203,-17,-89,-51,
350,38.9142544,-95.31892431666667,2025/Dec/17,11:20:00,311,480,203,2300,216253.32,55302,-90,-18,-51,9,2300,203,-18,-90,-51,2300,110,-18,-90,-64,2300,202,-20,-97,-64,
350,38.91425065,-95.31871266666667,2025/Dec/17,11:20:01,311,480,203,2300,216253.32,55302,-87,-18,-49,9,2300,203,-18,-88,-50,2300,110,-19,-89,-63,2300,202,-20,-99,-63,2300,437,-20,-92,-63,
350,38.91426081666667,-95.31849715,2025/Dec/17,11:20:02,311,480,203,2300,216253.32,55302,-88,-16,-51,9,2300,203,-17,-88,-49,2300,437,-18,-88,-63,
350,38.914279083333334,-95.31829451666667,2025/Dec/17,11:20:03,311,480,203,2300,216253.32,55302,-88,-18,-49,9,2300,203,-18,-88,-49,2300,437,-19,-89,-62,
350,38.9143073,-95.31807458333333,2025/Dec/17,11:20:04,311,480,203,2300,216253.32,55302,-88,-17,-49,10,2300,203,-17,-88,-48,
350,38.91433975,-95.31786508333333,2025/Dec/17,11:20:05,311,480,203,2300,216253.32,55302,-87,-17,-49,10,2300,203,-18,-87,-49,2300,437,-19,-89,-62,2300,116,-20,-100,-62,2300,110,-20,-91,-62,
350,38.914376716666666,-95.31767185,2025/Dec/17,11:20:06,311,480,203,2300,216253.32,55302,-88,-19,-50,9,2300,203,-19,-88,-49,
350,38.914418383333334,-95.31747456666666,2025/Dec/17,11:20:07,311,480,203,2300,216253.32,55302,-89,-19,-50,8,2300,203,-19,-89,-50,
350,38.91445041666667,-95.31726578333334,2025/Dec/17,11:20:08,311,480,203,2300,216253.32,55302,-90,-20,-50,8,2300,203,-20,-91,-51,2300,202,-20,-97,-63,2300,110,-19,-90,-63,2300,337,-19,-89,-63,2300,88,-20,-101,-63,
350,38.914475016666664,-95.31706378333334,2025/Dec/17,11:20:09,311,480,203,2300,216253.32,55302,-88,-18,-49,8,2300,203,-18,-88,-49,2300,202,-20,-98,-63,
350,38.91449855,-95.31684406666666,2025/Dec/17,11:20:10,311,480,203,2300,216253.32,55302,-89,-19,-50,8,2300,203,-19,-90,-50,2300,110,-18,-89,-62,
350,38.914554116666665,-95.31643555,2025/Dec/17,11:20:12,311,480,203,2300,216253.32,55302,-92,-20,-51,8,2300,203,-20,-92,-50,2300,369,-16,-87,-63,2300,386,-20,-98,-63,
350,38.91458316666667,-95.3162279,2025/Dec/17,11:20:13,311,480,203,2300,216253.32,55302,-89,-19,-49,9,2300,203,-18,-90,-51,2300,442,-20,-97,-63,2300,110,-20,-91,-63,
350,38.914605716666664,-95.31600645,2025/Dec/17,11:20:14,311,480,203,2300,216253.32,55302,-89,-19,-49,9,2300,203,-19,-89,-51,2300,110,-20,-90,-61,2300,386,-20,-95,-61,
350,38.91463306666667,-95.31578998333333,2025/Dec/17,11:20:15,311,480,203,2300,216253.32,55302,-91,-19,-50,8,2300,203,-19,-91,-50,2300,26,-20,-95,-62,
350,38.914659533333335,-95.31556941666666,2025/Dec/17,11:20:16,311,480,203,2300,216253.32,55302,-92,-19,-50,8,2300,203,-20,-93,-53,2300,110,-17,-89,-64,2300,369,-19,-90,-64,2300,202,-20,-98,-64,
350,38.91467288333333,-95.31535426666667,2025/Dec/17,11:20:17,311,480,203,2300,216253.32,55302,-92,-20,-51,7,2300,203,-20,-93,-53,2300,110,-17,-88,-64,2300,369,-19,-90,-63,2300,337,-19,-91,-64,
350,38.9146812,-95.31513591666666,2025/Dec/17,11:20:18,311,480,203,2300,216253.32,55302,-93,-19,-52,8,2300,203,-19,-93,-53,2300,110,-18,-90,-64,2300,369,-18,-90,-64,
350,38.91468556666667,-95.31492095,2025/Dec/17,11:20:19,311,480,203,2300,216253.32,55302,-92,-19,-50,9,2300,203,-19,-92,-53,2300,369,-18,-89,-64,2300,110,-18,-90,-63,
350,38.9146996,-95.3147018,2025/Dec/17,11:20:20,311,480,203,2300,216253.32,55302,-90,-20,-49,9,2300,203,-19,-90,-48,2300,202,-20,-96,-62,2300,110,-19,-89,-62,
350,38.91471378333333,-95.31450365,2025/Dec/17,11:20:21,311,480,203,2300,216253.32,55302,-93,-20,-50,5,5230,386,-18,-81,-47,5230,110,-20,-86,-56,
350,38.91497165,-95.31351873333334,2025/Dec/17,11:20:26,311,480,386,5230,216150.3,55302,-83,-16,-49,7,5230,386,-16,-83,-50,
350,38.91506878333333,-95.31335368333333,2025/Dec/17,11:20:27,311,480,386,5230,216150.3,55302,-89,-19,-51,5,5230,386,-19,-88,-57,5230,203,-17,-86,-59,5230,110,-20,-97,-59,5230,437,-20,-87,-59,
350,38.9153064,-95.31304546666667,2025/Dec/17,11:20:29,311,480,386,5230,216150.3,55302,-91,-20,-50,4,5230,386,-20,-90,-50,5230,104,-20,-97,-59,5230,110,-20,-97,-58,
350,38.91544765,-95.31291251666667,2025/Dec/17,11:20:30,311,480,110,775,216458.34,55302,-85,-13,-58,9,775,110,-14,-86,-55,775,386,-20,-94,-61,775,369,-20,-99,-61,
350,38.91559111666667,-95.3128106,2025/Dec/17,11:20:31,311,480,110,775,216458.34,55302,-88,-18,-56,6,775,110,-17,-88,-57,775,386,-13,-83,-63,775,104,-16,-86,-62,
350,38.915748666666666,-95.31271226666667,2025/Dec/17,11:20:32,311,480,386,775,216150.34,55302,-77,-15,-53,14,775,104,-20,-87,-57,775,386,-14,-77,-44,
350,38.915922316666666,-95.31263665,2025/Dec/17,11:20:33,311,480,386,775,216150.34,55302,-75,-9,-52,12,775,110,-15,-80,-56,775,386,-10,-75,-50,
350,38.91625963333333,-95.3125482,2025/Dec/17,11:20:35,311,480,386,775,216150.34,55302,-78,-11,-53,11,775,110,-15,-79,-55,775,386,-11,-77,-51,
350,38.91642685,-95.31252495,2025/Dec/17,11:20:36,311,480,386,775,216150.34,55302,-78,-11,-53,11,775,110,-16,-82,-57,775,386,-12,-78,-52,775,104,-19,-85,-57,775,197,-20,-95,-57,
350,38.916621416666665,-95.31253448333334,2025/Dec/17,11:20:37,311,480,386,775,216150.34,55302,-76,-14,-45,11,775,386,-16,-77,-46,775,104,-19,-82,-55,
350,38.916807883333334,-95.3125612,2025/Dec/17,11:20:38,311,480,386,775,216150.34,55302,-80,-17,-48,12,775,386,-16,-80,-54,775,104,-18,-82,-59,775,110,-17,-85,-59,
350,38.91698245,-95.3125938,2025/Dec/17,11:20:39,311,480,386,775,216150.34,55302,-77,-11,-53,13,775,386,-11,-77,-53,775,104,-16,-83,-58,
350,38.9171544,-95.31264841666666,2025/Dec/17,11:20:40,311,480,386,775,216150.34,55302,-80,-12,-55,11,775,386,-12,-80,-54,775,104,-18,-86,-59,
350,38.9173251,-95.3127138,2025/Dec/17,11:20:41,311,480,386,775,216150.34,55302,-80,-13,-50,11,775,386,-15,-81,-50,775,110,-16,-84,-56,
350,38.917498083333335,-95.31280578333333,2025/Dec/17,11:20:42,311,480,386,775,216150.34,55302,-81,-17,-51,9,775,386,-17,-83,-51,775,110,-16,-82,-59,775,203,-20,-89,-59,
350,38.917667933333334,-95.31293136666666,2025/Dec/17,11:20:43,311,480,386,775,216150.34,55302,-86,-16,-51,10,775,386,-16,-86,-51,775,110,-15,-84,-61,775,203,-20,-89,-60,775,104,-17,-93,-60,
350,38.917814283333335,-95.31307071666667,2025/Dec/17,11:20:44,311,480,386,775,216150.34,55302,-83,-13,-54,10,775,386,-13,-82,-55,775,110,-17,-87,-61,
350,38.917954933333334,-95.31323745,2025/Dec/17,11:20:45,311,480,386,5230,216150.3,55302,-72,-15,-38,9,5230,386,-16,-72,-38,
330,38.91813606666667,-95.31362691666666,2025/Dec/17,11:20:47,311,480,386,2300,216150.32,55302,-81,-17,-44,10,2300,110,-18,-82,-57,2300,386,-16,-81,-45,2300,281,-20,-87,-57,
340,38.91818195,-95.31383666666666,2025/Dec/17,11:20:48,311,480,386,2300,216150.32,55302,-80,-15,-43,10,2300,203,-20,-88,-57,2300,386,-14,-80,-45,2300,281,-19,-85,-57,
340,38.918215733333334,-95.31405886666667,2025/Dec/17,11:20:49,311,480,386,2300,216150.32,55302,-82,-18,-44,9,2300,386,-18,-83,-44,2300,203,-20,-92,-58,
350,38.9182287,-95.31426355,2025/Dec/17,11:20:50,311,480,386,2300,216150.32,55302,-86,-20,-45,7,2300,386,-20,-86,-46,2300,203,-18,-84,-58,
350,38.918221683333336,-95.31446548333334,2025/Dec/17,11:20:51,311,480,386,2300,216150.32,55302,-83,-17,-46,9,775,386,-14,-78,-54,775,110,-17,-82,-64,
350,38.918212016666665,-95.31467388333333,2025/Dec/17,11:20:52,311,480,386,2300,216150.32,55302,-79,-15,-43,10,2300,386,-17,-83,-45,2300,110,-17,-83,-57,2300,203,-20,-86,-58,
350,38.91808695,-95.31550635,2025/Dec/17,11:20:56,311,480,386,2300,216150.32,55302,-87,-20,-45,6,775,386,-15,-80,-51,775,110,-16,-81,-57,
350,38.9180114,-95.31590249999999,2025/Dec/17,11:20:58,311,480,386,775,216150.34,55302,-82,-17,-48,8,775,386,-17,-83,-53,775,104,-18,-85,-60,
350,38.917979216666666,-95.31609791666666,2025/Dec/17,11:20:59,311,480,110,775,216458.34,55302,-82,-14,-54,10,775,386,-20,-90,-63,775,104,-17,-85,-62,775,110,-14,-83,-56,775,374,-20,-97,-62,
350,38.91793981666667,-95.31630635,2025/Dec/17,11:21:00,311,480,110,775,216458.34,55302,-83,-14,-53,10,775,110,-13,-83,-58,775,104,-17,-85,-60,
350,38.9179074,-95.3165109,2025/Dec/17,11:21:01,311,480,110,775,216458.34,55302,-84,-20,-47,10,775,110,-20,-84,-46,775,104,-20,-87,-56,
350,38.9178601,-95.3167281,2025/Dec/17,11:21:02,311,480,110,775,216458.34,55302,-83,-17,-51,8,775,110,-17,-85,-53,775,386,-12,-80,-61,
350,38.9178422,-95.31691776666666,2025/Dec/17,11:21:03,311,480,110,775,216458.34,55302,-84,-17,-55,7,775,110,-17,-84,-50,775,386,-10,-78,-59,
350,38.91781563333333,-95.31711648333334,2025/Dec/17,11:21:04,311,480,203,5230,216253.3,55302,-83,-19,-43,6,5230,203,-19,-82,-45,5230,386,-15,-76,-54,5230,437,-20,-91,-54,
350,38.917777666666666,-95.3173236,2025/Dec/17,11:21:05,311,480,386,5230,216150.3,55302,-76,-15,-44,8,5230,203,-19,-79,-53,5230,386,-15,-76,-45,
350,38.9177536,-95.3175185,2025/Dec/17,11:21:06,311,480,386,5230,216150.3,55302,-77,-19,-41,8,5230,203,-19,-79,-52,5230,386,-19,-77,-42,5230,437,-20,-86,-52,
350,38.917699,-95.31796176666667,2025/Dec/17,11:21:08,311,480,386,5230,216150.3,55302,-78,-18,-43,6,5230,203,-13,-73,-53,5230,386,-18,-78,-44,
350,38.91762435,-95.31838383333333,2025/Dec/17,11:21:10,311,480,203,5230,216253.3,55302,-75,-15,-42,8,5230,203,-15,-76,-45,
350,38.9176063,-95.31862108333333,2025/Dec/17,11:21:11,311,480,203,5230,216253.3,55302,-75,-14,-43,9,5230,203,-14,-75,-43,
350,38.91759103333333,-95.31884768333333,2025/Dec/17,11:21:12,311,480,203,5230,216253.3,55302,-78,-15,-45,9,5230,203,-15,-78,-42,5230,386,-20,-84,-55,
350,38.9175599,-95.3190838,2025/Dec/17,11:21:13,311,480,203,5230,216253.3,55302,-80,-17,-47,7,5230,203,-17,-81,-45,5230,386,-20,-85,-56,
350,38.917559133333334,-95.31930896666667,2025/Dec/17,11:21:14,311,480,203,5230,216253.3,55302,-80,-16,-45,9,5230,203,-16,-80,-46,
350,38.917546933333334,-95.31953051666666,2025/Dec/17,11:21:15,311,480,203,5230,216253.3,55302,-74,-13,-43,11,5230,203,-13,-74,-43,5230,330,-20,-84,-53,5230,281,-20,-81,-53,5230,104,-20,-91,-53,
350,38.91751665,-95.31974431666667,2025/Dec/17,11:21:16,311,480,203,5230,216253.3,55302,-74,-14,-43,8,5230,203,-14,-74,-44,
350,38.917469016666665,-95.31994195,2025/Dec/17,11:21:17,311,480,203,5230,216253.3,55302,-78,-15,-47,8,5230,203,-16,-78,-43,5230,110,-17,-80,-54,
350,38.917302516666666,-95.32029585,2025/Dec/17,11:21:19,311,480,203,5230,216253.3,55302,-77,-14,-45,7,5230,203,-15,-77,-43,5230,110,-16,-78,-54,
350,38.917182516666664,-95.3204054,2025/Dec/17,11:21:20,311,480,203,5230,216253.3,55302,-82,-19,-46,6,5230,203,-19,-83,-46,5230,386,-15,-79,-56,
350,38.916387633333336,-95.32051045,2025/Dec/17,11:21:25,311,480,203,5230,216253.3,55302,-83,-20,-44,5,5230,203,-20,-83,-45,5230,386,-15,-77,-45,5230,104,-20,-84,-53,
360,38.916217950000004,-95.32047575,2025/Dec/17,11:21:26,311,480,386,5230,216150.3,55302,-80,-17,-46,7,5230,386,-18,-81,-45,5230,104,-20,-85,-55,
360,38.91607261666667,-95.32045808333334,2025/Dec/17,11:21:27,311,480,386,5230,216150.3,55302,-81,-18,-45,7,5230,386,-19,-81,-44,
360,38.9157497,-95.32043121666666,2025/Dec/17,11:21:29,311,480,386,5230,216150.3,55302,-83,-20,-51,7,5230,386,-19,-82,-45,5230,104,-20,-87,-54,5230,110,-20,-84,-54,
360,38.91560415,-95.32042516666667,2025/Dec/17,11:21:30,311,480,386,5230,216150.3,55302,-83,-19,-46,5,5230,386,-20,-83,-46,5230,110,-20,-88,-56,
360,38.91541938333334,-95.32039608333334,2025/Dec/17,11:21:31,311,480,386,5230,216150.3,55302,-85,-20,-48,4,5230,386,-20,-85,-44,5230,110,-20,-92,-56,5230,158,-20,-84,-56,
360,38.915269683333335,-95.32039023333333,2025/Dec/17,11:21:32,311,480,203,5230,216253.3,55302,-79,-17,-43,7,5230,203,-18,-80,-44,5230,330,-19,-81,-53,
360,38.91498355,-95.32031526666667,2025/Dec/17,11:21:34,311,480,203,5230,216253.3,55302,-82,-19,-46,8,5230,203,-19,-82,-47,5230,330,-14,-78,-56,
360,38.9148388,-95.32024225,2025/Dec/17,11:21:35,311,480,203,5230,216253.3,55302,-84,-20,-48,6,5230,203,-19,-84,-48,5230,330,-15,-80,-57,5230,281,-14,-79,-57,
360,38.914694383333334,-95.32014751666667,2025/Dec/17,11:21:36,311,480,203,5230,216253.3,55302,-80,-15,-45,8,5230,203,-14,-78,-47,
360,38.91455491666667,-95.32004786666667,2025/Dec/17,11:21:37,311,480,203,5230,216253.3,55302,-76,-14,-45,11,5230,203,-13,-76,-49,5230,374,-20,-88,-57,
360,38.9144245,-95.31991698333333,2025/Dec/17,11:21:38,311,480,203,5230,216253.3,55302,-76,-13,-46,10,5230,203,-13,-76,-47,
360,38.91422996666667,-95.31960486666667,2025/Dec/17,11:21:40,311,480,203,5230,216253.3,55302,-79,-15,-48,7,5230,203,-15,-80,-49,5230,437,-20,-95,-58,5230,373,-20,-87,-58,
360,38.91417005,-95.31943255,2025/Dec/17,11:21:41,311,480,203,5230,216253.3,55302,-84,-17,-50,8,5230,203,-17,-85,-51,5230,448,-20,-96,-59,
360,38.914134583333336,-95.31902415,2025/Dec/17,11:21:43,311,480,203,5230,216253.3,55302,-92,-20,-47,5,5230,203,-20,-91,-50,5230,110,-20,-92,-61,
360,38.91421651666667,-95.3186253,2025/Dec/17,11:21:45,311,480,203,5230,216253.3,55302,-90,-20,-50,6,5230,203,-20,-90,-49,
360,38.91427148333333,-95.31841691666666,2025/Dec/17,11:21:46,311,480,203,5230,216253.3,55302,-91,-20,-50,6,
360,38.914318533333336,-95.31822603333333,2025/Dec/17,11:21:47,311,480,386,775,216150.34,55302,-84,-15,-51,8,775,386,-14,-84,-52,775,369,-20,-89,-61,775,104,-20,-90,-61,775,110,-18,-87,-61,
360,38.91437005,-95.31803046666667,2025/Dec/17,11:21:48,311,480,386,775,216150.34,55302,-85,-14,-57,9,775,386,-14,-87,-56,775,110,-18,-86,-60,775,104,-19,-89,-60,775,369,-20,-91,-60,
360,38.91442083333333,-95.31781411666667,2025/Dec/17,11:21:49,311,480,386,775,216150.34,55302,-88,-15,-58,9,775,386,-15,-88,-57,775,104,-18,-89,-63,775,203,-20,-94,-63,
360,38.91445901666667,-95.31760775,2025/Dec/17,11:21:50,311,480,369,775,216158.14,55302,-92,-20,-55,6,5230,203,-15,-80,-47,5230,374,-19,-84,-57,
350,38.91458693333333,-95.31679986666667,2025/Dec/17,11:21:54,311,480,203,5230,216253.3,55302,-79,-14,-47,8,5230,203,-14,-80,-48,5230,373,-20,-85,-57,
350,38.914605,-95.3161798,2025/Dec/17,11:21:57,311,480,203,5230,216253.3,55302,-80,-15,-45,7,5230,203,-15,-80,-48,5230,374,-19,-83,-57,
360,38.914611283333336,-95.3159766,2025/Dec/17,11:21:58,311,480,203,5230,216253.3,55302,-80,-15,-48,8,5230,203,-14,-79,-47,5230,374,-19,-84,-57,
360,38.91461951666667,-95.31575968333334,2025/Dec/17,11:21:59,311,480,203,5230,216253.3,55302,-78,-14,-47,10,5230,203,-13,-78,-47,
360,38.914640733333336,-95.31553503333333,2025/Dec/17,11:22:00,311,480,203,5230,216253.3,55302,-78,-13,-47,9,5230,203,-13,-78,-47,
360,38.9146476,-95.3153132,2025/Dec/17,11:22:01,311,480,203,5230,216253.3,55302,-79,-14,-48,9,5230,203,-15,-79,-47,5230,374,-20,-88,-58,
360,38.914679316666664,-95.3151181,2025/Dec/17,11:22:02,311,480,203,5230,216253.3,55302,-80,-15,-47,9,5230,203,-15,-80,-46,5230,386,-14,-79,-57,
360,38.914713,-95.31490803333334,2025/Dec/17,11:22:03,311,480,203,5230,216253.3,55302,-82,-16,-46,8,5230,203,-16,-82,-50,5230,386,-15,-80,-58,
360,38.91473658333334,-95.3146775,2025/Dec/17,11:22:04,311,480,203,5230,216253.3,55302,-86,-19,-51,8,5230,203,-19,-86,-50,5230,448,-20,-94,-58,
360,38.914768233333334,-95.31446075,2025/Dec/17,11:22:05,65535,65535,386,-1,16777215.255,65535,-83,-16,-59,0,5230,386,-18,-85,-51,5230,110,-20,-97,-59,5230,330,-17,-84,-59,
360,38.91480838333333,-95.31424015,2025/Dec/17,11:22:06,311,480,386,5230,216150.3,55302,-86,-18,-51,7,5230,386,-17,-85,-51,5230,110,-20,-93,-58,
360,38.91487001666667,-95.3140213,2025/Dec/17,11:22:07,311,480,386,5230,216150.3,55302,-84,-16,-51,7,5230,386,-16,-84,-50,
360,38.914917583333335,-95.31381846666666,2025/Dec/17,11:22:08,311,480,386,5230,216150.3,55302,-83,-16,-50,7,5230,386,-16,-83,-50,
360,38.914982,-95.31363885,2025/Dec/17,11:22:09,311,480,386,5230,216150.3,55302,-83,-15,-52,6,5230,386,-15,-83,-50,5230,330,-17,-84,-58,5230,110,-20,-93,-58,
360,38.915154433333335,-95.31326981666666,2025/Dec/17,11:22:11,311,480,386,5230,216150.3,55302,-85,-17,-48,6,5230,386,-17,-85,-49,
360,38.9152679,-95.3131182,2025/Dec/17,11:22:12,311,480,386,5230,216150.3,55302,-86,-19,-50,6,5230,386,-19,-86,-51,
360,38.91539076666667,-95.31296078333334,2025/Dec/17,11:22:13,311,480,386,5230,216150.3,55302,-92,-20,-49,2,5230,386,-20,-91,-48,5230,330,-20,-94,-58,5230,369,-20,-87,-57,
360,38.91552305,-95.3128352,2025/Dec/17,11:22:14,311,480,386,5230,216150.3,55302,-91,-20,-49,4,5230,386,-20,-91,-47,5230,369,-20,-86,-57,
360,38.915678633333336,-95.31274713333333,2025/Dec/17,11:22:15,311,480,110,5230,216150.3,55302,-77,-13,-56,0,5230,110,-14,-79,-48,
360,38.915850516666666,-95.3126498,2025/Dec/17,11:22:16,311,480,386,5230,216150.3,55302,-76,-14,-45,11,5230,110,-16,-79,-56,5230,386,-14,-76,-44,5230,203,-20,-90,-56,
360,38.91601523333333,-95.31260601666666,2025/Dec/17,11:22:17,311,480,386,5230,216150.3,55302,-73,-12,-42,13,5230,386,-12,-73,-43,
360,38.91671016666667,-95.31259715,2025/Dec/17,11:22:21,311,480,386,5230,216150.3,55302,-78,-11,-44,13,5230,386,-11,-75,-43,
360,38.91705105,-95.31266141666667,2025/Dec/17,11:22:23,311,480,386,5230,216150.3,55302,-74,-14,-38,12,5230,386,-14,-74,-40,5230,330,-19,-81,-55,
360,38.9172198,-95.31271606666667,2025/Dec/17,11:22:24,311,480,386,5230,216150.3,55302,-76,-14,-50,8,5230,386,-14,-76,-41,5230,330,-20,-85,-52,
360,38.91738383333333,-95.31278568333333,2025/Dec/17,11:22:25,311,480,386,5230,216150.3,55302,-77,-13,-44,12,5230,386,-13,-75,-44,5230,330,-17,-81,-54,5230,281,-19,-81,-54,
360,38.91755688333333,-95.3128748,2025/Dec/17,11:22:26,311,480,386,5230,216150.3,55302,-74,-13,-45,10,5230,386,-14,-76,-42,5230,330,-15,-78,-53,
360,38.917727316666664,-95.31297625,2025/Dec/17,11:22:27,311,480,386,5230,216150.3,55302,-78,-18,-41,10,5230,386,-18,-77,-41,5230,203,-20,-86,-51,
360,38.9178803,-95.31309535,2025/Dec/17,11:22:28,311,480,386,5230,216150.3,55302,-74,-14,-42,10,5230,386,-14,-74,-43,5230,203,-15,-75,-53,
360,38.91801831666667,-95.3132555,2025/Dec/17,11:22:29,311,480,386,5230,216150.3,55302,-73,-13,-43,8,5230,386,-13,-73,-44,5230,203,-16,-77,-53,
360,38.9181318,-95.31341296666666,2025/Dec/17,11:22:30,311,480,386,5230,216150.3,55302,-79,-20,-42,6,5230,386,-20,-79,-42,5230,330,-19,-79,-51,
360,38.918221333333335,-95.31361833333334,2025/Dec/17,11:22:31,311,480,386,5230,216150.3,55302,-81,-20,-44,5,5230,386,-20,-82,-44,5230,203,-17,-79,-54,
350,38.91827103333333,-95.31382628333333,2025/Dec/17,11:22:32,311,480,386,5230,216150.3,55302,-86,-20,-46,4,5230,386,-20,-87,-44,5230,203,-19,-82,-55,
350,38.918296633333334,-95.31405515,2025/Dec/17,11:22:33,311,480,281,5230,216247.3,55302,-80,-14,-49,8,5230,281,-14,-80,-49,5230,330,-20,-90,-55,
290,38.91829918333333,-95.3142675,2025/Dec/17,11:22:34,311,480,281,5230,216247.3,55302,-81,-15,-49,7,5230,281,-15,-81,-49,5230,386,-17,-80,-55,
300,38.918253316666664,-95.31466785,2025/Dec/17,11:22:36,311,480,281,5230,216247.3,55302,-81,-16,-48,6,5230,281,-16,-81,-47,5230,386,-16,-79,-54,
320,38.918198583333336,-95.31485801666666,2025/Dec/17,11:22:37,311,480,281,5230,216247.3,55302,-81,-17,-46,5,5230,281,-17,-81,-47,5230,386,-14,-76,-54,
320,38.91815035,-95.3150526,2025/Dec/17,11:22:38,311,480,386,5230,216150.3,55302,-74,-13,-44,10,5230,203,-19,-81,-52,5230,386,-12,-73,-44,
330,38.91810448333333,-95.31525463333334,2025/Dec/17,11:22:39,311,480,386,5230,216150.3,55302,-73,-11,-44,10,5230,203,-20,-83,-53,5230,386,-11,-73,-43,
340,38.91806261666667,-95.3154433,2025/Dec/17,11:22:40,311,480,386,5230,216150.3,55302,-72,-14,-38,11,5230,203,-20,-82,-53,5230,386,-15,-72,-42,
340,38.91801666666667,-95.3156224,2025/Dec/17,11:22:41,311,480,386,5230,216150.3,55302,-73,-13,-43,9,5230,203,-17,-76,-50,5230,386,-14,-73,-38,
340,38.9179744,-95.3158275,2025/Dec/17,11:22:42,311,480,386,5230,216150.3,55302,-74,-17,-39,9,5230,203,-20,-78,-49,5230,386,-18,-74,-39,
340,38.91793118333333,-95.31602931666667,2025/Dec/17,11:22:43,311,480,386,5230,216150.3,55302,-75,-15,-43,8,5230,203,-16,-78,-53,5230,386,-15,-75,-42,
350,38.9178788,-95.31643143333334,2025/Dec/17,11:22:45,311,480,386,5230,216150.3,55302,-75,-14,-43,8,5230,203,-18,-79,-53,5230,386,-14,-75,-43,5230,437,-20,-83,-53,
350,38.917856816666664,-95.31664625,2025/Dec/17,11:22:46,311,480,386,5230,216150.3,55302,-75,-17,-40,8,5230,203,-15,-76,-52,5230,386,-15,-76,-44,
350,38.91788473333333,-95.31748126666666,2025/Dec/17,11:22:50,311,480,386,5230,216150.3,55302,-77,-16,-45,7,5230,330,-18,-79,-53,5230,386,-17,-78,-45,
350,38.91791216666667,-95.3176672,2025/Dec/17,11:22:51,311,480,386,5230,216150.3,55302,-81,-20,-43,5,5230,330,-19,-80,-53,5230,386,-20,-82,-43,5230,203,-18,-79,-53,5230,110,-20,-89,-53,
350,38.9179162,-95.3178686,2025/Dec/17,11:22:52,311,480,203,5230,216253.3,55302,-84,-20,-46,5,
350,38.91789995,-95.31851103333334,2025/Dec/17,11:22:55,311,480,386,2300,216150.32,55302,-81,-15,-43,10,2300,386,-15,-81,-47,2300,203,-15,-81,-58,
350,38.91787358333333,-95.31872911666666,2025/Dec/17,11:22:56,311,480,386,2300,216150.32,55302,-80,-14,-45,10,2300,386,-14,-80,-45,2300,203,-15,-81,-58,
350,38.91785183333333,-95.31892435,2025/Dec/17,11:22:57,311,480,386,2300,216150.32,55302,-83,-16,-48,8,2300,386,-17,-84,-48,2300,110,-15,-84,-58,2300,203,-15,-82,-58,
350,38.91782295,-95.31913581666667,2025/Dec/17,11:22:58,311,480,203,2300,216253.32,55302,-86,-17,-49,7,2300,203,-18,-87,-49,2300,110,-15,-83,-60,
350,38.9177936,-95.31934513333333,2025/Dec/17,11:22:59,311,480,203,2300,216253.32,55302,-86,-18,-48,8,2300,203,-17,-85,-48,2300,110,-15,-84,-59,
350,38.91775906666667,-95.31955323333334,2025/Dec/17,11:23:00,311,480,203,2300,216253.32,55302,-86,-20,-45,7,2300,203,-20,-86,-46,2300,386,-13,-79,-57,2300,38,-20,-91,-58,
350,38.91771895,-95.31975146666667,2025/Dec/17,11:23:01,311,480,386,2300,216150.32,55302,-81,-14,-46,10,2300,386,-14,-81,-46,
350,38.91767,-95.31994083333333,2025/Dec/17,11:23:02,311,480,386,2300,216150.32,55302,-81,-14,-47,10,2300,386,-14,-82,-46,2300,158,-19,-88,-61,
350,38.917616699999996,-95.32012005,2025/Dec/17,11:23:03,311,480,386,2300,216150.32,55302,-83,-15,-48,9,2300,386,-15,-84,-48,2300,203,-17,-88,-61,
350,38.91754263333333,-95.32029146666666,2025/Dec/17,11:23:04,311,480,386,2300,216150.32,55302,-88,-20,-49,6,2300,386,-20,-90,-46,2300,203,-14,-81,-58,2300,281,-18,-85,-58,2300,110,-17,-84,-58,
350,38.91745663333333,-95.3204626,2025/Dec/17,11:23:05,311,480,386,2300,216150.32,55302,-95,-20,-47,2,2300,386,-20,-95,-47,2300,203,-13,-80,-59,
350,38.9171938,-95.32073261666666,2025/Dec/17,11:23:07,311,480,386,775,216150.34,55302,-78,-11,-52,12,2300,203,-13,-80,-48,
350,38.917067216666666,-95.32082656666667,2025/Dec/17,11:23:08,311,480,203,2300,216253.32,55302,-82,-16,-43,9,2300,203,-17,-82,-43,2300,437,-20,-87,-56,
350,38.916914483333336,-95.32089738333333,2025/Dec/17,11:23:09,311,480,203,2300,216253.32,55302,-84,-18,-45,9,2300,203,-19,-84,-45,2300,437,-20,-88,-58,
350,38.91676905,-95.32094543333334,2025/Dec/17,11:23:10,311,480,203,2300,216253.32,55302,-85,-16,-46,9,2300,203,-16,-85,-46,2300,437,-20,-89,-58,2300,386,-18,-84,-58,2300,158,-20,-89,-59,
350,38.91662006666667,-95.3209717,2025/Dec/17,11:23:11,311,480,203,2300,216253.32,55302,-84,-15,-47,8,2300,203,-16,-84,-47,2300,158,-19,-87,-60,2300,386,-15,-82,-60,
350,38.9164723,-95.3209982,2025/Dec/17,11:23:12,311,480,203,2300,216253.32,55302,-83,-15,-45,9,2300,203,-16,-83,-42,2300,386,-15,-81,-57,2300,437,-20,-90,-57,
350,38.9163237,-95.32099723333333,2025/Dec/17,11:23:13,311,480,203,2300,216253.32,55302,-83,-18,-44,9,2300,203,-18,-83,-43,2300,386,-17,-82,-56,2300,437,-20,-91,-56,2300,281,-20,-86,-56,
350,38.91619335,-95.32100425,2025/Dec/17,11:23:14,311,480,203,2300,216253.32,55302,-82,-15,-47,9,2300,203,-15,-82,-47,2300,281,-18,-85,-59,
350,38.916039983333334,-95.32097885,2025/Dec/17,11:23:15,311,480,203,2300,216253.32,55302,-83,-15,-49,10,2300,203,-15,-83,-48,2300,281,-17,-85,-60,2300,437,-20,-88,-60,
350,38.9158975,-95.32093825,2025/Dec/17,11:23:16,311,480,203,2300,216253.32,55302,-85,-16,-48,8,2300,203,-16,-85,-49,2300,281,-16,-84,-61,2300,437,-19,-88,-61,
360,38.915324633333334,-95.3207593,2025/Dec/17,11:23:20,311,480,203,2300,216253.32,55302,-85,-16,-49,8,2300,203,-16,-85,-44,2300,281,-16,-84,-60,2300,437,-20,-88,-60,
360,38.91518075,-95.32069786666666,2025/Dec/17,11:23:21,311,480,203,2300,216253.32,55302,-85,-19,-45,8,2300,203,-19,-85,-45,2300,110,-20,-88,-58,
350,38.91505301666667,-95.32062575,2025/Dec/17,11:23:22,311,480,203,2300,216253.32,55302,-85,-16,-50,9,2300,203,-16,-85,-48,2300,281,-19,-89,-61,
360,38.91491821666666,-95.32054903333334,2025/Dec/17,11:23:23,311,480,203,2300,216253.32,55302,-84,-15,-50,9,2300,203,-16,-84,-48,
350,38.91479281666667,-95.32046516666666,2025/Dec/17,11:23:24,311,480,203,2300,216253.32,55302,-84,-15,-49,9,2300,203,-15,-84,-49,2300,437,-20,-89,-60,
350,38.91468115,-95.32038223333333,2025/Dec/17,11:23:25,311,480,203,2300,216253.32,55302,-85,-19,-47,8,2300,203,-19,-86,-47,2300,437,-20,-88,-59,
350,38.914555166666666,-95.32026025,2025/Dec/17,11:23:26,311,480,203,2300,216253.32,55302,-87,-18,-50,8,2300,203,-18,-87,-50,2300,437,-18,-88,-62,
350,38.91443713333334,-95.32012668333333,2025/Dec/17,11:23:27,311,480,203,2300,216253.32,55302,-89,-17,-51,9,2300,203,-17,-89,-49,2300,437,-20,-92,-63,
350,38.914354933333335,-95.31997051666667,2025/Dec/17,11:23:28,311,480,203,2300,216253.32,55302,-88,-17,-52,9,2300,203,-17,-87,-49,2300,437,-19,-90,-61,2300,386,-20,-99,-61,
350,38.91427218333333,-95.31980113333333,2025/Dec/17,11:23:29,311,480,203,2300,216253.32,55302,-87,-16,-51,9,2300,203,-17,-87,-51,
350,38.91416001666666,-95.3194386,2025/Dec/17,11:23:31,311,480,203,2300,216253.32,55302,-87,-17,-49,9,2300,203,-18,-86,-47,2300,437,-20,-88,-59,
350,38.91411323333333,-95.31924921666666,2025/Dec/17,11:23:32,311,480,203,2300,216253.32,55302,-86,-18,-47,10,2300,203,-18,-86,-47,2300,437,-20,-88,-62,
350,38.91407816666667,-95.31906828333334,2025/Dec/17,11:23:33,311,480,203,2300,216253.32,55302,-88,-17,-52,9,2300,203,-17,-88,-50,2300,281,-14,-86,-62,
350,38.914032883333334,-95.31887973333333,2025/Dec/17,11:23:34,311,480,203,2300,216253.32,55302,-89,-18,-50,7,2300,203,-19,-90,-50,
360,38.91399081666667,-95.31868136666667,2025/Dec/17,11:23:35,311,480,203,2300,216253.32,55302,-93,-19,-51,7,2300,203,-20,-94,-51,2300,374,-19,-91,-64,
360,38.913957366666665,-95.31849766666667,2025/Dec/17,11:23:36,311,480,203,2300,216253.32,55302,-92,-20,-50,8,2300,203,-20,-92,-51,
360,38.91393061666667,-95.3183062,2025/Dec/17,11:23:37,311,480,203,2300,216253.32,55302,-88,-15,-51,9,2300,203,-15,-87,-50,2300,202,-20,-97,-62,2300,110,-20,-91,-62,
360,38.91392211666667,-95.31811585,2025/Dec/17,11:23:38,311,480,203,2300,216253.32,55302,-89,-16,-49,8,2300,203,-16,-89,-52,2300,437,-17,-88,-64,2300,202,-20,-101,-64,
360,38.91392053333333,-95.3179186,2025/Dec/17,11:23:39,311,480,203,2300,216253.32,55302,-91,-19,-51,6,2300,203,-19,-90,-48,2300,437,-18,-89,-61,
360,38.913950766666666,-95.31772276666666,2025/Dec/17,11:23:40,311,480,203,2300,216253.32,55302,-92,-20,-50,6,2300,203,-20,-91,-47,2300,110,-20,-96,-60,2300,386,-20,-92,-60,
360,38.91399995,-95.31753143333333,2025/Dec/17,11:23:41,311,480,386,775,216150.34,55302,-92,-20,-58,6,775,386,-20,-92,-58,775,369,-20,-103,-65,
360,38.91413611666667,-95.3171608,2025/Dec/17,11:23:43,311,480,386,775,216150.34,55302,-89,-18,-56,8,775,386,-17,-88,-58,
360,38.91420826666667,-95.31699085,2025/Dec/17,11:23:44,311,480,386,775,216150.34,55302,-84,-13,-55,10,775,386,-12,-84,-60,
360,38.914275616666664,-95.3168163,2025/Dec/17,11:23:45,311,480,386,775,216150.34,55302,-92,-20,-56,6,5230,386,-16,-82,-48,
360,38.91447515,-95.31605738333333,2025/Dec/17,11:23:49,311,480,386,5230,216150.3,55302,-82,-16,-49,9,5230,386,-17,-83,-49,
360,38.914500616666665,-95.31585125,2025/Dec/17,11:23:50,311,480,386,5230,216150.3,55302,-83,-17,-49,9,5230,386,-17,-83,-49,
360,38.914508133333335,-95.31563656666667,2025/Dec/17,11:23:51,311,480,386,5230,216150.3,55302,-85,-19,-47,7,5230,386,-20,-86,-48,5230,203,-17,-82,-57,5230,373,-20,-92,-56,
360,38.9145298,-95.31543676666666,2025/Dec/17,11:23:52,311,480,386,5230,216150.3,55302,-88,-20,-48,6,5230,386,-20,-88,-49,5230,203,-18,-84,-58,
370,38.91454506666667,-95.31522823333333,2025/Dec/17,11:23:53,311,480,203,5230,216253.3,55302,-82,-18,-47,6,5230,203,-17,-83,-47,5230,374,-20,-88,-57,
370,38.91456661666667,-95.31502128333334,2025/Dec/17,11:23:54,311,480,203,5230,216253.3,55302,-84,-17,-49,7,5230,203,-17,-84,-48,5230,374,-19,-87,-59,5230,442,-20,-90,-58,
370,38.91459021666667,-95.31481366666667,2025/Dec/17,11:23:55,311,480,203,5230,216253.3,55302,-85,-20,-49,5,5230,203,-19,-85,-49,5230,374,-19,-85,-59,
370,38.91460738333333,-95.31460223333333,2025/Dec/17,11:23:56,311,480,203,5230,216253.3,55302,-83,-17,-49,8,5230,203,-17,-83,-49,5230,437,-20,-87,-57,5230,373,-20,-90,-57,
370,38.91462666666666,-95.3144001,2025/Dec/17,11:23:57,311,480,203,5230,216253.3,55302,-82,-16,-48,6,2300,386,-15,-87,-63,
370,38.914642816666664,-95.31419725,2025/Dec/17,11:23:58,311,480,386,2300,216150.32,55302,-93,-20,-52,6,2300,386,-20,-93,-51,2300,110,-17,-89,-63,2300,203,-17,-96,-63,
360,38.914668866666666,-95.3139764,2025/Dec/17,11:23:59,311,480,386,2300,216150.32,55302,-95,-20,-51,5,2300,386,-20,-95,-51,2300,110,-16,-88,-64,
360,38.91466681666667,-95.31376528333334,2025/Dec/17,11:24:00,311,480,110,2300,216458.32,55302,-92,-20,-51,6,2300,203,-17,-93,-64,2300,110,-20,-93,-51,2300,437,-19,-91,-64,
360,38.91468925,-95.31355528333333,2025/Dec/17,11:24:01,311,480,203,2300,216253.32,55302,-90,-19,-51,6,2300,203,-19,-90,-52,
300,38.91472085,-95.31335121666666,2025/Dec/17,11:24:02,311,480,203,2300,216253.32,55302,-92,-20,-52,5,2300,203,-20,-92,-52,2300,386,-18,-90,-63,
310,38.91477163333333,-95.31314911666666,2025/Dec/17,11:24:03,311,480,203,2300,216253.32,55302,-96,-20,-50,5,775,386,-13,-84,-54,775,369,-17,-87,-60,
330,38.91485655,-95.31294615,2025/Dec/17,11:24:04,311,480,386,5230,216150.3,55302,-76,-14,-46,4,5230,386,-14,-76,-45,5230,110,-16,-80,-56,
340,38.91511953333333,-95.31262021666667,2025/Dec/17,11:24:06,311,480,386,5230,216150.3,55302,-76,-13,-45,5,5230,386,-14,-76,-41,5230,110,-17,-79,-52,
340,38.91526941666667,-95.31250616666667,2025/Dec/17,11:24:07,311,480,386,5230,216150.3,55302,-76,-17,-42,9,5230,386,-18,-77,-41,5230,110,-18,-77,-51,
340,38.91543655,-95.31242371666667,2025/Dec/17,11:24:08,311,480,386,5230,216150.3,55302,-75,-13,-45,11,5230,386,-13,-75,-44,5230,110,-16,-78,-54,
350,38.9156042,-95.31235718333333,2025/Dec/17,11:24:09,311,480,386,5230,216150.3,55302,-73,-12,-44,12,5230,386,-13,-73,-44,5230,110,-20,-88,-51,
350,38.9157702,-95.31230698333333,2025/Dec/17,11:24:10,311,480,386,5230,216150.3,55302,-74,-12,-46,13,5230,386,-12,-73,-44,
350,38.91594491666667,-95.31226753333334,2025/Dec/17,11:24:11,311,480,386,5230,216150.3,55302,-75,-13,-44,12,5230,386,-13,-75,-42,
350,38.91611568333333,-95.31224473333333,2025/Dec/17,11:24:12,311,480,386,5230,216150.3,55302,-76,-14,-45,11,5230,386,-14,-76,-46,
350,38.916278766666665,-95.31223826666667,2025/Dec/17,11:24:13,311,480,386,5230,216150.3,55302,-76,-14,-46,11,5230,386,-14,-77,-46,
350,38.91645125,-95.31226551666667,2025/Dec/17,11:24:14,311,480,386,5230,216150.3,55302,-85,-20,-47,6,5230,386,-14,-76,-45,5230,110,-20,-84,-54,
360,38.917134,-95.31237596666666,2025/Dec/17,11:24:18,311,480,386,5230,216150.3,55302,-77,-15,-45,9,5230,386,-15,-78,-46,5230,110,-19,-82,-55,
360,38.91747431666667,-95.31241836666666,2025/Dec/17,11:24:20,311,480,386,5230,216150.3,55302,-81,-17,-46,8,5230,386,-16,-80,-46,5230,110,-20,-87,-56,5230,330,-19,-83,-56,
360,38.91763341666667,-95.31245288333334,2025/Dec/17,11:24:21,311,480,386,5230,216150.3,55302,-80,-18,-43,4,5230,386,-19,-81,-43,5230,330,-19,-81,-54,
360,38.91777951666667,-95.3125234,2025/Dec/17,11:24:22,311,480,386,5230,216150.3,55302,-84,-20,-44,7,5230,386,-20,-82,-44,5230,330,-20,-86,-54,5230,110,-18,-80,-54,
360,38.91793286666667,-95.31264403333333,2025/Dec/17,11:24:23,311,480,386,5230,216150.3,55302,-80,-18,-45,7,5230,386,-18,-80,-45,5230,110,-20,-85,-55,
360,38.91805586666667,-95.31279283333333,2025/Dec/17,11:24:24,311,480,386,5230,216150.3,55302,-82,-20,-44,5,5230,386,-20,-83,-47,
360,38.918156483333334,-95.31298,2025/Dec/17,11:24:25,311,480,386,5230,216150.3,55302,-86,-20,-46,3,5230,386,-20,-87,-47,
360,38.91823228333333,-95.31317055,2025/Dec/17,11:24:26,311,480,386,5230,216150.3,55302,-86,-20,-44,3,5230,386,-20,-86,-47,5230,330,-18,-80,-53,
370,38.9182857,-95.31337416666666,2025/Dec/17,11:24:27,311,480,203,5230,216253.3,55302,-76,-15,-44,9,5230,330,-20,-81,-51,5230,110,-20,-81,-51,5230,203,-16,-76,-43,
370,38.91832841666667,-95.31359495,2025/Dec/17,11:24:28,311,480,203,5230,216253.3,55302,-80,-18,-43,5,5230,203,-20,-81,-44,5230,386,-15,-77,-53,5230,110,-20,-83,-53,
370,38.918353333333336,-95.31380036666667,2025/Dec/17,11:24:29,311,480,386,5230,216150.3,55302,-76,-14,-44,8,5230,386,-13,-76,-46,5230,110,-20,-86,-61,
370,38.918365666666666,-95.31402081666667,2025/Dec/17,11:24:30,311,480,386,5230,216150.3,55302,-74,-13,-38,9,5230,386,-15,-74,-37,5230,110,-20,-86,-49,
370,38.91836945,-95.31422885,2025/Dec/17,11:24:31,311,480,386,5230,216150.3,55302,-73,-17,-38,10,5230,386,-17,-73,-39,
370,38.91835436666667,-95.3144453,2025/Dec/17,11:24:32,311,480,386,5230,216150.3,55302,-73,-12,-41,9,5230,386,-12,-72,-44,
370,38.918337083333334,-95.31465141666666,2025/Dec/17,11:24:33,311,480,386,5230,216150.3,55302,-72,-12,-43,10,5230,386,-12,-72,-42,
370,38.91830768333333,-95.3148585,2025/Dec/17,11:24:34,311,480,386,5230,216150.3,55302,-74,-13,-43,9,5230,386,-13,-73,-44,
370,38.918260933333336,-95.31506715,2025/Dec/17,11:24:35,311,480,386,5230,216150.3,55302,-75,-14,-44,9,5230,386,-14,-76,-44,
370,38.918197666666664,-95.31546745,2025/Dec/17,11:24:37,311,480,386,5230,216150.3,55302,-80,-19,-44,7,5230,386,-20,-79,-40,5230,330,-20,-87,-52,
370,38.91815525,-95.31568141666666,2025/Dec/17,11:24:38,311,480,386,5230,216150.3,55302,-80,-20,-42,6,5230,386,-20,-80,-42,5230,203,-18,-78,-52,
370,38.91806173333333,-95.31625568333334,2025/Dec/17,11:24:41,311,480,386,5230,216150.3,55302,-81,-19,-43,7,5230,386,-19,-80,-41,5230,203,-20,-81,-52,5230,110,-20,-88,-52,
370,38.918048766666665,-95.31645471666667,2025/Dec/17,11:24:42,311,480,386,5230,216150.3,55302,-86,-20,-47,5,5230,386,-20,-86,-46,5230,281,-15,-79,-56,5230,437,-20,-85,-56,
370,38.91803183333333,-95.31665421666666,2025/Dec/17,11:24:43,311,480,281,5230,216247.3,55302,-81,-16,-46,6,5230,281,-17,-81,-47,5230,203,-19,-81,-53,5230,386,-17,-79,-53,5230,110,-20,-86,-53,
310,38.91791251666667,-95.31746908333334,2025/Dec/17,11:24:47,311,480,281,5230,216247.3,55302,-80,-17,-45,7,5230,281,-17,-80,-46,5230,203,-17,-78,-53,5230,386,-15,-77,-53,5230,110,-20,-91,-53,5230,92,-20,-91,-53,
330,38.9178556,-95.31767976666667,2025/Dec/17,11:24:48,311,480,386,5230,216150.3,55302,-74,-13,-44,8,5230,386,-13,-74,-43,
340,38.917819183333336,-95.31789855,2025/Dec/17,11:24:49,311,480,386,5230,216150.3,55302,-73,-17,-38,8,5230,386,-16,-73,-42,
350,38.9177726,-95.31808861666667,2025/Dec/17,11:24:50,311,480,386,5230,216150.3,55302,-73,-14,-41,7,5230,386,-15,-73,-40,
350,38.9176918,-95.3185026,2025/Dec/17,11:24:52,311,480,386,5230,216150.3,55302,-74,-16,-41,7,5230,386,-16,-74,-42,
360,38.91763903333333,-95.31893335,2025/Dec/17,11:24:54,311,480,386,5230,216150.3,55302,-74,-19,-39,6,5230,386,-19,-74,-40,
360,38.917642883333336,-95.3191236,2025/Dec/17,11:24:55,311,480,386,5230,216150.3,55302,-74,-14,-42,8,5230,386,-14,-74,-43,
360,38.917643483333336,-95.3193342,2025/Dec/17,11:24:56,311,480,386,5230,216150.3,55302,-77,-14,-46,7,5230,386,-14,-77,-45,5230,110,-20,-86,-55,5230,330,-20,-83,-54,
360,38.91765923333333,-95.31955395,2025/Dec/17,11:24:57,311,480,203,5230,216253.3,55302,-74,-13,-43,9,5230,386,-20,-86,-51,5230,203,-14,-75,-44,5230,330,-20,-85,-51,
360,38.9176549,-95.31999813333333,2025/Dec/17,11:24:59,311,480,203,5230,216253.3,55302,-76,-17,-40,8,5230,203,-17,-76,-40,
360,38.91762391666666,-95.32022086666667,2025/Dec/17,11:25:00,311,480,386,2300,216150.32,55302,-81,-14,-46,10,2300,386,-14,-81,-46,2300,110,-17,-83,-58,
360,38.9175665,-95.32040886666667,2025/Dec/17,11:25:01,311,480,386,2300,216150.32,55302,-83,-15,-45,9,2300,386,-15,-83,-47,2300,203,-14,-80,-58,2300,110,-18,-84,-58,
360,38.91748871666667,-95.32060106666667,2025/Dec/17,11:25:02,311,480,203,2300,216253.32,55302,-82,-16,-47,11,2300,203,-15,-81,-47,
280,38.91726725,-95.32088408333334,2025/Dec/17,11:25:04,311,480,203,2300,216253.32,55302,-81,-14,-47,11,2300,203,-14,-81,-47,
300,38.9171274,-95.32096918333333,2025/Dec/17,11:25:05,311,480,203,2300,216253.32,55302,-82,-13,-46,11,2300,203,-13,-82,-47,2300,281,-18,-86,-58,2300,158,-20,-93,-59,
310,38.9169623,-95.32101435,2025/Dec/17,11:25:06,311,480,203,2300,216253.32,55302,-82,-14,-49,11,2300,203,-14,-82,-48,2300,158,-19,-87,-60,
320,38.91681465,-95.32104391666667,2025/Dec/17,11:25:07,311,480,203,2300,216253.32,55302,-84,-18,-45,9,2300,203,-18,-84,-45,
330,38.91664758333334,-95.32104633333333,2025/Dec/17,11:25:08,311,480,203,2300,216253.32,55302,-84,-17,-47,9,2300,203,-16,-84,-48,2300,281,-17,-85,-61,2300,437,-18,-86,-60,
340,38.916479333333335,-95.32100353333334,2025/Dec/17,11:25:09,311,480,203,2300,216253.32,55302,-84,-15,-49,9,2300,203,-15,-84,-49,
350,38.916335133333334,-95.3209923,2025/Dec/17,11:25:10,311,480,203,2300,216253.32,55302,-82,-15,-48,10,2300,203,-15,-83,-48,2300,281,-17,-84,-59,
350,38.916183333333336,-95.32094216666667,2025/Dec/17,11:25:11,311,480,203,2300,216253.32,55302,-83,-15,-48,10,2300,203,-16,-83,-48,2300,281,-17,-85,-60,2300,437,-20,-89,-60,
360,38.916027883333335,-95.32088893333334,2025/Dec/17,11:25:12,311,480,203,2300,216253.32,55302,-84,-16,-49,9,2300,203,-18,-86,-47,2300,437,-20,-88,-60,
360,38.91560286666667,-95.3208052,2025/Dec/17,11:25:15,311,480,203,2300,216253.32,55302,-84,-16,-48,10,2300,203,-16,-84,-48,2300,281,-18,-86,-60,2300,437,-20,-92,-60,2300,386,-18,-86,-60,
360,38.91529195,-95.32080403333333,2025/Dec/17,11:25:17,311,480,203,2300,216253.32,55302,-83,-15,-47,10,2300,203,-15,-83,-49,2300,281,-17,-85,-61,2300,437,-20,-91,-61,
370,38.915145816666666,-95.320767,2025/Dec/17,11:25:18,311,480,203,2300,216253.32,55302,-83,-14,-48,10,2300,203,-14,-83,-49,2300,281,-20,-88,-58,
370,38.91500795,-95.3207291,2025/Dec/17,11:25:19,311,480,203,2300,216253.32,55302,-82,-18,-43,10,2300,203,-18,-82,-43,
370,38.914872216666666,-95.32063546666667,2025/Dec/17,11:25:20,311,480,203,2300,216253.32,55302,-81,-18,-44,11,2300,203,-17,-82,-47,
370,38.914736016666666,-95.32053405,2025/Dec/17,11:25:21,311,480,203,2300,216253.32,55302,-86,-17,-51,8,2300,203,-17,-87,-49,2300,448,-20,-90,-63,
370,38.91461508333333,-95.3204078,2025/Dec/17,11:25:22,311,480,203,2300,216253.32,55302,-88,-17,-51,8,2300,203,-17,-88,-52,2300,110,-19,-93,-63,
370,38.914515566666665,-95.3202612,2025/Dec/17,11:25:23,311,480,203,2300,216253.32,55302,-88,-18,-49,9,2300,203,-19,-87,-46,
370,38.91442121666667,-95.32010658333333,2025/Dec/17,11:25:24,311,480,203,2300,216253.32,55302,-85,-17,-50,10,2300,203,-16,-85,-49,
370,38.91434876666667,-95.31994556666666,2025/Dec/17,11:25:25,311,480,203,2300,216253.32,55302,-87,-16,-48,10,2300,203,-16,-87,-50,
370,38.9142789,-95.31976476666667,2025/Dec/17,11:25:26,311,480,203,2300,216253.32,55302,-87,-16,-51,10,2300,203,-16,-87,-51,
370,38.91422873333333,-95.31956636666666,2025/Dec/17,11:25:27,311,480,203,2300,216253.32,55302,-92,-16,-50,9,2300,203,-18,-90,-50,
370,38.914173383333335,-95.31915606666666,2025/Dec/17,11:25:29,311,480,203,2300,216253.32,55302,-90,-16,-52,10,2300,203,-15,-89,-51,2300,110,-19,-90,-62,
370,38.91416265,-95.31896186666667,2025/Dec/17,11:25:30,311,480,203,2300,216253.32,55302,-88,-13,-52,10,2300,203,-13,-87,-51,2300,110,-19,-91,-64,
370,38.91416565,-95.3187597,2025/Dec/17,11:25:31,311,480,203,2300,216253.32,55302,-87,-13,-50,10,2300,203,-14,-87,-51,2300,202,-19,-93,-63,
370,38.914173016666666,-95.31856481666667,2025/Dec/17,11:25:32,311,480,203,2300,216253.32,55302,-89,-18,-51,8,2300,203,-18,-90,-49,2300,386,-20,-93,-63,
370,38.9141949,-95.31837275,2025/Dec/17,11:25:33,311,480,203,2300,216253.32,55302,-91,-18,-51,8,2300,203,-18,-91,-53,2300,386,-18,-92,-63,
370,38.91422566666667,-95.31818238333334,2025/Dec/17,11:25:34,311,480,203,2300,216253.32,55302,-92,-16,-54,8,2300,203,-16,-90,-52,2300,386,-19,-95,-64,2300,110,-16,-88,-64,
370,38.91425923333333,-95.31798538333334,2025/Dec/17,11:25:35,311,480,203,2300,216253.32,55302,-90,-15,-52,9,2300,203,-15,-90,-51,2300,110,-18,-89,-64,
370,38.91429518333333,-95.3177829,2025/Dec/17,11:25:36,311,480,203,2300,216253.32,55302,-89,-16,-50,10,2300,203,-16,-89,-50,2300,110,-20,-91,-62,
370,38.91431203333333,-95.3175903,2025/Dec/17,11:25:37,311,480,203,2300,216253.32,55302,-91,-16,-52,9,2300,203,-15,-90,-51,2300,437,-20,-92,-62,2300,110,-20,-91,-62,
370,38.91433286666667,-95.3173909,2025/Dec/17,11:25:38,311,480,203,2300,216253.32,55302,-92,-15,-53,9,2300,203,-19,-94,-51,2300,386,-17,-99,-64,2300,437,-20,-92,-63,
370,38.9143476,-95.31701848333333,2025/Dec/17,11:25:40,65535,65535,386,-1,16777215.255,65535,-83,-14,-58,10,775,374,-20,-95,-63,775,386,-14,-82,-52,
320,38.91432928333333,-95.31603616666666,2025/Dec/17,11:25:45,311,480,386,775,216150.34,55302,-81,-13,-52,10,775,374,-20,-95,-61,775,386,-13,-81,-53,
330,38.9143673,-95.31583038333333,2025/Dec/17,11:25:46,311,480,386,775,216150.34,55302,-81,-13,-52,9,775,110,-19,-88,-62,775,386,-13,-82,-55,775,104,-20,-89,-63,
340,38.9144253,-95.31561875,2025/Dec/17,11:25:47,311,480,386,775,216150.34,55302,-85,-18,-55,7,775,104,-20,-90,-60,775,386,-19,-86,-54,775,369,-20,-99,-61,
350,38.91447915,-95.31541781666667,2025/Dec/17,11:25:48,311,480,386,775,216150.34,55302,-86,-19,-52,8,775,104,-20,-91,-62,775,386,-17,-85,-56,
350,38.91454628333334,-95.31523186666666,2025/Dec/17,11:25:49,311,480,386,775,216150.34,55302,-81,-13,-56,12,775,386,-13,-80,-51,
350,38.91461713333333,-95.31503296666666,2025/Dec/17,11:25:50,311,480,386,775,216150.34,55302,-80,-12,-52,12,775,386,-14,-81,-48,775,110,-20,-92,-56,775,104,-20,-92,-56,
360,38.91469038333334,-95.31464498333334,2025/Dec/17,11:25:52,311,480,386,775,216150.34,55302,-84,-17,-51,11,775,386,-17,-86,-53,775,110,-20,-90,-60,775,437,-20,-93,-60,775,203,-19,-86,-60,
360,38.91470461666667,-95.31445561666666,2025/Dec/17,11:25:53,311,480,386,775,216150.34,55302,-88,-14,-54,10,775,386,-15,-88,-54,775,110,-17,-87,-61,775,437,-20,-96,-61,
360,38.9146867,-95.3142593,2025/Dec/17,11:25:54,311,480,386,775,216150.34,55302,-91,-18,-55,8,775,386,-18,-91,-55,775,110,-15,-86,-61,775,437,-20,-96,-61,775,374,-20,-90,-61,775,203,-20,-91,-61,
360,38.91466843333333,-95.31404336666667,2025/Dec/17,11:25:55,311,480,386,775,216150.34,55302,-90,-15,-58,10,775,386,-13,-87,-55,775,110,-17,-86,-60,775,202,-19,-88,-61,775,203,-20,-88,-61,
360,38.91465311666666,-95.31384628333333,2025/Dec/17,11:25:56,311,480,386,775,216150.34,55302,-81,-15,-49,14,775,386,-16,-81,-48,775,374,-20,-91,-56,775,203,-20,-91,-56,
360,38.914631283333335,-95.31363918333334,2025/Dec/17,11:25:57,311,480,386,775,216150.34,55302,-82,-17,-51,10,775,386,-16,-83,-54,775,203,-20,-87,-60,
360,38.91461138333333,-95.31342411666667,2025/Dec/17,11:25:58,311,480,386,775,216150.34,55302,-89,-18,-56,8,775,386,-19,-92,-59,775,104,-19,-90,-64,775,203,-19,-93,-64,775,374,-20,-93,-65,775,373,-20,-95,-64,775,369,-17,-88,-64,
370,38.9146246,-95.31321256666666,2025/Dec/17,11:25:59,311,480,369,775,216158.14,55302,-92,-20,-58,8,775,369,-20,-92,-58,775,110,-17,-89,-65,
370,38.914667,-95.31301198333334,2025/Dec/17,11:26:00,311,480,110,775,216458.34,55302,-87,-16,-53,7,775,110,-16,-86,-57,775,369,-20,-89,-60,775,104,-20,-89,-60,
340,38.91474023333333,-95.31282016666667,2025/Dec/17,11:26:01,311,480,110,775,216458.34,55302,-82,-16,-48,8,775,110,-16,-82,-52,775,104,-20,-87,-59,
350,38.9148377,-95.3126469,2025/Dec/17,11:26:02,311,480,386,775,216150.34,55302,-76,-12,-52,12,775,110,-18,-83,-52,775,386,-13,-76,-45,
360,38.91512175,-95.31243775,2025/Dec/17,11:26:04,311,480,386,775,216150.34,55302,-76,-13,-49,13,775,386,-12,-76,-51,
360,38.91527081666667,-95.31237173333334,2025/Dec/17,11:26:05,311,480,386,775,216150.34,55302,-76,-13,-49,12,775,386,-13,-76,-49,
360,38.91543155,-95.31230943333334,2025/Dec/17,11:26:06,311,480,386,775,216150.34,55302,-78,-14,-49,9,775,386,-14,-78,-49,775,110,-16,-81,-56,
360,38.91559796666667,-95.3122728,2025/Dec/17,11:26:07,311,480,386,775,216150.34,55302,-81,-17,-49,7,775,386,-18,-82,-49,775,110,-16,-81,-56,
360,38.915768066666665,-95.31225338333333,2025/Dec/17,11:26:08,311,480,386,775,216150.34,55302,-92,-20,-52,5,775,386,-20,-92,-52,775,110,-14,-81,-58,775,104,-17,-85,-59,775,332,-20,-91,-59,
360,38.91594011666667,-95.31225496666667,2025/Dec/17,11:26:09,311,480,110,775,216458.34,55302,-85,-17,-51,9,775,104,-18,-83,-58,775,110,-17,-85,-51,775,386,-15,-80,-58,
360,38.91611595,-95.31226433333333,2025/Dec/17,11:26:10,311,480,386,775,216150.34,55302,-76,-17,-45,13,775,386,-12,-75,-48,
370,38.916619116666666,-95.31234613333334,2025/Dec/17,11:26:13,311,480,386,775,216150.34,55302,-75,-13,-49,12,775,386,-13,-75,-47,775,104,-20,-83,-53,775,110,-16,-87,-53,
370,38.916948633333334,-95.31243493333334,2025/Dec/17,11:26:15,311,480,386,5230,216150.3,55302,-76,-15,-43,10,5230,386,-15,-77,-46,5230,110,-16,-78,-58,
370,38.91711965,-95.3124886,2025/Dec/17,11:26:16,311,480,386,5230,216150.3,55302,-77,-15,-45,9,5230,386,-15,-76,-44,5230,110,-16,-77,-53,
340,38.91728395,-95.31254593333334,2025/Dec/17,11:26:17,311,480,386,5230,216150.3,55302,-75,-14,-43,10,5230,386,-13,-74,-45,
350,38.91745506666667,-95.31261241666667,2025/Dec/17,11:26:18,311,480,386,5230,216150.3,55302,-74,-13,-45,11,5230,386,-12,-74,-43,
350,38.9176265,-95.31269223333334,2025/Dec/17,11:26:19,311,480,386,5230,216150.3,55302,-74,-12,-45,11,5230,386,-13,-74,-45,
350,38.917784233333336,-95.31281108333333,2025/Dec/17,11:26:20,311,480,386,5230,216150.3,55302,-78,-18,-47,8,5230,386,-18,-78,-44,
360,38.9179289,-95.31294226666667,2025/Dec/17,11:26:21,311,480,386,5230,216150.3,55302,-74,-16,-38,10,5230,386,-16,-73,-38,
360,38.91806523333333,-95.31309908333333,2025/Dec/17,11:26:22,311,480,386,5230,216150.3,55302,-71,-15,-36,10,5230,386,-15,-71,-36,
360,38.918176833333334,-95.3133074,2025/Dec/17,11:26:23,311,480,386,5230,216150.3,55302,-71,-15,-38,9,5230,386,-16,-72,-38,
360,38.918270983333336,-95.3135164,2025/Dec/17,11:26:24,311,480,386,5230,216150.3,55302,-74,-17,-40,8,5230,386,-17,-75,-40,
360,38.918326216666664,-95.31373073333333,2025/Dec/17,11:26:25,311,480,386,5230,216150.3,55302,-77,-17,-42,7,5230,386,-17,-77,-43,
360,38.91838753333333,-95.31418486666666,2025/Dec/17,11:26:27,311,480,386,5230,216150.3,55302,-80,-19,-44,6,5230,386,-19,-81,-44,
370,38.91837843333333,-95.3143866,2025/Dec/17,11:26:28,311,480,386,5230,216150.3,55302,-82,-20,-45,5,5230,386,-20,-83,-45,
370,38.91835635,-95.3145965,2025/Dec/17,11:26:29,311,480,386,5230,216150.3,55302,-86,-20,-45,4,5230,386,-20,-86,-46,5230,203,-19,-82,-54,5230,32,-20,-92,-54,
370,38.91832725,-95.3148057,2025/Dec/17,11:26:30,311,480,386,5230,216150.3,55302,-87,-20,-45,4,5230,386,-20,-86,-45,5230,203,-20,-85,-54,
370,38.91828003333333,-95.3150171,2025/Dec/17,11:26:31,311,480,386,5230,216150.3,55302,-83,-20,-46,5,5230,386,-19,-82,-45,5230,203,-18,-81,-55,
370,38.91825013333333,-95.31519883333333,2025/Dec/17,11:26:32,311,480,386,5230,216150.3,55302,-79,-18,-42,4,5230,386,-18,-78,-41,5230,203,-14,-74,-51,
370,38.91822005,-95.31539835,2025/Dec/17,11:26:33,311,480,203,5230,216253.3,55302,-73,-13,-41,10,5230,203,-13,-72,-41,5230,386,-20,-83,-52,
370,38.91817688333333,-95.31560251666667,2025/Dec/17,11:26:34,311,480,386,2300,216150.32,55302,-82,-15,-47,9,2300,386,-16,-82,-46,2300,203,-20,-92,-58,2300,281,-18,-83,-58,
370,38.91810345,-95.31579115,2025/Dec/17,11:26:35,311,480,386,2300,216150.32,55302,-86,-18,-47,7,2300,386,-19,-87,-48,2300,203,-20,-93,-60,2300,281,-17,-84,-60,2300,110,-17,-84,-60,
370,38.918000733333336,-95.31597283333333,2025/Dec/17,11:26:36,311,480,386,2300,216150.32,55302,-89,-20,-49,6,2300,386,-19,-89,-49,2300,104,-18,-88,-61,2300,110,-14,-84,-62,
370,38.91791705,-95.3161565,2025/Dec/17,11:26:37,311,480,386,2300,216150.32,55302,-85,-19,-46,8,2300,386,-15,-81,-46,
360,38.91774455,-95.31673636666666,2025/Dec/17,11:26:40,311,480,386,2300,216150.32,55302,-83,-17,-44,9,2300,386,-17,-83,-44,2300,203,-18,-85,-57,
370,38.91770003333333,-95.31715165,2025/Dec/17,11:26:42,311,480,386,2300,216150.32,55302,-85,-17,-48,8,2300,386,-17,-85,-48,2300,203,-15,-83,-59,
370,38.91771505,-95.31735793333333,2025/Dec/17,11:26:43,311,480,386,2300,216150.32,55302,-87,-19,-49,7,2300,386,-19,-87,-49,2300,203,-15,-83,-60,2300,281,-20,-89,-60,
370,38.9177521,-95.31777486666667,2025/Dec/17,11:26:45,311,480,386,2300,216150.32,55302,-88,-19,-47,6,2300,386,-20,-88,-46,2300,203,-16,-84,-60,2300,281,-19,-86,-60,
370,38.91779433333333,-95.31798485,2025/Dec/17,11:26:46,311,480,203,2300,216253.32,55302,-87,-18,-49,7,2300,203,-19,-88,-49,2300,281,-17,-86,-61,
370,38.917836916666666,-95.3181859,2025/Dec/17,11:26:47,311,480,203,2300,216253.32,55302,-89,-20,-47,7,2300,203,-20,-88,-47,2300,110,-15,-83,-60,2300,437,-20,-93,-60,2300,281,-17,-85,-60,
370,38.91788205,-95.31837806666667,2025/Dec/17,11:26:48,311,480,203,2300,216253.32,55302,-88,-20,-47,7,2300,203,-18,-85,-46,2300,110,-15,-82,-59,
370,38.91791861666667,-95.31860325,2025/Dec/17,11:26:49,311,480,386,2300,216150.32,55302,-81,-14,-47,10,2300,386,-14,-81,-47,2300,110,-15,-81,-58,
370,38.917933166666664,-95.31882071666666,2025/Dec/17,11:26:50,311,480,386,2300,216150.32,55302,-80,-13,-46,10,2300,386,-14,-80,-46,2300,123,-20,-92,-58,
370,38.91793928333333,-95.31902313333333,2025/Dec/17,11:26:51,311,480,386,2300,216150.32,55302,-82,-15,-46,8,2300,386,-16,-82,-46,
370,38.91793946666667,-95.31922933333334,2025/Dec/17,11:26:52,311,480,203,2300,216253.32,55302,-83,-15,-48,8,2300,203,-16,-83,-47,
370,38.917942483333334,-95.31945275,2025/Dec/17,11:26:53,311,480,203,2300,216253.32,55302,-84,-17,-47,7,2300,203,-18,-85,-47,2300,110,-17,-85,-59,2300,386,-13,-80,-59,
290,38.917907516666666,-95.31965843333333,2025/Dec/17,11:26:54,311,480,203,2300,216253.32,55302,-88,-20,-44,5,2300,203,-20,-87,-45,2300,386,-12,-77,-57,2300,110,-17,-82,-57,
310,38.91787061666667,-95.31985423333333,2025/Dec/17,11:26:55,311,480,386,775,216150.34,55302,-71,-10,-48,13,775,386,-11,-72,-48,
320,38.91780216666667,-95.3200615,2025/Dec/17,11:26:56,311,480,386,775,216150.34,55302,-75,-12,-49,11,775,386,-11,-75,-49,775,110,-18,-81,-55,
330,38.917731,-95.32024423333333,2025/Dec/17,11:26:57,311,480,203,5230,216253.3,55302,-81,-18,-45,4,5230,203,-17,-81,-46,5230,386,-12,-75,-55,
340,38.91765085,-95.32040545,2025/Dec/17,11:26:58,311,480,386,5230,216150.3,55302,-79,-18,-42,8,5230,110,-18,-80,-53,5230,386,-16,-78,-44,
350,38.91753886666667,-95.32055861666667,2025/Dec/17,11:26:59,311,480,386,5230,216150.3,55302,-73,-12,-44,11,5230,386,-12,-73,-43,
350,38.91739928333333,-95.32066925,2025/Dec/17,11:27:00,311,480,386,5230,216150.3,55302,-73,-12,-44,11,5230,386,-12,-73,-44,5230,203,-20,-83,-54,5230,110,-20,-91,-54,
360,38.917108400000004,-95.3207907,2025/Dec/17,11:27:02,311,480,386,5230,216150.3,55302,-73,-12,-45,11,5230,386,-13,-74,-44,5230,203,-19,-84,-53,5230,110,-20,-84,-53,
360,38.916961783333335,-95.32083323333333,2025/Dec/17,11:27:03,311,480,386,5230,216150.3,55302,-74,-13,-43,10,5230,386,-14,-75,-44,5230,203,-20,-84,-54,
360,38.9168164,-95.32083985,2025/Dec/17,11:27:04,311,480,386,5230,216150.3,55302,-75,-14,-43,9,5230,386,-14,-75,-43,5230,203,-20,-89,-52,5230,437,-20,-90,-52,
360,38.91667183333333,-95.32083678333333,2025/Dec/17,11:27:05,311,480,386,5230,216150.3,55302,-75,-15,-43,9,5230,386,-14,-75,-43,5230,203,-19,-81,-54,
360,38.91652908333333,-95.32082516666667,2025/Dec/17,11:27:06,311,480,386,5230,216150.3,55302,-74,-13,-43,11,5230,386,-13,-73,-43,5230,203,-20,-82,-53,5230,110,-20,-87,-54,
360,38.916248949999996,-95.32080713333333,2025/Dec/17,11:27:08,311,480,386,5230,216150.3,55302,-75,-15,-46,9,5230,386,-14,-75,-44,5230,203,-18,-80,-54,
370,38.91596903333333,-95.32081223333333,2025/Dec/17,11:27:10,311,480,386,5230,216150.3,55302,-75,-16,-41,8,5230,386,-16,-75,-41,5230,203,-19,-79,-52,
370,38.91581741666667,-95.32078823333333,2025/Dec/17,11:27:11,311,480,386,5230,216150.3,55302,-75,-16,-41,8,5230,386,-17,-76,-43,5230,203,-18,-78,-52,
370,38.91567258333333,-95.32075498333333,2025/Dec/17,11:27:12,311,480,386,5230,216150.3,55302,-77,-16,-45,8,5230,386,-16,-77,-43,5230,158,-20,-82,-52,
370,38.91538285,-95.32069968333333,2025/Dec/17,11:27:14,311,480,386,5230,216150.3,55302,-78,-17,-44,6,5230,386,-17,-77,-43,5230,158,-20,-83,-53,
370,38.915236666666665,-95.32065815,2025/Dec/17,11:27:15,311,480,386,5230,216150.3,55302,-78,-17,-44,4,5230,386,-17,-78,-43,5230,158,-20,-91,-53,5230,330,-18,-80,-54,
370,38.91512165,-95.32063603333333,2025/Dec/17,11:27:16,311,480,386,5230,216150.3,55302,-78,-16,-45,5,5230,386,-16,-78,-45,5230,203,-20,-83,-55,
370,38.9149893,-95.32057146666666,2025/Dec/17,11:27:17,311,480,386,5230,216150.3,55302,-79,-16,-44,4,5230,386,-16,-79,-44,5230,330,-18,-84,-55,5230,203,-20,-86,-55,5230,437,-20,-86,-55,
370,38.9148601,-95.32049291666667,2025/Dec/17,11:27:18,311,480,386,5230,216150.3,55302,-82,-20,-44,5,5230,386,-20,-82,-44,5230,330,-20,-87,-54,
370,38.91474218333333,-95.32039223333334,2025/Dec/17,11:27:19,311,480,203,5230,216253.3,55302,-75,-13,-44,10,5230,203,-13,-75,-43,5230,330,-20,-89,-54,
370,38.9145171,-95.32013638333333,2025/Dec/17,11:27:21,311,480,203,2300,216253.32,55302,-85,-16,-50,8,2300,203,-16,-86,-50,2300,437,-20,-90,-62,
370,38.914403566666664,-95.31999465,2025/Dec/17,11:27:22,311,480,203,2300,216253.32,55302,-86,-18,-46,8,2300,203,-18,-87,-48,
370,38.9143214,-95.31983236666666,2025/Dec/17,11:27:23,311,480,203,2300,216253.32,55302,-85,-17,-48,10,2300,203,-16,-85,-49,
370,38.91424871666667,-95.31965076666667,2025/Dec/17,11:27:24,311,480,203,2300,216253.32,55302,-85,-15,-50,9,2300,203,-16,-86,-50,2300,437,-20,-90,-61,
370,38.91414808333333,-95.31930783333334,2025/Dec/17,11:27:26,311,480,203,2300,216253.32,55302,-89,-20,-49,7,2300,203,-20,-90,-49,2300,437,-20,-91,-61,
370,38.9141149,-95.31911915,2025/Dec/17,11:27:27,311,480,203,2300,216253.32,55302,-93,-19,-52,8,2300,203,-18,-94,-52,2300,281,-18,-90,-64,2300,386,-17,-97,-64,
370,38.9140909,-95.31892285,2025/Dec/17,11:27:28,311,480,203,2300,216253.32,55302,-90,-17,-51,9,2300,203,-16,-90,-51,2300,386,-17,-91,-64,
370,38.9140776,-95.31873691666667,2025/Dec/17,11:27:29,311,480,203,2300,216253.32,55302,-88,-16,-50,9,2300,203,-16,-88,-51,2300,110,-17,-88,-63,2300,386,-20,-102,-64,
370,38.914074416666665,-95.31854571666666,2025/Dec/17,11:27:30,311,480,203,2300,216253.32,55302,-89,-19,-49,7,2300,203,-19,-90,-49,2300,386,-20,-100,-63,2300,256,-18,-89,-63,
370,38.91409,-95.3183507,2025/Dec/17,11:27:31,311,480,203,2300,216253.32,55302,-95,-20,-51,6,2300,203,-20,-96,-50,2300,110,-20,-97,-64,2300,256,-18,-90,-64,
370,38.914117833333336,-95.31814895,2025/Dec/17,11:27:32,311,480,203,2300,216253.32,55302,-97,-19,-50,6,2300,203,-19,-96,-50,2300,386,-14,-85,-62,2300,256,-19,-90,-63,
370,38.914179483333335,-95.3179504,2025/Dec/17,11:27:33,311,480,203,2300,216253.32,55302,-96,-18,-51,7,2300,203,-18,-96,-50,2300,386,-12,-83,-62,2300,256,-19,-90,-63,
370,38.914238133333335,-95.31775861666667,2025/Dec/17,11:27:34,311,480,203,2300,216253.32,55302,-98,-17,-51,8,2300,203,-17,-98,-52,2300,256,-18,-90,-64,
370,38.91428915,-95.31756643333334,2025/Dec/17,11:27:35,311,480,203,2300,216253.32,55302,-95,-19,-51,8,2300,203,-19,-89,-50,2300,386,-20,-95,-62,
380,38.9144952,-95.3168174,2025/Dec/17,11:27:39,311,480,203,2300,216253.32,55302,-90,-19,-52,8,2300,203,-17,-91,-51,2300,261,-20,-96,-65,
380,38.91453443333333,-95.31663146666666,2025/Dec/17,11:27:40,311,480,203,2300,216253.32,55302,-89,-16,-50,8,2300,203,-16,-89,-50,2300,202,-20,-98,-63,2300,110,-19,-91,-63,
380,38.9145649,-95.31643776666667,2025/Dec/17,11:27:41,311,480,203,2300,216253.32,55302,-92,-20,-51,8,2300,203,-20,-92,-51,2300,110,-19,-90,-62,
380,38.914585366666664,-95.31623345,2025/Dec/17,11:27:42,311,480,203,2300,216253.32,55302,-92,-20,-53,7,2300,203,-19,-94,-52,2300,110,-18,-90,-65,
380,38.91460226666667,-95.31602046666667,2025/Dec/17,11:27:43,311,480,203,2300,216253.32,55302,-91,-17,-51,8,2300,203,-17,-91,-51,2300,110,-17,-89,-64,2300,202,-20,-95,-64,
380,38.91461543333333,-95.31580308333334,2025/Dec/17,11:27:44,311,480,203,2300,216253.32,55302,-90,-17,-50,9,2300,203,-17,-90,-50,
380,38.91463435,-95.31558718333334,2025/Dec/17,11:27:45,311,480,203,2300,216253.32,55302,-91,-18,-52,8,2300,203,-19,-92,-50,2300,386,-18,-91,-64,
380,38.914653466666664,-95.31537931666666,2025/Dec/17,11:27:46,311,480,203,2300,216253.32,55302,-92,-20,-52,7,2300,203,-20,-92,-51,2300,386,-20,-99,-64,
380,38.914664116666664,-95.3151902,2025/Dec/17,11:27:47,311,480,203,2300,216253.32,55302,-92,-19,-50,7,2300,203,-19,-92,-51,2300,386,-17,-90,-63,2300,202,-20,-100,-62,
380,38.9146729,-95.31497311666666,2025/Dec/17,11:27:48,311,480,281,2300,216247.32,55302,-88,-15,-51,7,2300,203,-17,-88,-62,2300,281,-16,-89,-51,2300,386,-20,-100,-62,
380,38.91466161666666,-95.31457416666667,2025/Dec/17,11:27:50,311,480,281,2300,216247.32,55302,-88,-15,-52,7,2300,203,-17,-87,-62,2300,281,-15,-88,-52,
380,38.91464455,-95.31437446666666,2025/Dec/17,11:27:51,311,480,281,2300,216247.32,55302,-89,-15,-53,7,2300,203,-16,-94,-64,2300,281,-16,-89,-54,
380,38.91462271666666,-95.31416976666667,2025/Dec/17,11:27:52,311,480,281,2300,216247.32,55302,-90,-16,-54,7,2300,203,-17,-97,-65,2300,281,-17,-91,-53,
380,38.914604966666666,-95.31395586666666,2025/Dec/17,11:27:53,311,480,281,2300,216247.32,55302,-91,-18,-53,5,2300,281,-18,-91,-53,2300,203,-16,-92,-64,2300,110,-17,-89,-64,
380,38.91459815,-95.31374216666667,2025/Dec/17,11:27:54,311,480,281,2300,216247.32,55302,-94,-19,-52,4,2300,281,-20,-95,-52,2300,203,-15,-89,-63,2300,110,-20,-91,-63,
380,38.91460421666667,-95.31353495,2025/Dec/17,11:27:55,311,480,281,2300,216247.32,55302,-93,-19,-51,6,2300,386,-16,-86,-51,2300,203,-18,-90,-62,2300,110,-20,-96,-62,
380,38.914633816666665,-95.31331791666666,2025/Dec/17,11:27:56,311,480,386,2300,216150.32,55302,-89,-18,-52,8,2300,386,-18,-89,-51,
380,38.914686833333334,-95.31310151666666,2025/Dec/17,11:27:57,311,480,386,2300,216150.32,55302,-91,-19,-52,6,2300,386,-19,-91,-50,2300,110,-19,-91,-62,
380,38.91477278333333,-95.3128857,2025/Dec/17,11:27:58,311,480,386,2300,216150.32,55302,-95,-20,-52,3,2300,386,-20,-96,-52,2300,110,-16,-88,-64,2300,203,-20,-100,-64,
380,38.914871233333336,-95.31270531666667,2025/Dec/17,11:27:59,311,480,386,2300,216150.32,55302,-97,-20,-51,4,2300,386,-20,-96,-50,2300,110,-15,-85,-63,
380,38.91500115,-95.31254125,2025/Dec/17,11:28:00,311,480,110,2300,216458.32,55302,-90,-20,-48,5,2300,386,-14,-83,-47,
300,38.915303,-95.31229216666667,2025/Dec/17,11:28:02,311,480,386,2300,216150.32,55302,-82,-13,-48,9,2300,386,-13,-82,-49,
320,38.9154849,-95.31222365,2025/Dec/17,11:28:03,311,480,386,2300,216150.32,55302,-90,-20,-50,5,2300,386,-20,-92,-51,2300,110,-15,-85,-62,
330,38.91565946666667,-95.31216776666666,2025/Dec/17,11:28:04,311,480,386,775,216150.34,55302,-77,-12,-50,12,775,386,-13,-78,-50,775,110,-14,-80,-56,
360,38.916360366666666,-95.31218788333334,2025/Dec/17,11:28:08,311,480,386,775,216150.34,55302,-76,-17,-44,12,775,386,-17,-77,-44,775,110,-17,-86,-52,
360,38.916527433333336,-95.31222821666667,2025/Dec/17,11:28:09,311,480,386,775,216150.34,55302,-79,-14,-53,11,775,386,-13,-80,-53,775,110,-15,-83,-58,
370,38.91669923333333,-95.31228708333333,2025/Dec/17,11:28:10,311,480,386,775,216150.34,55302,-83,-15,-54,9,775,386,-16,-83,-52,775,110,-15,-86,-59,775,104,-16,-83,-59,
370,38.916883266666666,-95.31234983333333,2025/Dec/17,11:28:11,311,480,386,775,216150.34,55302,-83,-15,-53,9,775,386,-17,-85,-54,775,110,-15,-84,-60,775,104,-16,-84,-59,
370,38.91723868333333,-95.31249315,2025/Dec/17,11:28:13,311,480,386,775,216150.34,55302,-89,-18,-60,8,775,386,-18,-88,-55,775,110,-15,-87,-61,775,104,-15,-84,-61,775,203,-20,-92,-61,
370,38.91742146666667,-95.31256168333333,2025/Dec/17,11:28:14,311,480,386,775,216150.34,55302,-85,-17,-53,6,775,386,-16,-84,-53,775,104,-16,-85,-60,
370,38.917600283333336,-95.31263723333333,2025/Dec/17,11:28:15,311,480,386,5230,216150.3,55302,-81,-18,-47,7,5230,386,-19,-82,-45,
380,38.917773966666665,-95.31272233333334,2025/Dec/17,11:28:16,311,480,386,5230,216150.3,55302,-87,-20,-45,5,5230,386,-20,-86,-42,5230,437,-20,-93,-55,
380,38.917936616666665,-95.31283045,2025/Dec/17,11:28:17,311,480,386,5230,216150.3,55302,-88,-20,-45,4,5230,386,-20,-88,-43,5230,202,-18,-79,-53,5230,437,-20,-81,-52,5230,110,-20,-81,-52,
380,38.91807595,-95.31297971666666,2025/Dec/17,11:28:18,311,480,203,5230,216253.3,55302,-80,-17,-46,7,5230,203,-17,-80,-45,5230,386,-19,-81,-54,
380,38.9181983,-95.3131808,2025/Dec/17,11:28:19,311,480,203,5230,216253.3,55302,-79,-17,-44,7,5230,203,-17,-79,-44,
370,38.918284283333335,-95.31339278333333,2025/Dec/17,11:28:20,
380,38.9183345,-95.31360263333333,2025/Dec/17,11:28:21,311,480,203,5230,216253.3,55302,-78,-17,-45,8,5230,203,-15,-77,-44,5230,386,-20,-81,-53,
380,38.918355,-95.31381088333333,2025/Dec/17,11:28:22,311,480,203,5230,216253.3,55302,-78,-19,-40,7,5230,203,-20,-78,-40,
380,38.91835841666666,-95.31402451666666,2025/Dec/17,11:28:23,311,480,110,2300,216458.32,55302,-85,-17,-47,8,2300,203,-19,-85,-58,2300,110,-18,-85,-46,2300,386,-13,-79,-59,
380,38.91833401666667,-95.3144367,2025/Dec/17,11:28:25,311,480,386,2300,216150.32,55302,-81,-15,-46,10,2300,203,-17,-83,-57,2300,110,-16,-82,-57,2300,386,-15,-81,-45,
380,38.9182987,-95.31463633333334,2025/Dec/17,11:28:26,311,480,386,2300,216150.32,55302,-82,-15,-47,9,2300,203,-17,-83,-58,2300,386,-15,-82,-46,
320,38.91825965,-95.3148418,2025/Dec/17,11:28:27,311,480,386,2300,216150.32,55302,-85,-20,-44,7,2300,203,-19,-84,-57,2300,386,-20,-86,-44,
340,38.91822406666667,-95.31503656666666,2025/Dec/17,11:28:28,311,480,386,2300,216150.32,55302,-89,-20,-48,5,2300,386,-20,-90,-47,
350,38.91817626666667,-95.31523458333334,2025/Dec/17,11:28:29,311,480,386,775,216150.34,55302,-76,-16,-47,12,775,386,-15,-76,-47,775,110,-20,-82,-56,
350,38.918123183333336,-95.31543715,2025/Dec/17,11:28:30,65535,65535,203,-1,16777215.255,65535,-75,-13,-53,0,5230,203,-20,-81,-43,
360,38.918079383333335,-95.31561745,2025/Dec/17,11:28:31,65535,65535,386,-1,16777215.255,65535,-77,-15,-45,8,5230,386,-15,-77,-44,5230,110,-20,-83,-54,
360,38.91802656666667,-95.31579896666666,2025/Dec/17,11:28:32,311,480,386,5230,216150.3,55302,-78,-16,-44,7,5230,386,-20,-87,-43,5230,437,-20,-82,-54,5230,110,-20,-87,-54,5230,330,-20,-88,-53,
370,38.9179586,-95.31617183333333,2025/Dec/17,11:28:34,311,480,386,5230,216150.3,55302,-79,-19,-44,6,5230,386,-16,-77,-43,5230,203,-20,-86,-53,
370,38.917903433333336,-95.31678231666666,2025/Dec/17,11:28:37,311,480,386,5230,216150.3,55302,-74,-15,-38,7,5230,386,-15,-73,-40,5230,203,-18,-77,-51,
370,38.91788243333333,-95.31699525,2025/Dec/17,11:28:38,311,480,386,5230,216150.3,55302,-74,-15,-42,6,5230,386,-16,-75,-43,5230,203,-17,-77,-52,5230,437,-20,-87,-52,
370,38.91786881666667,-95.3172006,2025/Dec/17,11:28:39,311,480,386,5230,216150.3,55302,-81,-20,-41,6,5230,386,-20,-79,-41,5230,330,-20,-88,-52,5230,203,-20,-89,-51,
370,38.91785205,-95.31742441666667,2025/Dec/17,11:28:40,311,480,386,5230,216150.3,55302,-73,-15,-40,6,5230,386,-15,-73,-37,5230,203,-14,-74,-52,
370,38.91785146666667,-95.31765713333333,2025/Dec/17,11:28:41,311,480,386,5230,216150.3,55302,-73,-15,-43,4,5230,386,-15,-74,-43,5230,110,-20,-89,-53,
360,38.91785938333334,-95.3178988,2025/Dec/17,11:28:42,311,480,386,5230,216150.3,55302,-81,-19,-44,3,5230,386,-20,-81,-45,5230,110,-20,-87,-55,
360,38.917885033333334,-95.31814098333334,2025/Dec/17,11:28:43,311,480,386,5230,216150.3,55302,-77,-19,-40,7,5230,386,-19,-79,-40,5230,110,-20,-89,-61,
360,38.91793215,-95.31837325,2025/Dec/17,11:28:44,311,480,386,5230,216150.3,55302,-84,-20,-44,5,5230,386,-20,-82,-42,5230,281,-17,-79,-52,5230,203,-19,-79,-52,
360,38.91798563333333,-95.3185915,2025/Dec/17,11:28:45,311,480,386,5230,216150.3,55302,-73,-12,-44,7,5230,386,-11,-73,-44,5230,203,-16,-78,-53,
360,38.918040016666666,-95.31881641666666,2025/Dec/17,11:28:46,311,480,386,5230,216150.3,55302,-73,-13,-44,7,5230,386,-12,-73,-44,5230,203,-16,-77,-54,
360,38.9181106,-95.31905848333334,2025/Dec/17,11:28:47,311,480,386,5230,216150.3,55302,-73,-17,-37,6,5230,386,-17,-73,-39,5230,203,-19,-75,-48,
360,38.918228383333336,-95.31957176666667,2025/Dec/17,11:28:49,311,480,386,5230,216150.3,55302,-73,-12,-44,8,5230,386,-13,-73,-43,5230,203,-15,-77,-54,
360,38.91829061666667,-95.31982578333333,2025/Dec/17,11:28:50,311,480,386,5230,216150.3,55302,-76,-14,-45,6,5230,386,-14,-76,-46,5230,203,-14,-76,-55,
350,38.91835566666666,-95.3200801,2025/Dec/17,11:28:51,311,480,386,5230,216150.3,55302,-85,-20,-46,4,5230,203,-14,-77,-46,
350,38.918412716666666,-95.3203375,2025/Dec/17,11:28:52,311,480,203,5230,216253.3,55302,-79,-16,-43,8,5230,203,-17,-79,-43,5230,104,-20,-92,-53,
350,38.9184671,-95.32059276666666,2025/Dec/17,11:28:53,311,480,203,5230,216253.3,55302,-81,-20,-43,6,5230,203,-19,-81,-45,5230,386,-17,-79,-55,
350,38.918495166666666,-95.32085266666667,2025/Dec/17,11:28:54,311,480,203,5230,216253.3,55302,-79,-18,-44,7,5230,203,-18,-79,-44,5230,386,-16,-78,-53,5230,281,-17,-80,-54,5230,330,-20,-87,-53,
350,38.91850001666667,-95.32110641666667,2025/Dec/17,11:28:55,311,480,203,5230,216253.3,55302,-78,-16,-44,9,5230,203,-16,-78,-42,5230,434,-20,-91,-54,
350,38.918487883333334,-95.32135698333333,2025/Dec/17,11:28:56,311,480,203,5230,216253.3,55302,-79,-17,-48,8,5230,203,-17,-78,-42,5230,386,-19,-81,-51,5230,330,-20,-91,-51,
350,38.91846043333334,-95.32161746666667,2025/Dec/17,11:28:57,311,480,203,5230,216253.3,55302,-76,-18,-41,9,5230,203,-16,-76,-44,5230,330,-20,-86,-54,
350,38.9184316,-95.32185991666667,2025/Dec/17,11:28:58,311,480,203,5230,216253.3,55302,-79,-17,-45,8,5230,203,-16,-79,-45,5230,386,-20,-85,-55,
350,38.918389266666665,-95.32208448333333,2025/Dec/17,11:28:59,311,480,203,5230,216253.3,55302,-74,-13,-43,9,5230,203,-13,-74,-44,
350,38.918264183333335,-95.32248586666667,2025/Dec/17,11:29:01,311,480,203,5230,216253.3,55302,-73,-13,-43,9,5230,386,-10,-69,-50,
350,38.91783948333333,-95.32288588333333,2025/Dec/17,11:29:04,311,480,386,5230,216150.3,55302,-70,-12,-40,12,5230,386,-12,-70,-40,5230,203,-16,-82,-50,
340,38.91766868333333,-95.32295715,2025/Dec/17,11:29:05,311,480,386,5230,216150.3,55302,-72,-14,-39,11,5230,386,-15,-73,-43,5230,104,-20,-80,-50,
340,38.91749096666667,-95.32300435,2025/Dec/17,11:29:06,311,480,386,5230,216150.3,55302,-85,-20,-48,5,5230,386,-20,-86,-47,5230,104,-18,-82,-56,
340,38.91730698333333,-95.32301418333333,2025/Dec/17,11:29:07,311,480,386,5230,216150.3,55302,-80,-17,-46,4,5230,386,-16,-79,-46,5230,110,-20,-91,-54,
340,38.9171395,-95.32300001666667,2025/Dec/17,11:29:08,311,480,386,5230,216150.3,55302,-77,-15,-45,5,5230,386,-15,-77,-44,5230,330,-15,-78,-55,
340,38.91696715,-95.32294985,2025/Dec/17,11:29:09,311,480,386,5230,216150.3,55302,-81,-17,-46,7,5230,386,-18,-81,-46,5230,281,-16,-79,-56,5230,203,-17,-80,-56,
330,38.91680688333334,-95.32286676666666,2025/Dec/17,11:29:10,311,480,203,5230,216253.3,55302,-72,-12,-43,11,5230,203,-12,-73,-44,5230,437,-15,-76,-54,
330,38.91653421666667,-95.32259173333334,2025/Dec/17,11:29:12,311,480,203,5230,216253.3,55302,-79,-15,-46,8,5230,203,-15,-79,-46,5230,437,-15,-79,-56,5230,281,-16,-80,-56,
330,38.91643188333333,-95.3224081,2025/Dec/17,11:29:13,311,480,203,5230,216253.3,55302,-79,-16,-46,7,5230,203,-15,-78,-46,5230,437,-13,-78,-56,5230,281,-17,-80,-55,
320,38.91633973333333,-95.3222119,2025/Dec/17,11:29:14,311,480,203,5230,216253.3,55302,-77,-14,-45,7,5230,203,-14,-77,-45,5230,437,-15,-80,-57,
320,38.916256983333334,-95.32200088333333,2025/Dec/17,11:29:15,311,480,203,5230,216253.3,55302,-76,-12,-47,8,5230,203,-12,-76,-47,5230,437,-16,-80,-55,
320,38.9161917,-95.32177881666667,2025/Dec/17,11:29:16,311,480,203,5230,216253.3,55302,-74,-13,-43,9,5230,203,-13,-74,-43,5230,437,-17,-80,-54,
320,38.91613275,-95.32156893333334,2025/Dec/17,11:29:17,311,480,203,5230,216253.3,55302,-73,-11,-42,9,5230,203,-11,-73,-42,5230,437,-17,-79,-53,
320,38.91607285,-95.32135823333333,2025/Dec/17,11:29:18,311,480,203,5230,216253.3,55302,-74,-12,-44,9,5230,203,-12,-75,-45,5230,437,-16,-78,-55,
320,38.9160125,-95.3211449,2025/Dec/17,11:29:19,311,480,203,5230,216253.3,55302,-80,-15,-48,5,5230,203,-16,-81,-48,5230,437,-16,-81,-57,
320,38.9159595,-95.32095123333333,2025/Dec/17,11:29:20,311,480,203,5230,216253.3,55302,-81,-16,-48,3,5230,203,-15,-81,-48,5230,437,-20,-87,-58,5230,374,-17,-81,-56,5230,386,-15,-80,-56,
320,38.91591476666667,-95.32075216666667,2025/Dec/17,11:29:21,311,480,203,5230,216253.3,55302,-81,-16,-45,4,5230,203,-16,-81,-47,5230,386,-13,-78,-56,5230,374,-16,-80,-55,5230,437,-20,-93,-55,
310,38.91590058333333,-95.32055018333334,2025/Dec/17,11:29:22,311,480,203,5230,216253.3,55302,-82,-17,-48,7,5230,203,-17,-82,-48,5230,386,-14,-79,-57,5230,374,-18,-82,-57,
310,38.9159203,-95.32011166666666,2025/Dec/17,11:29:24,311,480,203,5230,216253.3,55302,-85,-19,-48,5,5230,203,-19,-85,-48,5230,386,-14,-80,-57,5230,374,-17,-82,-57,
310,38.91594971666667,-95.31988008333333,2025/Dec/17,11:29:25,311,480,386,5230,216150.3,55302,-83,-18,-47,7,5230,203,-17,-83,-58,5230,386,-18,-84,-48,5230,369,-20,-86,-58,5230,195,-20,-95,-58,
310,38.915999916666664,-95.31965473333334,2025/Dec/17,11:29:26,311,480,386,5230,216150.3,55302,-85,-18,-49,7,5230,203,-15,-81,-57,5230,386,-18,-85,-49,5230,104,-19,-85,-57,
300,38.9160557,-95.31942556666667,2025/Dec/17,11:29:27,311,480,386,5230,216150.3,55302,-85,-19,-47,7,5230,203,-15,-81,-58,5230,386,-19,-85,-48,
300,38.91610111666667,-95.31920413333333,2025/Dec/17,11:29:28,311,480,203,5230,216253.3,55302,-83,-17,-48,7,5230,203,-17,-83,-49,5230,104,-19,-86,-58,5230,386,-16,-80,-56,5230,374,-19,-84,-57,
300,38.916143616666666,-95.31897821666666,2025/Dec/17,11:29:29,311,480,386,5230,216150.3,55302,-83,-17,-49,8,5230,386,-17,-83,-49,5230,110,-20,-92,-57,5230,330,-17,-83,-58,5230,104,-20,-94,-58,5230,203,-12,-78,-57,
300,38.91632121666667,-95.31832795,2025/Dec/17,11:29:32,311,480,203,5230,216253.3,55302,-77,-12,-47,13,5230,203,-12,-77,-48,5230,110,-20,-94,-57,5230,104,-20,-94,-56,
300,38.91644333333333,-95.31814226666667,2025/Dec/17,11:29:33,311,480,386,5230,216150.3,55302,-77,-14,-46,10,5230,203,-20,-88,-56,5230,369,-20,-88,-55,5230,110,-20,-88,-55,5230,386,-15,-78,-47,
300,38.91676351666667,-95.31787313333334,2025/Dec/17,11:29:35,311,480,386,5230,216150.3,55302,-83,-19,-45,6,5230,203,-20,-89,-57,5230,386,-18,-82,-47,5230,110,-19,-84,-57,
300,38.9169396,-95.31782633333333,2025/Dec/17,11:29:36,311,480,386,5230,216150.3,55302,-79,-15,-47,7,5230,203,-20,-88,-57,5230,386,-16,-80,-47,5230,330,-15,-79,-56,5230,110,-20,-86,-56,
300,38.9171086,-95.31778826666667,2025/Dec/17,11:29:37,311,480,386,5230,216150.3,55302,-83,-18,-45,5,5230,203,-14,-79,-56,5230,386,-18,-83,-48,5230,110,-17,-81,-56,5230,330,-18,-82,-56,5230,281,-20,-86,-56,
300,38.917284583333334,-95.31788281666667,2025/Dec/17,11:29:38,311,480,386,5230,216150.3,55302,-79,-15,-46,8,5230,110,-19,-82,-54,5230,386,-15,-79,-46,5230,330,-20,-87,-55,
300,38.917426,-95.31804346666667,2025/Dec/17,11:29:39,311,480,386,5230,216150.3,55302,-78,-15,-45,7,5230,110,-14,-80,-58,5230,386,-15,-79,-46,5230,203,-16,-82,-58,5230,104,-19,-84,-56,
300,38.91754341666667,-95.31828176666667,2025/Dec/17,11:29:40,311,480,386,5230,216150.3,55302,-80,-17,-47,5,5230,110,-20,-83,-55,5230,386,-17,-80,-46,5230,104,-20,-89,-55,5230,330,-16,-79,-55,
300,38.917621833333335,-95.31855208333333,2025/Dec/17,11:29:41,311,480,386,5230,216150.3,55302,-79,-17,-45,5,5230,110,-20,-82,-55,5230,386,-17,-79,-46,5230,330,-16,-78,-55,5230,104,-20,-84,-55,
300,38.91766823333333,-95.31883938333333,2025/Dec/17,11:29:42,311,480,386,5230,216150.3,55302,-79,-16,-45,6,5230,203,-14,-77,-54,5230,386,-16,-79,-45,5230,330,-16,-78,-54,
290,38.91770208333333,-95.31910038333334,2025/Dec/17,11:29:43,311,480,386,5230,216150.3,55302,-79,-17,-44,6,5230,203,-17,-79,-54,5230,386,-17,-79,-45,5230,330,-20,-89,-54,5230,281,-15,-78,-55,
300,38.91770748333333,-95.31935915,2025/Dec/17,11:29:44,311,480,386,5230,216150.3,55302,-78,-16,-43,7,5230,203,-17,-78,-53,5230,386,-17,-77,-41,5230,330,-20,-90,-52,5230,110,-20,-84,-53,
290,38.91761835,-95.32009398333334,2025/Dec/17,11:29:47,311,480,386,5230,216150.3,55302,-78,-15,-46,7,5230,203,-15,-78,-55,5230,386,-15,-78,-46,5230,110,-18,-81,-55,5230,330,-20,-89,-55,5230,104,-18,-81,-55,
290,38.91757665,-95.32032411666667,2025/Dec/17,11:29:48,311,480,386,5230,216150.3,55302,-78,-16,-46,8,5230,203,-17,-79,-54,5230,386,-15,-78,-46,5230,110,-20,-83,-53,5230,330,-20,-91,-53,
290,38.91750103333333,-95.32083733333333,2025/Dec/17,11:29:50,311,480,386,5230,216150.3,55302,-79,-18,-43,5,5230,203,-12,-74,-54,5230,386,-18,-79,-43,5230,104,-18,-80,-54,
290,38.917464583333334,-95.32109256666666,2025/Dec/17,11:29:51,311,480,203,5230,216253.3,55302,-75,-13,-45,11,5230,203,-15,-75,-43,5230,330,-20,-86,-54,5230,110,-20,-85,-54,
290,38.9173781,-95.32162856666666,2025/Dec/17,11:29:53,311,480,203,5230,216253.3,55302,-75,-13,-43,10,5230,203,-13,-75,-45,
290,38.917316316666664,-95.32187408333333,2025/Dec/17,11:29:54,311,480,203,5230,216253.3,55302,-77,-14,-46,6,5230,203,-14,-77,-46,5230,386,-15,-80,-58,
300,38.917239,-95.32209165,2025/Dec/17,11:29:55,311,480,203,5230,216253.3,55302,-77,-15,-46,6,5230,203,-15,-77,-46,5230,110,-14,-78,-55,
300,38.9170015,-95.32240688333333,2025/Dec/17,11:29:57,311,480,386,5230,216150.3,55302,-79,-16,-46,4,5230,386,-20,-81,-42,5230,330,-16,-78,-54,5230,281,-15,-76,-54,
290,38.9162573,-95.32243361666667,2025/Dec/17,11:30:02,311,480,386,5230,216150.3,55302,-87,-20,-42,2,5230,386,-20,-88,-43,5230,330,-20,-85,-52,5230,203,-12,-73,-53,5230,281,-17,-78,-52,
290,38.916122666666666,-95.3223201,2025/Dec/17,11:30:03,65535,65535,0,-1,16777215.255,65535,0,0,0,0,5230,203,-12,-74,-44,5230,330,-20,-88,-54,
280,38.915989116666665,-95.32219073333333,2025/Dec/17,11:30:04,311,480,203,5230,216253.3,55302,-76,-13,-46,9,2300,203,-16,-87,-51,2300,110,-20,-96,-64,
280,38.91588698333333,-95.32203656666667,2025/Dec/17,11:30:05,311,480,203,2300,216253.32,55302,-92,-17,-53,9,2300,203,-16,-91,-52,2300,386,-20,-97,-66,2300,104,-20,-102,-66,
280,38.9158155,-95.32185838333334,2025/Dec/17,11:30:06,311,480,281,2300,216247.32,55302,-91,-14,-59,6,2300,203,-12,-88,-69,2300,32,-20,-106,-69,2300,281,-14,-92,-60,2300,202,-20,-98,-69,
280,38.91578706666667,-95.32165743333333,2025/Dec/17,11:30:07,311,480,281,2300,216247.32,55302,-96,-17,-57,4,2300,203,-11,-87,-68,2300,202,-19,-97,-69,2300,281,-18,-96,-58,2300,386,-15,-92,-69,
280,38.915778466666666,-95.32144728333333,2025/Dec/17,11:30:08,311,480,203,2300,216253.32,55302,-87,-11,-55,11,2300,203,-11,-87,-55,
270,38.915800366666666,-95.32121948333334,2025/Dec/17,11:30:09,311,480,203,2300,216253.32,55302,-90,-12,-57,10,2300,203,-12,-91,-58,2300,281,-17,-96,-70,
270,38.9158128,-95.32099525,2025/Dec/17,11:30:10,311,480,203,2300,216253.32,55302,-89,-11,-56,12,2300,203,-11,-89,-57,
270,38.91583133333334,-95.3207662,2025/Dec/17,11:30:11,311,480,203,2300,216253.32,55302,-87,-11,-56,12,2300,203,-10,-88,-58,2300,386,-16,-94,-71,
260,38.91583073333334,-95.3203316,2025/Dec/17,11:30:13,311,480,203,2300,216253.32,55302,-91,-12,-59,10,2300,203,-12,-91,-59,2300,386,-19,-98,-73,
260,38.915835066666666,-95.32011801666667,2025/Dec/17,11:30:14,311,480,203,2300,216253.32,55302,-98,-16,-62,7,2300,203,-17,-99,-62,2300,386,-11,-93,-75,
260,38.91583693333333,-95.31991076666667,2025/Dec/17,11:30:15,311,480,203,2300,216253.32,55302,-92,-12,-58,10,2300,203,-11,-92,-63,2300,386,-20,-105,-76,
260,38.9158383,-95.31970411666667,2025/Dec/17,11:30:16,311,480,203,2300,216253.32,55302,-93,-11,-62,10,2300,203,-12,-93,-62,2300,202,-20,-102,-74,2300,386,-17,-99,-74,
260,38.91582781666666,-95.31950318333334,2025/Dec/17,11:30:17,311,480,203,2300,216253.32,55302,-96,-13,-62,8,2300,203,-13,-96,-62,2300,386,-15,-99,-76,2300,202,-20,-109,-76,
260,38.91583595,-95.3193069,2025/Dec/17,11:30:18,311,480,203,2300,216253.32,55302,-94,-12,-64,9,2300,203,-13,-97,-65,2300,386,-15,-100,-76,
260,38.91584206666667,-95.31910925,2025/Dec/17,11:30:19,311,480,203,2300,216253.32,55302,-101,-15,-67,5,2300,203,-15,-101,-64,2300,386,-12,-98,-78,
260,38.91584616666667,-95.31891438333334,2025/Dec/17,11:30:20,311,480,203,2300,216253.32,55302,-101,-19,-58,9,2300,203,-18,-97,-56,2300,386,-17,-100,-71,2300,332,-20,-106,-70,
250,38.91584176666667,-95.31872701666667,2025/Dec/17,11:30:21,311,480,203,2300,216253.32,55302,-96,-13,-63,8,2300,203,-12,-95,-63,2300,386,-20,-107,-75,2300,202,-20,-109,-75,
250,38.9158375,-95.31855026666666,2025/Dec/17,11:30:22,311,480,203,2300,216253.32,55302,-100,-13,-68,11,2300,203,-11,-95,-64,2300,202,-20,-104,-76,2300,332,-20,-106,-76,
250,38.91584825,-95.31824143333333,2025/Dec/17,11:30:24,311,480,203,2300,216253.32,55302,-99,-11,-70,10,2300,203,-11,-99,-66,2300,202,-20,-109,-80,2300,386,-20,-108,-80,
250,38.915855433333334,-95.31810275,2025/Dec/17,11:30:25,311,480,203,2300,216253.32,55302,-100,-12,-69,10,2300,203,-12,-101,-70,2300,332,-16,-108,-84,
250,38.91585833333333,-95.31797398333333,2025/Dec/17,11:30:26,311,480,203,2300,216253.32,55302,-100,-12,-66,10,2300,203,-12,-99,-67,2300,386,-19,-107,-78,2300,202,-19,-107,-78,
250,38.915850383333336,-95.31787723333333,2025/Dec/17,11:30:27,311,480,203,2300,216253.32,55302,-99,-12,-67,13,2300,203,-13,-99,-68,2300,202,-19,-104,-74,
250,38.915817866666664,-95.3177505,2025/Dec/17,11:30:30,311,480,203,2300,216253.32,55302,-99,-12,-68,12,2300,203,-12,-99,-67,2300,202,-17,-105,-79,
250,38.915818116666664,-95.31775118333333,2025/Dec/17,11:30:31,311,480,203,2300,216253.32,55302,-99,-12,-67,12,2300,203,-12,-99,-67,
250,38.91581791666667,-95.3177513,2025/Dec/17,11:30:32,311,480,203,2300,216253.32,55302,-99,-13,-66,13,2300,203,-13,-99,-68,2300,202,-19,-104,-75,
250,38.915819633333335,-95.31774931666666,2025/Dec/17,11:30:33,311,480,203,2300,216253.32,55302,-99,-12,-68,12,2300,203,-12,-99,-68,2300,202,-18,-105,-79,
250,38.91582021666667,-95.31774983333334,2025/Dec/17,11:30:34,311,480,203,2300,216253.32,55302,-100,-11,-68,13,2300,203,-11,-99,-67,2300,202,-17,-104,-79,
250,38.9158172,-95.31775306666667,2025/Dec/17,11:30:36,311,480,203,2300,216253.32,55302,-99,-12,-68,12,2300,203,-12,-99,-68,2300,386,-20,-113,-79,
250,38.915817616666665,-95.3177524,2025/Dec/17,11:30:37,311,480,203,2300,216253.32,55302,-99,-12,-68,13,2300,203,-11,-99,-68,2300,386,-20,-112,-80,
250,38.91581823333333,-95.31775125,2025/Dec/17,11:30:38,311,480,203,2300,216253.32,55302,-99,-11,-69,13,2300,203,-11,-99,-68,2300,202,-18,-105,-79,
250,38.91581835,-95.31775236666667,2025/Dec/17,11:30:39,311,480,203,2300,216253.32,55302,-99,-11,-67,13,2300,203,-13,-99,-67,
250,38.915817233333335,-95.31775241666666,2025/Dec/17,11:30:40,311,480,203,2300,216253.32,55302,-99,-14,-63,12,2300,203,-14,-99,-65,
250,38.91581885,-95.31775391666666,2025/Dec/17,11:30:41,311,480,203,2300,216253.32,55302,-99,-15,-64,13,2300,203,-13,-99,-65,
250,38.915820266666664,-95.31775341666666,2025/Dec/17,11:30:42,311,480,203,2300,216253.32,55302,-99,-11,-68,13,2300,203,-11,-99,-68,2300,386,-20,-111,-79,2300,202,-17,-104,-79,
250,38.9158218,-95.31775731666667,2025/Dec/17,11:30:43,311,480,203,2300,216253.32,55302,-101,-13,-68,12,2300,203,-12,-101,-66,2300,202,-19,-107,-80,2300,386,-19,-107,-80,
250,38.915820833333335,-95.31775571666667,2025/Dec/17,11:30:44,311,480,203,2300,216253.32,55302,-100,-12,-68,13,2300,203,-12,-100,-69,2300,202,-19,-106,-81,2300,386,-20,-110,-81,
250,38.91581725,-95.31775516666667,2025/Dec/17,11:30:45,311,480,203,2300,216253.32,55302,-102,-12,-70,12,2300,203,-12,-102,-70,2300,202,-19,-108,-82,2300,386,-20,-116,-82,
250,38.9158111,-95.31775161666667,2025/Dec/17,11:30:46,311,480,203,2300,216253.32,55302,-98,-12,-65,12,2300,203,-12,-98,-65,
250,38.9158142,-95.31775021666667,2025/Dec/17,11:30:48,311,480,203,2300,216253.32,55302,-97,-11,-66,12,2300,203,-11,-97,-65,
250,38.91581481666667,-95.31775123333334,2025/Dec/17,11:30:49,311,480,203,2300,216253.32,55302,-100,-12,-68,11,2300,203,-12,-100,-68,
250,38.91581528333333,-95.317751,2025/Dec/17,11:30:50,311,480,203,2300,216253.32,55302,-98,-13,-66,12,2300,203,-13,-98,-67,
250,38.915816383333336,-95.31774678333333,2025/Dec/17,11:30:51,311,480,203,2300,216253.32,55302,-100,-12,-68,12,2300,203,-12,-99,-65,
250,38.91581886666667,-95.31774801666667,2025/Dec/17,11:30:52,311,480,203,2300,216253.32,55302,-99,-12,-64,14,2300,203,-12,-98,-68,
250,38.9158183,-95.31774738333333,2025/Dec/17,11:30:53,311,480,203,2300,216253.32,55302,-100,-11,-66,14,2300,203,-11,-100,-68,
250,38.9158197,-95.31774805,2025/Dec/17,11:30:54,311,480,203,2300,216253.32,55302,-96,-11,-65,14,2300,203,-11,-96,-64,2300,386,-20,-113,-75,
250,38.9158194,-95.3177483,2025/Dec/17,11:30:55,311,480,203,2300,216253.32,55302,-101,-12,-70,11,2300,203,-12,-101,-69,2300,386,-20,-113,-81,2300,202,-19,-109,-81,
250,38.915819166666665,-95.31774856666667,2025/Dec/17,11:30:58,311,480,203,2300,216253.32,55302,-92,-15,-55,15,2300,203,-15,-93,-61,2300,202,-18,-98,-71,
250,38.91581911666667,-95.31774861666666,2025/Dec/17,11:31:00,311,480,203,2300,216253.32,55302,-88,-10,-58,13,2300,203,-10,-88,-58,
250,38.915819133333336,-95.31774863333334,2025/Dec/17,11:31:02,311,480,203,2300,216253.32,55302,-91,-11,-60,10,2300,203,-14,-90,-52,2300,386,-17,-93,-65,
250,38.91581915,-95.31774865,2025/Dec/17,11:31:03,311,480,203,2300,216253.32,55302,-93,-18,-53,6,2300,203,-18,-94,-55,2300,386,-12,-88,-68,2300,332,-14,-91,-69,
250,38.915819166666665,-95.31774863333334,2025/Dec/17,11:31:04,311,480,203,2300,216253.32,55302,-89,-14,-56,8,2300,203,-14,-90,-57,2300,386,-10,-86,-68,
250,38.915800583333336,-95.3177489,2025/Dec/17,11:31:06,311,480,203,2300,216253.32,55302,-94,-18,-55,7,2300,203,-18,-94,-55,2300,386,-10,-87,-69,2300,332,-15,-93,-70,
250,38.915796783333334,-95.3177709,2025/Dec/17,11:31:07,311,480,386,2300,216150.32,55302,-92,-16,-53,11,2300,203,-19,-94,-65,2300,386,-16,-91,-59,2300,332,-20,-94,-65,
250,38.91579616666667,-95.31778046666666,2025/Dec/17,11:31:08,311,480,386,2300,216150.32,55302,-92,-16,-56,11,2300,203,-20,-97,-68,2300,386,-15,-92,-55,
250,38.915790083333334,-95.31779465,2025/Dec/17,11:31:09,311,480,386,2300,216150.32,55302,-92,-16,-56,9,2300,203,-15,-92,-68,2300,386,-16,-93,-56,2300,332,-15,-92,-68,
250,38.91578486666667,-95.31780816666667,2025/Dec/17,11:31:10,311,480,203,2300,216253.32,55302,-88,-12,-56,11,2300,203,-13,-88,-50,2300,386,-17,-91,-65,
250,38.91577445,-95.31784226666667,2025/Dec/17,11:31:12,311,480,203,2300,216253.32,55302,-89,-15,-56,11,2300,203,-13,-89,-58,2300,386,-20,-96,-69,
250,38.91576848333333,-95.31786053333333,2025/Dec/17,11:31:13,311,480,203,2300,216253.32,55302,-88,-12,-56,10,2300,203,-12,-88,-55,
250,38.915762533333336,-95.3178795,2025/Dec/17,11:31:14,311,480,203,2300,216253.32,55302,-90,-15,-57,10,2300,203,-16,-90,-53,2300,386,-15,-90,-66,2300,332,-17,-91,-66,
250,38.915746166666665,-95.31791135,2025/Dec/17,11:31:16,311,480,203,2300,216253.32,55302,-92,-16,-56,10,2300,203,-16,-93,-55,2300,386,-14,-91,-71,2300,332,-18,-95,-71,
250,38.91573446666666,-95.31792473333333,2025/Dec/17,11:31:17,311,480,203,2300,216253.32,55302,-90,-18,-50,13,2300,203,-18,-89,-50,2300,202,-20,-99,-64,2300,332,-20,-94,-64,
250,38.91572095,-95.31793476666667,2025/Dec/17,11:31:18,311,480,203,2300,216253.32,55302,-93,-16,-57,12,2300,203,-14,-91,-58,2300,332,-19,-97,-70,2300,386,-18,-96,-70,2300,202,-19,-97,-70,
250,38.91570781666667,-95.31794138333333,2025/Dec/17,11:31:19,311,480,203,2300,216253.32,55302,-91,-12,-58,12,2300,203,-12,-92,-59,2300,202,-19,-99,-71,
250,38.91569515,-95.31794326666666,2025/Dec/17,11:31:20,311,480,203,2300,216253.32,55302,-92,-14,-56,12,2300,203,-14,-92,-57,2300,332,-16,-94,-68,2300,202,-20,-99,-68,
250,38.91568431666666,-95.31794288333333,2025/Dec/17,11:31:21,311,480,203,2300,216253.32,55302,-89,-10,-58,14,2300,203,-11,-92,-63,2300,202,-17,-100,-75,
250,38.9156352,-95.31793795,2025/Dec/17,11:31:25,311,480,203,2300,216253.32,55302,-101,-13,-71,10,2300,203,-14,-102,-70,
250,38.91562428333334,-95.31793321666666,2025/Dec/17,11:31:26,311,480,203,2300,216253.32,55302,-98,-11,-67,12,2300,203,-12,-98,-61,2300,202,-18,-104,-79,
250,38.91560578333333,-95.31792136666667,2025/Dec/17,11:31:28,311,480,203,2300,216253.32,55302,-97,-12,-69,11,2300,203,-11,-97,-65,
250,38.915600516666665,-95.31791511666667,2025/Dec/17,11:31:29,311,480,203,2300,216253.32,55302,-101,-13,-67,12,2300,203,-12,-100,-66,2300,202,-19,-107,-78,
250,38.91559965,-95.31790476666667,2025/Dec/17,11:31:31,311,480,203,2300,216253.32,55302,-103,-14,-72,9,2300,203,-14,-104,-69,2300,202,-20,-116,-81,2300,386,-19,-110,-80,
250,38.91559946666667,-95.31790238333333,2025/Dec/17,11:31:32,311,480,203,2300,216253.32,55302,-99,-12,-64,14,2300,203,-16,-96,-60,
250,38.91559895,-95.31790101666667,2025/Dec/17,11:31:35,311,480,203,2300,216253.32,55302,-98,-17,-62,9,2300,203,-14,-101,-68,2300,386,-20,-110,-82,
250,38.91559853333333,-95.3179003,2025/Dec/17,11:31:36,311,480,203,2300,216253.32,55302,-100,-11,-70,12,2300,203,-11,-101,-70,
250,38.91559913333333,-95.3179005,2025/Dec/17,11:31:37,311,480,203,2300,216253.32,55302,-102,-12,-68,9,2300,203,-13,-102,-66,2300,332,-16,-105,-81,
250,38.91560008333333,-95.31790186666667,2025/Dec/17,11:31:38,311,480,203,2300,216253.32,55302,-101,-11,-73,8,2300,203,-12,-103,-70,2300,386,-17,-111,-85,
250,38.915598583333335,-95.31790861666667,2025/Dec/17,11:31:40,311,480,203,2300,216253.32,55302,-100,-10,-69,13,2300,203,-10,-99,-70,2300,202,-17,-107,-81,2300,110,-20,-119,-81,
250,38.915598,-95.3179114,2025/Dec/17,11:31:42,311,480,203,2300,216253.32,55302,-101,-18,-64,11,2300,203,-18,-101,-63,2300,202,-20,-110,-81,2300,110,-20,-113,-80,2300,332,-20,-112,-80,
250,38.9155983,-95.31791125,2025/Dec/17,11:31:43,311,480,203,2300,216253.32,55302,-105,-13,-74,11,2300,203,-13,-106,-73,2300,202,-20,-116,-85,
250,38.91559793333333,-95.31791045,2025/Dec/17,11:31:44,311,480,203,2300,216253.32,55302,-104,-16,-73,9,2300,203,-14,-106,-73,2300,386,-13,-105,-85,
250,38.915597733333335,-95.31790833333334,2025/Dec/17,11:31:46,311,480,203,2300,216253.32,55302,-104,-13,-72,10,2300,203,-12,-103,-71,
250,38.91559791666667,-95.31790783333334,2025/Dec/17,11:31:48,311,480,203,2300,216253.32,55302,-104,-14,-66,10,2300,203,-14,-103,-64,2300,386,-16,-104,-77,
250,38.91559796666667,-95.31790781666666,2025/Dec/17,11:31:49,311,480,203,2300,216253.32,55302,-105,-18,-67,8,2300,203,-17,-105,-69,2300,386,-18,-107,-83,2300,332,-14,-106,-83,
250,38.91559806666667,-95.3179078,2025/Dec/17,11:31:50,311,480,203,2300,216253.32,55302,-104,-13,-71,10,2300,203,-13,-103,-66,2300,386,-18,-107,-81,
250,38.9155981,-95.31790776666666,2025/Dec/17,11:31:51,311,480,203,2300,216253.32,55302,-105,-15,-71,11,2300,203,-13,-105,-72,2300,332,-13,-105,-84,2300,244,-20,-114,-85,
250,38.915598116666665,-95.31790776666666,2025/Dec/17,11:31:54,311,480,203,2300,216253.32,55302,-105,-13,-72,10,2300,203,-13,-105,-70,2300,244,-20,-117,-84,
250,38.915598116666665,-95.31790775,2025/Dec/17,11:31:55,311,480,203,2300,216253.32,55302,-105,-15,-68,9,2300,203,-14,-104,-70,
250,38.91559813333333,-95.31790771666667,2025/Dec/17,11:31:56,311,480,203,2300,216253.32,55302,-103,-16,-65,11,2300,203,-17,-102,-64,
250,38.91559816666667,-95.31790766666667,2025/Dec/17,11:31:58,311,480,203,2300,216253.32,55302,-104,-15,-72,10,2300,203,-13,-104,-70,
250,38.91559816666667,-95.31790766666667,2025/Dec/17,11:31:59,311,480,203,2300,216253.32,55302,-103,-13,-69,10,2300,203,-13,-103,-70,
250,38.91559818333333,-95.31790763333333,2025/Dec/17,11:32:01,311,480,203,2300,216253.32,55302,-103,-15,-65,10,2300,203,-16,-103,-65,
250,38.91559818333333,-95.3179076,2025/Dec/17,11:32:02,311,480,203,2300,216253.32,55302,-102,-14,-67,9,2300,203,-14,-102,-69,2300,202,-20,-107,-79,
250,38.915598216666666,-95.31790758333334,2025/Dec/17,11:32:03,311,480,203,2300,216253.32,55302,-101,-13,-67,10,2300,203,-13,-101,-68,2300,202,-19,-107,-81,
250,38.915598233333334,-95.31790751666666,2025/Dec/17,11:32:05,311,480,203,2300,216253.32,55302,-102,-13,-69,10,2300,203,-14,-102,-69,2300,202,-20,-108,-79,
250,38.915598233333334,-95.31790751666666,2025/Dec/17,11:32:06,311,480,203,2300,216253.32,55302,-103,-14,-69,11,2300,203,-13,-102,-67,
250,38.915598233333334,-95.31790751666666,2025/Dec/17,11:32:07,311,480,203,2300,216253.32,55302,-105,-15,-71,9,2300,203,-14,-105,-71,2300,110,-20,-111,-82,
250,38.915598233333334,-95.31790753333334,2025/Dec/17,11:32:08,311,480,203,2300,216253.32,55302,-105,-15,-71,8,2300,203,-15,-105,-72,2300,386,-14,-103,-82,
250,38.915598233333334,-95.31790753333334,2025/Dec/17,11:32:09,311,480,203,2300,216253.32,55302,-104,-15,-68,10,2300,203,-14,-103,-69,
250,38.91559825,-95.31790751666666,2025/Dec/17,11:32:11,311,480,203,2300,216253.32,55302,-102,-14,-68,10,2300,203,-14,-102,-69,
250,38.91559826666666,-95.31790751666666,2025/Dec/17,11:32:12,311,480,203,2300,216253.32,55302,-103,-14,-69,9,2300,203,-14,-103,-70,
250,38.91559826666666,-95.31790755,2025/Dec/17,11:32:13,311,480,203,2300,216253.32,55302,-103,-14,-69,10,2300,203,-14,-102,-68,
250,38.91559828333333,-95.31790756666666,2025/Dec/17,11:32:14,311,480,203,2300,216253.32,55302,-103,-17,-64,10,2300,203,-17,-103,-65,2300,110,-20,-113,-76,
250,38.91559831666667,-95.31790758333334,2025/Dec/17,11:32:15,311,480,203,2300,216253.32,55302,-103,-14,-68,10,2300,203,-13,-102,-68,2300,110,-20,-110,-80,
250,38.915598333333335,-95.3179076,2025/Dec/17,11:32:16,311,480,203,2300,216253.32,55302,-102,-13,-66,11,2300,203,-14,-102,-66,
250,38.91559835,-95.31790761666667,2025/Dec/17,11:32:17,311,480,203,2300,216253.32,55302,-102,-13,-68,11,2300,203,-13,-102,-69,2300,386,-16,-105,-81,
250,38.915598366666664,-95.3179076,2025/Dec/17,11:32:18,311,480,203,2300,216253.32,55302,-102,-13,-68,10,2300,203,-14,-102,-69,
250,38.91559838333333,-95.3179076,2025/Dec/17,11:32:19,311,480,203,2300,216253.32,55302,-102,-17,-63,11,2300,203,-13,-102,-70,2300,386,-17,-105,-80,
250,38.91559841666667,-95.31790765,2025/Dec/17,11:32:21,311,480,203,2300,216253.32,55302,-104,-13,-69,9,2300,203,-13,-103,-68,
250,38.91559841666667,-95.3179076,2025/Dec/17,11:32:24,311,480,203,2300,216253.32,55302,-103,-13,-71,10,2300,203,-13,-103,-70,
250,38.91559841666667,-95.31790758333334,2025/Dec/17,11:32:25,311,480,203,2300,216253.32,55302,-104,-16,-67,9,2300,203,-15,-105,-67,
250,38.91559841666667,-95.31790756666666,2025/Dec/17,11:32:26,311,480,203,2300,216253.32,55302,-104,-16,-68,9,2300,203,-15,-104,-69,2300,386,-14,-104,-83,
250,38.91559843333334,-95.31790756666666,2025/Dec/17,11:32:28,311,480,203,2300,216253.32,55302,-104,-13,-71,9,2300,203,-13,-104,-70,2300,386,-15,-105,-82,
250,38.91559843333334,-95.31790756666666,2025/Dec/17,11:32:29,311,480,203,2300,216253.32,55302,-103,-13,-69,11,2300,203,-13,-103,-68,
250,38.91559843333334,-95.31790755,2025/Dec/17,11:32:30,311,480,203,2300,216253.32,55302,-104,-13,-71,10,2300,203,-14,-104,-72,
250,38.91559843333334,-95.31790753333334,2025/Dec/17,11:32:31,311,480,203,2300,216253.32,55302,-104,-13,-70,10,2300,203,-12,-103,-71,2300,332,-15,-106,-82,
250,38.91559843333334,-95.31790751666666,2025/Dec/17,11:32:32,311,480,203,2300,216253.32,55302,-104,-14,-71,10,2300,203,-14,-104,-69,2300,386,-14,-104,-82,
250,38.91559841666667,-95.31790748333333,2025/Dec/17,11:32:33,311,480,203,2300,216253.32,55302,-104,-14,-70,10,2300,203,-13,-103,-71,2300,202,-19,-109,-82,
250,38.91559843333334,-95.31790745,2025/Dec/17,11:32:35,311,480,203,2300,216253.32,55302,-104,-18,-66,11,2300,203,-17,-104,-71,2300,202,-20,-114,-77,
250,38.91559843333334,-95.31790741666667,2025/Dec/17,11:32:36,311,480,203,2300,216253.32,55302,-103,-13,-70,10,2300,203,-13,-104,-72,2300,386,-17,-107,-82,
250,38.91559845,-95.3179074,2025/Dec/17,11:32:37,311,480,203,2300,216253.32,55302,-103,-13,-69,9,2300,203,-14,-104,-70,2300,386,-16,-105,-82,2300,202,-19,-109,-82,
250,38.91559845,-95.31790738333333,2025/Dec/17,11:32:38,311,480,203,2300,216253.32,55302,-103,-12,-71,11,2300,203,-12,-103,-70,
250,38.91559845,-95.31790736666666,2025/Dec/17,11:32:39,311,480,203,2300,216253.32,55302,-103,-16,-68,9,2300,203,-17,-103,-64,2300,386,-18,-105,-81,
250,38.91559845,-95.31790735,2025/Dec/17,11:32:40,311,480,203,2300,216253.32,55302,-102,-15,-68,11,2300,203,-14,-102,-68,2300,386,-17,-105,-80,
250,38.915598466666665,-95.31790733333334,2025/Dec/17,11:32:41,311,480,203,2300,216253.32,55302,-103,-13,-69,10,2300,203,-13,-103,-70,2300,386,-17,-107,-82,2300,202,-20,-111,-82,
250,38.915598466666665,-95.31790735,2025/Dec/17,11:32:42,311,480,203,2300,216253.32,55302,-102,-11,-70,10,2300,203,-11,-101,-69,2300,386,-15,-105,-81,
250,38.915598466666665,-95.31790735,2025/Dec/17,11:32:44,311,480,203,2300,216253.32,55302,-102,-12,-69,10,2300,203,-12,-102,-70,
250,38.915598466666665,-95.31790736666666,2025/Dec/17,11:32:46,311,480,203,2300,216253.32,55302,-103,-12,-70,10,2300,203,-13,-103,-69,2300,386,-16,-106,-81,
250,38.915598466666665,-95.31790736666666,2025/Dec/17,11:32:47,311,480,203,2300,216253.32,55302,-103,-12,-71,10,2300,203,-12,-103,-69,
250,38.915598466666665,-95.31790735,2025/Dec/17,11:32:48,311,480,203,2300,216253.32,55302,-104,-13,-70,10,2300,203,-13,-104,-70,2300,386,-18,-109,-82,
250,38.915598466666665,-95.31790735,2025/Dec/17,11:32:49,311,480,203,2300,216253.32,55302,-102,-17,-63,11,2300,203,-13,-102,-69,2300,386,-17,-106,-81,
250,38.91559845,-95.31790733333334,2025/Dec/17,11:32:51,311,480,203,2300,216253.32,55302,-102,-12,-70,10,2300,203,-12,-102,-71,
250,38.91559845,-95.31790731666666,2025/Dec/17,11:32:53,311,480,203,2300,216253.32,55302,-103,-13,-69,10,2300,203,-13,-103,-69,2300,386,-15,-104,-81,
250,38.91559845,-95.31790731666666,2025/Dec/17,11:32:54,311,480,203,2300,216253.32,55302,-103,-17,-65,10,2300,203,-18,-103,-66,2300,386,-20,-106,-77,
250,38.91559845,-95.31790733333334,2025/Dec/17,11:32:55,311,480,203,2300,216253.32,55302,-103,-18,-65,10,2300,203,-16,-104,-69,2300,386,-17,-105,-82,
250,38.91559845,-95.3179073,2025/Dec/17,11:32:56,311,480,203,2300,216253.32,55302,-103,-13,-69,10,2300,203,-13,-103,-70,
250,38.91559845,-95.31790725,2025/Dec/17,11:32:58,311,480,203,2300,216253.32,55302,-104,-14,-68,10,2300,203,-14,-104,-69,
250,38.91559845,-95.31790723333333,2025/Dec/17,11:32:59,311,480,203,2300,216253.32,55302,-103,-15,-69,8,2300,203,-14,-103,-71,2300,386,-14,-103,-81,
250,38.91559845,-95.31790721666667,2025/Dec/17,11:33:00,311,480,203,2300,216253.32,55302,-102,-12,-67,9,2300,203,-12,-102,-69,2300,202,-20,-110,-82,2300,386,-15,-105,-82,
250,38.91559843333334,-95.3179072,2025/Dec/17,11:33:02,311,480,203,2300,216253.32,55302,-102,-12,-70,10,2300,203,-12,-102,-69,2300,202,-20,-110,-80,2300,386,-17,-106,-80,
250,38.91559843333334,-95.3179072,2025/Dec/17,11:33:03,311,480,203,2300,216253.32,55302,-102,-12,-70,9,2300,203,-12,-102,-69,2300,202,-20,-111,-82,2300,386,-14,-104,-82,
250,38.91559843333334,-95.31790721666667,2025/Dec/17,11:33:05,311,480,203,2300,216253.32,55302,-101,-12,-69,10,2300,203,-12,-101,-67,2300,202,-20,-109,-82,2300,386,-15,-105,-82,
250,38.91559841666667,-95.31790721666667,2025/Dec/17,11:33:06,311,480,203,2300,216253.32,55302,-102,-12,-68,9,2300,203,-12,-102,-69,2300,202,-20,-110,-81,2300,386,-16,-106,-82,
250,38.91559841666667,-95.31790723333333,2025/Dec/17,11:33:07,311,480,203,2300,216253.32,55302,-101,-16,-63,10,2300,203,-15,-101,-69,2300,202,-20,-111,-77,2300,386,-18,-105,-78,
250,38.91559841666667,-95.3179072,2025/Dec/17,11:33:10,311,480,203,2300,216253.32,55302,-100,-11,-70,10,2300,203,-11,-101,-70,2300,202,-19,-108,-80,2300,386,-16,-105,-80,
250,38.91559841666667,-95.31790718333333,2025/Dec/17,11:33:11,311,480,203,2300,216253.32,55302,-100,-11,-68,10,2300,203,-12,-101,-69,2300,202,-19,-108,-80,2300,386,-16,-105,-80,
250,38.91559843333334,-95.31790716666667,2025/Dec/17,11:33:12,311,480,203,2300,216253.32,55302,-102,-12,-70,10,2300,203,-12,-102,-70,2300,202,-19,-109,-82,2300,386,-16,-106,-82,
250,38.91559845,-95.31790715,2025/Dec/17,11:33:13,311,480,203,2300,216253.32,55302,-103,-17,-65,9,2300,203,-17,-104,-65,2300,202,-20,-112,-79,2300,386,-17,-105,-79,
250,38.91559845,-95.31790711666666,2025/Dec/17,11:33:14,311,480,203,2300,216253.32,55302,-103,-16,-71,11,2300,203,-14,-102,-71,2300,202,-20,-109,-81,
250,38.915598466666665,-95.31790711666666,2025/Dec/17,11:33:15,311,480,203,2300,216253.32,55302,-102,-12,-69,11,2300,203,-12,-103,-71,2300,202,-19,-109,-82,
250,38.91559848333333,-95.31790708333334,2025/Dec/17,11:33:16,311,480,203,2300,216253.32,55302,-102,-12,-70,11,2300,203,-12,-102,-69,2300,202,-19,-108,-81,
250,38.91559848333333,-95.31790706666666,2025/Dec/17,11:33:17,311,480,203,2300,216253.32,55302,-101,-11,-68,11,2300,203,-13,-101,-67,2300,202,-20,-110,-81,2300,386,-15,-104,-81,
250,38.91559851666667,-95.31790705,2025/Dec/17,11:33:20,311,480,203,2300,216253.32,55302,-104,-16,-69,9,2300,203,-15,-104,-70,2300,202,-20,-111,-82,2300,386,-17,-107,-82,
250,38.9155985,-95.31790705,2025/Dec/17,11:33:21,311,480,203,2300,216253.32,55302,-101,-12,-70,10,2300,203,-13,-101,-68,2300,386,-14,-104,-81,2300,202,-20,-109,-81,
250,38.91559851666667,-95.31790701666667,2025/Dec/17,11:33:23,311,480,203,2300,216253.32,55302,-101,-12,-70,10,2300,203,-12,-102,-67,2300,386,-16,-106,-82,2300,202,-20,-110,-83,
250,38.91559851666667,-95.31790701666667,2025/Dec/17,11:33:24,311,480,203,2300,216253.32,55302,-102,-13,-69,10,2300,203,-13,-102,-69,2300,202,-20,-111,-82,2300,386,-16,-106,-82,
250,38.91559851666667,-95.317907,2025/Dec/17,11:33:25,311,480,203,2300,216253.32,55302,-103,-13,-71,11,2300,203,-15,-103,-65,2300,202,-20,-113,-78,
250,38.91559853333333,-95.317907,2025/Dec/17,11:33:26,311,480,203,2300,216253.32,55302,-102,-12,-70,11,2300,203,-12,-102,-70,2300,202,-19,-109,-81,
250,38.91559853333333,-95.31790698333333,2025/Dec/17,11:33:27,311,480,203,2300,216253.32,55302,-102,-12,-69,10,2300,203,-12,-101,-70,2300,202,-20,-109,-81,
250,38.91559855,-95.31790698333333,2025/Dec/17,11:33:29,311,480,203,2300,216253.32,55302,-104,-13,-72,9,2300,203,-13,-104,-72,2300,202,-20,-114,-84,2300,386,-16,-107,-84,
250,38.91559855,-95.31790698333333,2025/Dec/17,11:33:30,311,480,203,2300,216253.32,55302,-104,-12,-72,9,2300,203,-12,-105,-72,2300,202,-20,-115,-85,
250,38.91559856666667,-95.31790696666667,2025/Dec/17,11:33:31,311,480,203,2300,216253.32,55302,-102,-12,-69,10,2300,203,-12,-102,-71,2300,202,-20,-110,-81,
250,38.915598583333335,-95.31790695,2025/Dec/17,11:33:33,311,480,203,2300,216253.32,55302,-102,-12,-70,10,2300,203,-12,-103,-70,2300,202,-20,-110,-82,2300,386,-14,-104,-82,
250,38.915598583333335,-95.31790696666667,2025/Dec/17,11:33:34,311,480,203,2300,216253.32,55302,-102,-14,-69,9,2300,203,-16,-102,-64,2300,202,-20,-110,-76,2300,386,-16,-102,-76,
250,38.9155986,-95.31790696666667,2025/Dec/17,11:33:35,311,480,203,2300,216253.32,55302,-103,-14,-71,11,2300,203,-13,-102,-68,2300,202,-20,-109,-81,2300,386,-14,-103,-81,
250,38.915598583333335,-95.31790698333333,2025/Dec/17,11:33:36,311,480,203,2300,216253.32,55302,-102,-13,-70,10,2300,203,-13,-103,-70,2300,202,-20,-109,-82,2300,386,-14,-103,-82,
250,38.915598583333335,-95.317907,2025/Dec/17,11:33:37,311,480,203,2300,216253.32,55302,-103,-13,-70,10,2300,203,-13,-103,-70,2300,202,-20,-110,-81,2300,386,-15,-104,-81,
250,38.9155986,-95.31790701666667,2025/Dec/17,11:33:38,311,480,203,2300,216253.32,55302,-104,-14,-67,10,2300,203,-15,-103,-70,2300,202,-20,-109,-79,2300,386,-17,-105,-79,
250,38.9155986,-95.317907,2025/Dec/17,11:33:39,311,480,203,2300,216253.32,55302,-103,-13,-69,10,2300,203,-13,-103,-70,2300,202,-20,-110,-82,2300,386,-15,-105,-82,
250,38.9155986,-95.317907,2025/Dec/17,11:33:40,311,480,203,2300,216253.32,55302,-103,-13,-69,10,2300,203,-13,-103,-71,2300,202,-20,-110,-81,2300,386,-15,-105,-81,
250,38.9155986,-95.317907,2025/Dec/17,11:33:41,311,480,203,2300,216253.32,55302,-103,-12,-71,11,2300,203,-12,-103,-71,2300,202,-19,-109,-81,
250,38.915598616666664,-95.31790698333333,2025/Dec/17,11:33:42,311,480,203,2300,216253.32,55302,-102,-15,-65,11,2300,203,-17,-103,-64,
250,38.91559863333333,-95.31790696666667,2025/Dec/17,11:33:43,311,480,203,2300,216253.32,55302,-103,-13,-69,10,2300,203,-13,-103,-70,2300,386,-15,-105,-81,
250,38.91559866666667,-95.31790696666667,2025/Dec/17,11:33:45,311,480,203,2300,216253.32,55302,-103,-13,-70,11,2300,203,-15,-104,-69,2300,386,-17,-107,-82,
250,38.91559866666667,-95.31790698333333,2025/Dec/17,11:33:47,311,480,203,2300,216253.32,55302,-105,-15,-70,10,2300,203,-15,-105,-69,2300,386,-20,-111,-83,2300,202,-20,-114,-83,
250,38.91559866666667,-95.31790698333333,2025/Dec/17,11:33:49,311,480,203,2300,216253.32,55302,-101,-13,-67,10,2300,203,-13,-101,-67,2300,202,-20,-107,-79,2300,386,-16,-103,-79,
250,38.915598683333336,-95.31790696666667,2025/Dec/17,11:33:50,311,480,203,2300,216253.32,55302,-101,-12,-69,11,2300,203,-12,-101,-69,2300,202,-18,-107,-80,2300,386,-15,-104,-80,
250,38.9155987,-95.31790695,2025/Dec/17,11:33:52,311,480,203,2300,216253.32,55302,-101,-13,-67,11,2300,203,-13,-101,-69,2300,202,-19,-107,-79,2300,386,-16,-103,-78,
250,38.915598716666665,-95.31790695,2025/Dec/17,11:33:53,311,480,203,2300,216253.32,55302,-100,-12,-67,10,2300,203,-12,-100,-67,2300,202,-20,-107,-79,2300,386,-16,-104,-78,
250,38.915598716666665,-95.31790695,2025/Dec/17,11:33:54,311,480,203,2300,216253.32,55302,-101,-13,-69,10,2300,203,-13,-102,-69,2300,202,-19,-108,-81,2300,386,-16,-105,-81,
250,38.915598716666665,-95.31790695,2025/Dec/17,11:33:55,311,480,203,2300,216253.32,55302,-102,-14,-69,10,2300,203,-14,-103,-67,2300,202,-20,-110,-80,2300,386,-17,-105,-80,
250,38.915598716666665,-95.31790695,2025/Dec/17,11:33:57,311,480,203,2300,216253.32,55302,-104,-15,-69,10,2300,203,-15,-104,-70,2300,202,-20,-112,-81,2300,386,-14,-104,-81,
250,38.91559873333333,-95.31790696666667,2025/Dec/17,11:33:58,311,480,203,2300,216253.32,55302,-103,-17,-65,10,2300,203,-17,-103,-65,2300,202,-20,-112,-78,2300,386,-18,-105,-78,
250,38.91559873333333,-95.31790696666667,2025/Dec/17,11:33:59,311,480,203,2300,216253.32,55302,-103,-14,-69,10,2300,203,-14,-103,-70,2300,202,-20,-110,-80,2300,386,-16,-106,-80,
250,38.91559873333333,-95.31790696666667,2025/Dec/17,11:34:00,311,480,203,2300,216253.32,55302,-104,-14,-70,10,2300,203,-14,-104,-71,2300,202,-20,-111,-82,2300,386,-16,-106,-82,
250,38.91559873333333,-95.31790696666667,2025/Dec/17,11:34:01,311,480,203,2300,216253.32,55302,-102,-15,-68,10,2300,203,-15,-102,-69,2300,202,-20,-110,-76,2300,386,-20,-107,-74,
250,38.91559873333333,-95.31790696666667,2025/Dec/17,11:34:02,311,480,203,2300,216253.32,55302,-101,-16,-62,9,2300,203,-17,-102,-64,2300,202,-20,-110,-76,2300,386,-20,-107,-75,
250,38.91559875,-95.31790695,2025/Dec/17,11:34:04,311,480,203,2300,216253.32,55302,-102,-15,-66,10,2300,203,-14,-102,-68,2300,202,-20,-110,-79,
250,38.91559875,-95.31790695,2025/Dec/17,11:34:05,311,480,203,2300,216253.32,55302,-102,-15,-63,10,2300,203,-17,-102,-63,
250,38.91559875,-95.31790693333333,2025/Dec/17,11:34:06,311,480,203,2300,216253.32,55302,-102,-18,-63,9,2300,203,-17,-102,-63,2300,386,-20,-107,-76,2300,202,-20,-110,-75,
250,38.91559876666667,-95.31790695,2025/Dec/17,11:34:07,311,480,203,2300,216253.32,55302,-102,-14,-68,10,2300,203,-14,-102,-69,2300,386,-20,-108,-77,2300,202,-20,-107,-76,
250,38.91559876666667,-95.31790695,2025/Dec/17,11:34:09,311,480,203,2300,216253.32,55302,-102,-13,-69,11,2300,203,-13,-101,-67,2300,202,-20,-106,-76,2300,386,-20,-112,-76,
250,38.91559878333333,-95.31790695,2025/Dec/17,11:34:10,311,480,203,2300,216253.32,55302,-102,-13,-69,10,2300,203,-14,-102,-69,2300,202,-20,-109,-77,2300,386,-20,-109,-78,
250,38.91559878333333,-95.31790695,2025/Dec/17,11:34:11,311,480,203,2300,216253.32,55302,-103,-18,-64,8,2300,203,-18,-103,-64,2300,386,-20,-106,-74,2300,202,-20,-108,-75,
250,38.91559876666667,-95.31790695,2025/Dec/17,11:34:12,311,480,203,2300,216253.32,55302,-102,-14,-69,10,2300,203,-14,-103,-70,2300,386,-20,-109,-78,2300,202,-20,-109,-78,
250,38.91559878333333,-95.31790695,2025/Dec/17,11:34:13,311,480,203,2300,216253.32,55302,-103,-18,-65,10,2300,203,-13,-102,-69,2300,202,-20,-106,-77,
250,38.91559876666667,-95.31790693333333,2025/Dec/17,11:34:16,311,480,203,2300,216253.32,55302,-102,-13,-70,10,2300,203,-13,-103,-70,2300,202,-20,-109,-77,2300,386,-20,-110,-77,
250,38.91559878333333,-95.31790693333333,2025/Dec/17,11:34:17,311,480,203,2300,216253.32,55302,-102,-13,-68,11,2300,203,-13,-102,-69,2300,202,-20,-109,-78,
250,38.91559878333333,-95.31790695,2025/Dec/17,11:34:18,311,480,203,2300,216253.32,55302,-104,-14,-70,9,2300,203,-14,-104,-70,2300,202,-20,-110,-78,2300,332,-20,-114,-79,
250,38.91559878333333,-95.31790695,2025/Dec/17,11:34:19,311,480,203,2300,216253.32,55302,-104,-14,-68,8,2300,203,-13,-104,-71,2300,202,-20,-110,-79,
250,38.9155988,-95.31790693333333,2025/Dec/17,11:34:20,311,480,203,2300,216253.32,55302,-104,-14,-71,10,2300,203,-14,-105,-72,2300,202,-20,-111,-77,
250,38.9155988,-95.31790693333333,2025/Dec/17,11:34:21,311,480,203,2300,216253.32,55302,-106,-18,-67,9,2300,203,-18,-105,-66,2300,202,-20,-110,-75,
250,38.9155988,-95.31790693333333,2025/Dec/17,11:34:22,311,480,203,2300,216253.32,55302,-104,-14,-70,10,2300,203,-14,-104,-68,2300,202,-20,-109,-79,
250,38.91559878333333,-95.31790693333333,2025/Dec/17,11:34:23,311,480,203,2300,216253.32,55302,-103,-14,-70,10,2300,203,-14,-103,-67,2300,202,-20,-109,-79,
250,38.91559878333333,-95.31790693333333,2025/Dec/17,11:34:24,311,480,203,2300,216253.32,55302,-104,-14,-72,10,2300,203,-14,-104,-71,2300,202,-20,-109,-79,
250,38.9155988,-95.31790691666667,2025/Dec/17,11:34:25,311,480,203,2300,216253.32,55302,-103,-15,-64,10,2300,203,-15,-103,-68,2300,202,-20,-110,-77,2300,386,-19,-104,-78,
250,38.9155988,-95.31790691666667,2025/Dec/17,11:34:26,311,480,203,2300,216253.32,55302,-102,-14,-68,10,2300,203,-14,-102,-68,2300,202,-20,-107,-78,
250,38.9155988,-95.31790691666667,2025/Dec/17,11:34:27,311,480,203,2300,216253.32,55302,-102,-13,-69,10,2300,203,-13,-102,-69,2300,202,-20,-109,-77,
250,38.9155988,-95.31790691666667,2025/Dec/17,11:34:28,311,480,203,2300,216253.32,55302,-103,-13,-70,10,2300,203,-15,-103,-63,2300,386,-20,-107,-77,
250,38.9155988,-95.31790691666667,2025/Dec/17,11:34:29,311,480,203,2300,216253.32,55302,-103,-18,-63,10,2300,203,-18,-103,-63,
250,38.9155988,-95.31790691666667,2025/Dec/17,11:34:30,311,480,203,2300,216253.32,55302,-103,-14,-69,10,2300,203,-13,-103,-71,2300,386,-19,-105,-81,
250,38.915598816666666,-95.31790691666667,2025/Dec/17,11:34:32,311,480,203,2300,216253.32,55302,-103,-14,-69,10,2300,203,-14,-103,-70,2300,386,-20,-106,-80,
250,38.915598816666666,-95.31790691666667,2025/Dec/17,11:34:33,311,480,203,2300,216253.32,55302,-102,-14,-71,11,2300,203,-14,-103,-70,
250,38.915598816666666,-95.3179069,2025/Dec/17,11:34:34,311,480,203,2300,216253.32,55302,-102,-13,-67,11,2300,203,-13,-102,-70,
250,38.915598816666666,-95.31790688333334,2025/Dec/17,11:34:35,311,480,203,2300,216253.32,55302,-103,-16,-68,10,2300,203,-15,-104,-72,
250,38.915598833333334,-95.31790688333334,2025/Dec/17,11:34:36,311,480,203,2300,216253.32,55302,-104,-17,-67,10,2300,203,-15,-104,-73,2300,386,-18,-106,-82,
250,38.915598833333334,-95.31790688333334,2025/Dec/17,11:34:37,311,480,203,2300,216253.32,55302,-104,-13,-71,10,2300,203,-13,-103,-69,2300,386,-16,-105,-80,
250,38.91559888333333,-95.31790718333333,2025/Dec/17,11:34:38,311,480,203,2300,216253.32,55302,-102,-13,-69,10,2300,203,-13,-102,-68,
250,38.91560303333333,-95.31790896666666,2025/Dec/17,11:34:39,311,480,203,2300,216253.32,55302,-102,-14,-71,11,2300,203,-14,-102,-64,
250,38.9156054,-95.31790838333333,2025/Dec/17,11:34:40,311,480,203,2300,216253.32,55302,-103,-14,-67,9,2300,203,-14,-103,-69,
250,38.91560836666667,-95.31790501666667,2025/Dec/17,11:34:41,311,480,203,2300,216253.32,55302,-102,-17,-63,9,2300,203,-15,-101,-62,2300,386,-20,-106,-74,
250,38.91561205,-95.31790585,2025/Dec/17,11:34:46,311,480,203,2300,216253.32,55302,-102,-18,-64,9,2300,203,-16,-102,-70,2300,386,-20,-103,-74,
250,38.9156118,-95.31790731666666,2025/Dec/17,11:34:47,311,480,203,2300,216253.32,55302,-103,-13,-71,8,2300,203,-13,-104,-71,
250,38.91561225,-95.31790821666667,2025/Dec/17,11:34:48,311,480,203,2300,216253.32,55302,-103,-13,-70,9,2300,203,-13,-103,-69,
250,38.91561231666667,-95.31790793333333,2025/Dec/17,11:34:49,311,480,203,2300,216253.32,55302,-103,-18,-64,9,2300,203,-18,-103,-69,
250,38.9156124,-95.31790786666667,2025/Dec/17,11:34:50,311,480,203,2300,216253.32,55302,-103,-14,-70,10,2300,203,-13,-103,-68,2300,386,-19,-103,-80,
250,38.91561235,-95.31790788333333,2025/Dec/17,11:34:51,311,480,203,2300,216253.32,55302,-102,-13,-69,10,2300,203,-13,-102,-66,
250,38.91561235,-95.3179079,2025/Dec/17,11:34:52,311,480,203,2300,216253.32,55302,-101,-13,-69,10,2300,203,-13,-102,-70,2300,386,-15,-100,-77,
250,38.91561235,-95.31790788333333,2025/Dec/17,11:34:53,311,480,203,2300,216253.32,55302,-102,-14,-67,9,2300,203,-14,-102,-69,2300,386,-20,-109,-76,
250,38.91561235,-95.3179079,2025/Dec/17,11:34:54,311,480,203,2300,216253.32,55302,-103,-14,-70,10,2300,203,-13,-102,-68,
250,38.915612366666664,-95.3179079,2025/Dec/17,11:34:56,311,480,203,2300,216253.32,55302,-102,-14,-68,9,2300,203,-13,-102,-69,2300,386,-19,-104,-76,
250,38.9156124,-95.3179079,2025/Dec/17,11:34:57,311,480,203,2300,216253.32,55302,-102,-17,-62,9,2300,203,-18,-102,-61,2300,386,-20,-107,-73,
250,38.91561241666667,-95.31790791666667,2025/Dec/17,11:34:58,311,480,203,2300,216253.32,55302,-102,-16,-69,10,2300,203,-15,-102,-66,2300,386,-20,-108,-77,
250,38.91561241666667,-95.3179079,2025/Dec/17,11:34:59,311,480,203,2300,216253.32,55302,-102,-13,-68,9,2300,203,-14,-102,-67,2300,202,-20,-108,-79,
250,38.91561241666667,-95.31790786666667,2025/Dec/17,11:35:00,311,480,203,2300,216253.32,55302,-102,-13,-68,10,2300,203,-13,-102,-67,2300,202,-20,-109,-77,
250,38.91561243333334,-95.31790785,2025/Dec/17,11:35:01,311,480,203,2300,216253.32,55302,-102,-18,-64,10,2300,203,-18,-102,-63,2300,202,-20,-109,-74,
250,38.9156125,-95.31790785,2025/Dec/17,11:35:02,311,480,203,2300,216253.32,55302,-102,-14,-68,9,2300,203,-14,-102,-68,2300,202,-20,-111,-77,
250,38.91561255,-95.31790785,2025/Dec/17,11:35:03,311,480,203,2300,216253.32,55302,-103,-14,-69,9,2300,203,-13,-103,-69,2300,202,-20,-110,-74,
250,38.915612583333335,-95.31790783333334,2025/Dec/17,11:35:04,311,480,203,2300,216253.32,55302,-102,-13,-68,9,2300,203,-13,-102,-69,2300,202,-20,-109,-76,
250,38.91561256666667,-95.31790785,2025/Dec/17,11:35:05,311,480,203,2300,216253.32,55302,-102,-16,-69,10,2300,203,-16,-102,-68,2300,202,-20,-108,-76,
250,38.915612583333335,-95.31790783333334,2025/Dec/17,11:35:06,311,480,203,2300,216253.32,55302,-102,-13,-67,9,2300,203,-14,-102,-69,2300,202,-20,-109,-78,2300,332,-20,-107,-78,
250,38.9156126,-95.31790781666666,2025/Dec/17,11:35:07,311,480,203,2300,216253.32,55302,-102,-14,-67,9,2300,203,-15,-102,-63,2300,202,-20,-111,-74,
250,38.9156126,-95.3179078,2025/Dec/17,11:35:08,311,480,203,2300,216253.32,55302,-102,-18,-62,9,2300,203,-18,-101,-62,2300,202,-20,-110,-74,2300,110,-20,-112,-75,
250,38.915612616666664,-95.31790778333334,2025/Dec/17,11:35:09,311,480,203,2300,216253.32,55302,-102,-14,-67,9,2300,203,-14,-102,-68,2300,202,-20,-109,-77,
250,38.915612616666664,-95.3179078,2025/Dec/17,11:35:10,311,480,203,2300,216253.32,55302,-102,-16,-64,10,2300,203,-18,-104,-70,2300,202,-20,-113,-77,2300,110,-20,-112,-76,
250,38.915612616666664,-95.31790783333334,2025/Dec/17,11:35:13,311,480,203,2300,216253.32,55302,-105,-16,-68,10,2300,203,-15,-105,-70,2300,202,-20,-111,-81,
250,38.91561263333333,-95.31790785,2025/Dec/17,11:35:14,311,480,203,2300,216253.32,55302,-103,-14,-71,10,2300,203,-14,-104,-71,2300,202,-20,-111,-77,2300,110,-20,-114,-77,
250,38.91561251666667,-95.317908,2025/Dec/17,11:35:16,311,480,203,2300,216253.32,55302,-102,-15,-68,10,2300,203,-16,-103,-65,2300,202,-20,-111,-79,2300,386,-20,-106,-78,
250,38.915612466666666,-95.31790805,2025/Dec/17,11:35:17,311,480,203,2300,216253.32,55302,-102,-16,-69,10,2300,203,-15,-103,-69,2300,202,-20,-109,-78,
250,38.91561243333334,-95.31790806666666,2025/Dec/17,11:35:18,311,480,203,2300,216253.32,55302,-107,-17,-71,7,2300,203,-17,-108,-72,2300,202,-20,-116,-79,2300,386,-19,-106,-79,
250,38.91561243333334,-95.31790806666666,2025/Dec/17,11:35:20,311,480,203,2300,216253.32,55302,-108,-20,-69,8,2300,203,-19,-108,-69,2300,386,-20,-111,-76,
250,38.91561243333334,-95.31790806666666,2025/Dec/17,11:35:21,311,480,203,2300,216253.32,55302,-110,-18,-71,7,2300,203,-18,-109,-71,2300,386,-20,-110,-81,
250,38.91561241666667,-95.31790803333334,2025/Dec/17,11:35:22,311,480,203,2300,216253.32,55302,-108,-16,-71,8,2300,203,-16,-108,-72,2300,386,-19,-107,-79,2300,110,-20,-111,-77,2300,202,-20,-106,-76,
250,38.91561241666667,-95.31790801666666,2025/Dec/17,11:35:23,311,480,203,2300,216253.32,55302,-108,-18,-69,7,2300,203,-18,-108,-71,2300,386,-20,-110,-78,
250,38.91561241666667,-95.31790803333334,2025/Dec/17,11:35:24,311,480,203,2300,216253.32,55302,-109,-18,-68,7,2300,203,-19,-109,-72,2300,386,-20,-109,-77,
250,38.9156124,-95.31790803333334,2025/Dec/17,11:35:25,311,480,203,2300,216253.32,55302,-108,-18,-71,7,2300,203,-18,-108,-71,2300,386,-20,-109,-78,2300,202,-20,-116,-80,
250,38.9156124,-95.31790803333334,2025/Dec/17,11:35:26,311,480,203,2300,216253.32,55302,-108,-17,-71,7,2300,203,-17,-108,-72,2300,386,-20,-108,-81,2300,202,-20,-115,-83,
250,38.91561243333334,-95.317908,2025/Dec/17,11:35:27,311,480,203,2300,216253.32,55302,-108,-19,-69,7,2300,203,-19,-109,-68,2300,386,-20,-108,-81,
250,38.91561245,-95.31790798333333,2025/Dec/17,11:35:28,311,480,203,2300,216253.32,55302,-109,-19,-72,8,2300,203,-18,-109,-71,2300,386,-20,-107,-78,
250,38.91561245,-95.317908,2025/Dec/17,11:35:29,311,480,203,2300,216253.32,55302,-109,-18,-68,6,2300,203,-18,-108,-71,2300,386,-19,-106,-78,
250,38.9156124,-95.31790803333334,2025/Dec/17,11:35:32,311,480,203,2300,216253.32,55302,-109,-20,-68,6,2300,203,-20,-109,-69,2300,386,-20,-106,-77,
250,38.9156124,-95.31790801666666,2025/Dec/17,11:35:33,311,480,203,2300,216253.32,55302,-109,-19,-72,7,2300,203,-19,-109,-68,2300,386,-20,-107,-79,
250,38.91561238333333,-95.31790798333333,2025/Dec/17,11:35:35,311,480,386,775,216150.34,55302,-111,-20,-77,9,775,386,-20,-111,-76,
250,38.9156124,-95.31790796666667,2025/Dec/17,11:35:36,311,480,386,5230,216150.3,55302,-99,-12,-72,7,5230,386,-11,-99,-73,
250,38.91561241666667,-95.31790796666667,2025/Dec/17,11:35:37,311,480,386,5230,216150.3,55302,-98,-10,-71,8,5230,386,-10,-99,-71,
250,38.9156124,-95.31790801666666,2025/Dec/17,11:35:39,311,480,386,5230,216150.3,55302,-99,-11,-71,8,5230,386,-16,-100,-66,
250,38.91561243333334,-95.31790803333334,2025/Dec/17,11:35:42,311,480,386,5230,216150.3,55302,-100,-11,-72,6,5230,386,-11,-99,-71,
250,38.91561241666667,-95.31790803333334,2025/Dec/17,11:35:44,311,480,386,5230,216150.3,55302,-100,-11,-72,7,5230,386,-11,-99,-72,
250,38.9156124,-95.31790801666666,2025/Dec/17,11:35:45,311,480,386,5230,216150.3,55302,-99,-15,-66,7,5230,386,-16,-100,-66,
250,38.9156124,-95.31790801666666,2025/Dec/17,11:35:46,311,480,386,5230,216150.3,55302,-99,-10,-71,8,5230,386,-11,-99,-70,
250,38.91561118333333,-95.31791025,2025/Dec/17,11:35:47,311,480,386,5230,216150.3,55302,-99,-11,-71,6,5230,386,-11,-99,-70,
250,38.91561346666667,-95.31790833333334,2025/Dec/17,11:35:49,311,480,386,5230,216150.3,55302,-99,-12,-72,7,5230,386,-13,-99,-71,
250,38.91561373333333,-95.3179079,2025/Dec/17,11:35:50,311,480,386,5230,216150.3,55302,-99,-15,-66,7,5230,386,-15,-99,-69,
250,38.91561621666666,-95.317908,2025/Dec/17,11:35:51,311,480,386,5230,216150.3,55302,-98,-11,-70,9,5230,386,-11,-98,-69,
250,38.915616633333336,-95.31790586666666,2025/Dec/17,11:35:52,311,480,386,5230,216150.3,55302,-98,-11,-70,8,5230,386,-11,-98,-68,
250,38.915617766666664,-95.31790498333334,2025/Dec/17,11:35:53,311,480,386,5230,216150.3,55302,-99,-15,-65,3,5230,386,-15,-99,-71,
250,38.9156173,-95.31790956666667,2025/Dec/17,11:35:55,311,480,386,5230,216150.3,55302,-99,-12,-71,4,5230,386,-12,-99,-70,
250,38.91561735,-95.31791071666666,2025/Dec/17,11:35:56,311,480,386,5230,216150.3,55302,-99,-11,-72,3,5230,386,-11,-99,-72,
250,38.91561646666667,-95.31791061666667,2025/Dec/17,11:35:57,311,480,386,5230,216150.3,55302,-98,-16,-64,4,5230,386,-17,-98,-65,
250,38.9156162,-95.31791086666667,2025/Dec/17,11:35:58,311,480,386,5230,216150.3,55302,-99,-10,-72,5,5230,386,-10,-99,-71,
250,38.91561623333333,-95.3179115,2025/Dec/17,11:35:59,311,480,386,5230,216150.3,55302,-99,-11,-71,5,5230,386,-11,-99,-71,
250,38.91561626666667,-95.31791183333333,2025/Dec/17,11:36:00,311,480,386,5230,216150.3,55302,-99,-11,-71,3,5230,386,-13,-99,-71,
250,38.9156162,-95.31791181666667,2025/Dec/17,11:36:01,311,480,386,5230,216150.3,55302,-99,-16,-65,4,5230,386,-16,-99,-66,
250,38.91561586666667,-95.31791135,2025/Dec/17,11:36:03,311,480,386,5230,216150.3,55302,-99,-12,-69,5,5230,386,-11,-98,-70,
250,38.915615716666665,-95.31791111666666,2025/Dec/17,11:36:04,311,480,386,5230,216150.3,55302,-99,-12,-69,5,5230,386,-11,-99,-70,
250,38.91561565,-95.317911,2025/Dec/17,11:36:05,311,480,386,5230,216150.3,55302,-99,-16,-65,6,5230,386,-11,-98,-70,
250,38.91561555,-95.31791073333333,2025/Dec/17,11:36:09,311,480,386,5230,216150.3,55302,-99,-15,-71,6,5230,386,-13,-99,-70,
250,38.91561553333333,-95.31791071666666,2025/Dec/17,11:36:10,311,480,386,5230,216150.3,55302,-98,-11,-71,4,5230,386,-11,-99,-70,
250,38.91561551666667,-95.3179107,2025/Dec/17,11:36:11,311,480,386,5230,216150.3,55302,-99,-15,-65,5,5230,386,-16,-99,-64,
250,38.9156155,-95.31791068333334,2025/Dec/17,11:36:13,311,480,386,5230,216150.3,55302,-99,-14,-69,4,5230,386,-12,-99,-71,
250,38.91561551666667,-95.31791068333334,2025/Dec/17,11:36:14,311,480,386,5230,216150.3,55302,-98,-11,-70,4,5230,386,-10,-98,-71,
250,38.91561553333333,-95.31791068333334,2025/Dec/17,11:36:15,311,480,386,5230,216150.3,55302,-98,-10,-72,5,5230,386,-10,-98,-72,
250,38.91561553333333,-95.31791063333333,2025/Dec/17,11:36:16,311,480,386,5230,216150.3,55302,-99,-10,-72,5,5230,386,-10,-99,-72,
250,38.91561551666667,-95.31791056666667,2025/Dec/17,11:36:18,311,480,386,5230,216150.3,55302,-99,-10,-72,5,5230,386,-10,-98,-64,
250,38.915615683333336,-95.31791023333334,2025/Dec/17,11:36:19,311,480,386,5230,216150.3,55302,-99,-18,-63,7,5230,386,-17,-98,-64,
250,38.915615816666666,-95.31790996666666,2025/Dec/17,11:36:21,311,480,386,5230,216150.3,55302,-98,-10,-71,8,5230,386,-10,-98,-70,
250,38.91561585,-95.3179099,2025/Dec/17,11:36:22,311,480,386,5230,216150.3,55302,-98,-10,-70,7,5230,386,-10,-98,-71,
250,38.91561585,-95.31790986666667,2025/Dec/17,11:36:23,311,480,386,5230,216150.3,55302,-99,-10,-71,4,5230,386,-10,-99,-71,
250,38.91561585,-95.31790985,2025/Dec/17,11:36:24,311,480,386,5230,216150.3,55302,-97,-9,-71,6,5230,386,-9,-97,-69,
250,38.91561585,-95.31790985,2025/Dec/17,11:36:25,311,480,386,5230,216150.3,55302,-98,-14,-64,6,5230,386,-15,-98,-64,
250,38.915615833333334,-95.3179099,2025/Dec/17,11:36:26,311,480,386,5230,216150.3,55302,-98,-16,-64,5,5230,386,-14,-98,-70,
250,38.915615833333334,-95.31790991666666,2025/Dec/17,11:36:27,311,480,386,5230,216150.3,55302,-98,-11,-70,7,5230,386,-12,-98,-68,
250,38.91561585,-95.31790988333333,2025/Dec/17,11:36:30,311,480,386,5230,216150.3,55302,-98,-12,-68,4,5230,386,-12,-98,-70,
250,38.91561588333333,-95.31790983333333,2025/Dec/17,11:36:31,311,480,386,5230,216150.3,55302,-99,-12,-70,4,5230,386,-12,-99,-69,
250,38.91561586666667,-95.31790971666666,2025/Dec/17,11:36:32,311,480,386,5230,216150.3,55302,-99,-10,-72,5,5230,386,-10,-99,-72,
250,38.91561586666667,-95.31790966666667,2025/Dec/17,11:36:33,311,480,386,5230,216150.3,55302,-98,-12,-70,6,5230,386,-11,-98,-69,
250,38.91561588333333,-95.31790965,2025/Dec/17,11:36:34,311,480,386,5230,216150.3,55302,-98,-14,-65,6,5230,386,-15,-98,-64,
250,38.91561588333333,-95.31790966666667,2025/Dec/17,11:36:35,311,480,386,5230,216150.3,55302,-98,-11,-70,6,5230,386,-10,-98,-70,
250,38.9156159,-95.31790965,2025/Dec/17,11:36:37,311,480,386,5230,216150.3,55302,-98,-9,-72,4,5230,386,-10,-98,-70,
250,38.9156159,-95.31790966666667,2025/Dec/17,11:36:38,311,480,386,5230,216150.3,55302,-98,-10,-70,3,5230,386,-10,-98,-70,
250,38.91561588333333,-95.31790961666667,2025/Dec/17,11:36:40,311,480,386,5230,216150.3,55302,-98,-17,-63,5,5230,386,-17,-98,-63,
250,38.91561595,-95.31790956666667,2025/Dec/17,11:36:42,311,480,386,5230,216150.3,55302,-98,-11,-72,4,5230,386,-10,-98,-71,
250,38.91561598333333,-95.31790955,2025/Dec/17,11:36:43,311,480,386,5230,216150.3,55302,-98,-10,-72,3,5230,386,-10,-99,-71,
250,38.915616033333336,-95.3179095,2025/Dec/17,11:36:44,311,480,386,5230,216150.3,55302,-97,-9,-72,5,5230,386,-10,-97,-71,
250,38.915616066666665,-95.31790948333334,2025/Dec/17,11:36:45,311,480,386,5230,216150.3,55302,-98,-9,-72,6,5230,386,-9,-98,-71,
250,38.91561608333333,-95.31790946666666,2025/Dec/17,11:36:46,311,480,386,5230,216150.3,55302,-97,-15,-63,4,5230,386,-16,-97,-63,
250,38.91561608333333,-95.31790945,2025/Dec/17,11:36:48,311,480,386,5230,216150.3,55302,-98,-11,-71,3,5230,386,-10,-97,-71,
250,38.91561611666667,-95.31790943333333,2025/Dec/17,11:36:49,311,480,386,5230,216150.3,55302,-99,-10,-72,4,5230,386,-10,-99,-72,
250,38.91561613333333,-95.31790941666667,2025/Dec/17,11:36:50,311,480,386,5230,216150.3,55302,-100,-11,-70,3,5230,386,-11,-99,-72,
250,38.9156162,-95.31790938333333,2025/Dec/17,11:36:52,311,480,386,5230,216150.3,55302,-98,-14,-65,8,5230,386,-15,-98,-65,5230,203,-15,-98,-76,
250,38.9156162,-95.31790931666667,2025/Dec/17,11:36:54,311,480,386,5230,216150.3,55302,-97,-18,-62,7,5230,386,-18,-97,-67,5230,203,-16,-97,-73,
250,38.9156162,-95.3179093,2025/Dec/17,11:36:55,311,480,386,5230,216150.3,55302,-97,-17,-65,8,5230,386,-16,-97,-66,5230,203,-17,-98,-74,
250,38.91561621666666,-95.31790928333334,2025/Dec/17,11:36:57,311,480,386,5230,216150.3,55302,-99,-10,-71,3,5230,386,-10,-99,-70,
250,38.91561621666666,-95.31790928333334,2025/Dec/17,11:36:58,311,480,386,5230,216150.3,55302,-99,-10,-72,3,5230,386,-10,-99,-71,
250,38.91561625,-95.3179093,2025/Dec/17,11:37:00,311,480,386,5230,216150.3,55302,-98,-10,-72,5,5230,386,-9,-98,-72,
250,38.91561625,-95.3179093,2025/Dec/17,11:37:01,311,480,386,5230,216150.3,55302,-98,-10,-67,4,5230,386,-10,-98,-72,
250,38.91561625,-95.31790931666667,2025/Dec/17,11:37:02,311,480,386,5230,216150.3,55302,-98,-16,-63,4,5230,386,-17,-98,-63,
250,38.91561623333333,-95.31790931666667,2025/Dec/17,11:37:03,311,480,386,5230,216150.3,55302,-97,-18,-61,8,5230,386,-12,-99,-72,
250,38.91561625,-95.31790938333333,2025/Dec/17,11:37:08,311,480,386,5230,216150.3,55302,-98,-10,-72,6,5230,386,-10,-99,-72,
250,38.91561625,-95.31790941666667,2025/Dec/17,11:37:09,311,480,386,5230,216150.3,55302,-99,-10,-72,7,5230,386,-10,-99,-71,
250,38.91561625,-95.3179094,2025/Dec/17,11:37:10,311,480,386,5230,216150.3,55302,-99,-17,-65,4,5230,386,-17,-99,-65,
250,38.91561625,-95.3179094,2025/Dec/17,11:37:11,311,480,386,5230,216150.3,55302,-99,-11,-71,5,5230,386,-11,-99,-71,
250,38.91561625,-95.31790941666667,2025/Dec/17,11:37:13,311,480,386,5230,216150.3,55302,-100,-11,-71,4,5230,386,-11,-100,-72,5230,497,-20,-123,-88,
250,38.9156163,-95.31790938333333,2025/Dec/17,11:37:14,311,480,386,5230,216150.3,55302,-99,-10,-71,4,5230,386,-10,-99,-72,
250,38.91561635,-95.31790933333333,2025/Dec/17,11:37:16,311,480,386,5230,216150.3,55302,-99,-15,-66,5,5230,386,-16,-99,-65,
250,38.91561636666667,-95.3179093,2025/Dec/17,11:37:17,311,480,386,5230,216150.3,55302,-100,-17,-65,4,5230,386,-14,-99,-70,
250,38.91561638333334,-95.31790928333334,2025/Dec/17,11:37:18,311,480,386,5230,216150.3,55302,-99,-12,-71,4,5230,386,-12,-99,-72,
250,38.9156164,-95.31790925,2025/Dec/17,11:37:19,311,480,386,5230,216150.3,55302,-99,-11,-69,5,5230,386,-11,-99,-71,
250,38.915616416666666,-95.31790921666666,2025/Dec/17,11:37:20,311,480,386,5230,216150.3,55302,-99,-11,-69,4,5230,386,-12,-99,-70,5230,212,-20,-118,-80,
250,38.915616433333334,-95.31790921666666,2025/Dec/17,11:37:21,311,480,386,5230,216150.3,55302,-99,-12,-69,5,5230,386,-11,-99,-71,
250,38.915616433333334,-95.31790918333333,2025/Dec/17,11:37:23,311,480,386,5230,216150.3,55302,-99,-12,-71,4,5230,386,-12,-99,-71,
250,38.91561645,-95.31790916666667,2025/Dec/17,11:37:24,311,480,386,5230,216150.3,55302,-99,-12,-70,4,5230,386,-12,-99,-70,
250,38.915616433333334,-95.3179092,2025/Dec/17,11:37:25,311,480,386,5230,216150.3,55302,-98,-12,-65,6,5230,386,-13,-98,-63,
250,38.915616416666666,-95.31790921666666,2025/Dec/17,11:37:26,311,480,386,5230,216150.3,55302,-98,-12,-67,6,5230,386,-12,-98,-68,
250,38.9156164,-95.31790923333334,2025/Dec/17,11:37:27,311,480,386,5230,216150.3,55302,-98,-11,-70,6,5230,386,-11,-98,-71,
250,38.91561638333334,-95.31790931666667,2025/Dec/17,11:37:30,311,480,386,5230,216150.3,55302,-98,-11,-69,6,5230,386,-10,-98,-72,
250,38.91561638333334,-95.31790935,2025/Dec/17,11:37:31,311,480,386,5230,216150.3,55302,-98,-11,-72,4,5230,386,-13,-98,-63,
250,38.9156164,-95.31790936666667,2025/Dec/17,11:37:32,311,480,386,5230,216150.3,55302,-98,-11,-69,5,5230,386,-11,-98,-68,
250,38.91561636666667,-95.3179093,2025/Dec/17,11:37:35,311,480,386,5230,216150.3,55302,-98,-11,-69,4,5230,386,-11,-98,-69,
250,38.91561635,-95.31790926666666,2025/Dec/17,11:37:36,311,480,386,5230,216150.3,55302,-98,-11,-72,6,5230,386,-11,-98,-72,
250,38.91561636666667,-95.31790923333334,2025/Dec/17,11:37:37,311,480,386,5230,216150.3,55302,-98,-10,-71,5,5230,386,-10,-98,-71,
250,38.91561636666667,-95.31790921666666,2025/Dec/17,11:37:38,311,480,386,5230,216150.3,55302,-98,-11,-65,5,5230,386,-11,-98,-64,
250,38.91561635,-95.31790918333333,2025/Dec/17,11:37:39,311,480,386,5230,216150.3,55302,-99,-12,-71,5,5230,386,-11,-99,-69,
250,38.91561633333333,-95.31790916666667,2025/Dec/17,11:37:41,311,480,386,5230,216150.3,55302,-98,-10,-71,5,5230,386,-10,-98,-71,
250,38.91561633333333,-95.3179091,2025/Dec/17,11:37:42,311,480,386,5230,216150.3,55302,-98,-11,-71,5,5230,386,-12,-98,-71,
250,38.91561635,-95.31790906666667,2025/Dec/17,11:37:44,311,480,386,5230,216150.3,55302,-98,-11,-67,5,5230,386,-11,-98,-71,
250,38.91561638333334,-95.31790905,2025/Dec/17,11:37:45,311,480,386,5230,216150.3,55302,-98,-11,-71,4,5230,386,-11,-98,-70,
250,38.91561638333334,-95.31790905,2025/Dec/17,11:37:46,311,480,386,5230,216150.3,55302,-99,-12,-72,4,5230,386,-13,-98,-66,
250,38.91561638333334,-95.31790903333334,2025/Dec/17,11:37:47,311,480,386,5230,216150.3,55302,-98,-14,-66,4,5230,386,-14,-98,-67,
250,38.91561635,-95.31790901666666,2025/Dec/17,11:37:48,311,480,386,5230,216150.3,55302,-98,-10,-70,5,5230,386,-10,-98,-71,
250,38.91561633333333,-95.31790898333334,2025/Dec/17,11:37:49,311,480,386,5230,216150.3,55302,-98,-10,-69,4,5230,386,-10,-98,-70,
250,38.915616316666664,-95.31790896666666,2025/Dec/17,11:37:50,311,480,386,5230,216150.3,55302,-98,-13,-67,5,5230,386,-14,-98,-67,
250,38.91561625,-95.31790893333333,2025/Dec/17,11:37:53,311,480,386,5230,216150.3,55302,-98,-15,-71,5,5230,386,-15,-98,-65,
250,38.91561625,-95.31790891666667,2025/Dec/17,11:37:54,311,480,386,5230,216150.3,55302,-98,-12,-71,5,5230,386,-11,-98,-71,
250,38.91561623333333,-95.3179089,2025/Dec/17,11:37:55,311,480,386,5230,216150.3,55302,-98,-11,-68,5,5230,386,-11,-98,-70,
250,38.91561623333333,-95.31790888333333,2025/Dec/17,11:37:56,311,480,386,5230,216150.3,55302,-98,-11,-68,4,5230,386,-12,-98,-69,
250,38.91561623333333,-95.31790886666667,2025/Dec/17,11:37:57,311,480,386,5230,216150.3,55302,-98,-13,-64,4,5230,386,-14,-98,-65,
250,38.91561623333333,-95.31790885,2025/Dec/17,11:37:58,311,480,386,5230,216150.3,55302,-98,-10,-71,4,5230,386,-10,-98,-71,
250,38.91561623333333,-95.31790885,2025/Dec/17,11:37:59,311,480,386,5230,216150.3,55302,-98,-11,-64,4,5230,386,-12,-98,-68,
250,38.91561626666667,-95.31790886666667,2025/Dec/17,11:38:02,311,480,386,5230,216150.3,55302,-98,-11,-70,5,5230,386,-11,-98,-69,
250,38.9156163,-95.31790888333333,2025/Dec/17,11:38:05,311,480,386,5230,216150.3,55302,-99,-11,-71,5,5230,386,-11,-98,-71,
250,38.915616316666664,-95.31790886666667,2025/Dec/17,11:38:06,311,480,386,5230,216150.3,55302,-98,-10,-71,5,5230,386,-10,-98,-70,
250,38.91561633333333,-95.31790886666667,2025/Dec/17,11:38:07,311,480,386,5230,216150.3,55302,-98,-16,-65,6,5230,386,-16,-98,-65,
250,38.91561633333333,-95.31790886666667,2025/Dec/17,11:38:08,311,480,386,5230,216150.3,55302,-99,-10,-71,6,5230,386,-10,-99,-71,
250,38.91561635,-95.31790886666667,2025/Dec/17,11:38:09,311,480,386,5230,216150.3,55302,-98,-11,-70,3,5230,386,-12,-98,-71,
250,38.91561635,-95.31790883333333,2025/Dec/17,11:38:10,311,480,386,5230,216150.3,55302,-98,-11,-71,6,5230,386,-11,-98,-71,
250,38.91561638333334,-95.31790881666667,2025/Dec/17,11:38:11,311,480,386,5230,216150.3,55302,-99,-11,-72,5,5230,386,-11,-98,-72,
250,38.915616416666666,-95.3179088,2025/Dec/17,11:38:12,311,480,386,5230,216150.3,55302,-98,-11,-67,6,5230,386,-12,-98,-70,
250,38.915616433333334,-95.31790881666667,2025/Dec/17,11:38:13,311,480,386,5230,216150.3,55302,-99,-12,-65,6,5230,386,-13,-98,-66,
250,38.915616416666666,-95.31790885,2025/Dec/17,11:38:15,311,480,386,5230,216150.3,55302,-99,-11,-70,7,5230,386,-11,-99,-72,
250,38.91561638333334,-95.31790883333333,2025/Dec/17,11:38:16,311,480,386,5230,216150.3,55302,-99,-11,-71,6,5230,386,-11,-99,-71,
250,38.915616416666666,-95.31790881666667,2025/Dec/17,11:38:18,311,480,386,5230,216150.3,55302,-99,-11,-69,5,5230,386,-10,-98,-71,
250,38.915616416666666,-95.31790878333334,2025/Dec/17,11:38:19,311,480,386,5230,216150.3,55302,-98,-10,-71,6,5230,386,-10,-98,-72,
250,38.915616416666666,-95.31790876666666,2025/Dec/17,11:38:20,311,480,386,5230,216150.3,55302,-98,-10,-71,6,5230,386,-10,-98,-70,
250,38.9156164,-95.31790875,2025/Dec/17,11:38:22,311,480,386,5230,216150.3,55302,-98,-11,-69,6,5230,386,-11,-98,-69,
250,38.9156164,-95.31790871666666,2025/Dec/17,11:38:23,311,480,386,5230,216150.3,55302,-98,-12,-65,7,5230,386,-14,-98,-65,
250,38.9156164,-95.31790868333333,2025/Dec/17,11:38:24,311,480,386,5230,216150.3,55302,-99,-11,-71,5,5230,386,-11,-99,-70,
250,38.9156164,-95.31790865,2025/Dec/17,11:38:25,311,480,386,5230,216150.3,55302,-98,-11,-71,5,5230,386,-11,-98,-69,
250,38.9156164,-95.31790858333333,2025/Dec/17,11:38:27,311,480,386,5230,216150.3,55302,-99,-11,-69,4,5230,386,-12,-99,-71,
250,38.9156164,-95.3179086,2025/Dec/17,11:38:29,311,480,386,5230,216150.3,55302,-99,-15,-71,7,5230,386,-11,-99,-71,
250,38.9156164,-95.31790858333333,2025/Dec/17,11:38:32,311,480,386,5230,216150.3,55302,-99,-11,-71,8,5230,386,-11,-99,-70,
250,38.9156164,-95.31790858333333,2025/Dec/17,11:38:33,311,480,386,5230,216150.3,55302,-99,-11,-68,7,5230,386,-11,-99,-72,
250,38.9156164,-95.31790858333333,2025/Dec/17,11:38:35,311,480,386,5230,216150.3,55302,-99,-11,-71,7,5230,386,-11,-99,-71,
250,38.9156164,-95.31790856666667,2025/Dec/17,11:38:36,311,480,386,5230,216150.3,55302,-99,-12,-68,6,5230,386,-12,-99,-68,
250,38.9156164,-95.31790856666667,2025/Dec/17,11:38:37,311,480,386,5230,216150.3,55302,-99,-12,-71,7,5230,386,-12,-99,-67,
250,38.9156164,-95.31790856666667,2025/Dec/17,11:38:38,311,480,386,5230,216150.3,55302,-99,-13,-67,5,5230,386,-13,-99,-71,
250,38.91561638333334,-95.31790861666667,2025/Dec/17,11:38:40,311,480,386,5230,216150.3,55302,-99,-13,-65,6,5230,386,-14,-99,-65,
250,38.91561633333333,-95.31790866666667,2025/Dec/17,11:38:42,311,480,386,5230,216150.3,55302,-99,-12,-71,6,5230,386,-11,-99,-72,
250,38.915616316666664,-95.31790866666667,2025/Dec/17,11:38:43,311,480,386,5230,216150.3,55302,-99,-11,-69,6,5230,386,-11,-98,-68,
250,38.9156163,-95.31790863333333,2025/Dec/17,11:38:45,311,480,386,5230,216150.3,55302,-99,-11,-70,6,5230,386,-12,-99,-72,
250,38.9156163,-95.31790861666667,2025/Dec/17,11:38:46,311,480,386,5230,216150.3,55302,-99,-14,-73,4,5230,386,-13,-100,-73,
250,38.9156163,-95.31790858333333,2025/Dec/17,11:38:47,311,480,386,5230,216150.3,55302,-100,-10,-73,5,5230,386,-10,-100,-73,
250,38.915616316666664,-95.31790853333334,2025/Dec/17,11:38:49,311,480,386,5230,216150.3,55302,-99,-13,-70,6,5230,386,-14,-99,-67,
250,38.915616316666664,-95.3179085,2025/Dec/17,11:38:50,311,480,386,5230,216150.3,55302,-98,-9,-71,8,5230,386,-10,-99,-71,
250,38.915616316666664,-95.31790851666666,2025/Dec/17,11:38:52,311,480,386,5230,216150.3,55302,-98,-15,-64,9,5230,386,-16,-98,-64,
250,38.915616316666664,-95.31790851666666,2025/Dec/17,11:38:53,311,480,386,5230,216150.3,55302,-99,-15,-72,5,5230,386,-14,-99,-68,
250,38.91561633333333,-95.3179085,2025/Dec/17,11:38:54,311,480,386,5230,216150.3,55302,-99,-12,-67,6,5230,386,-12,-99,-72,
250,38.91561633333333,-95.3179085,2025/Dec/17,11:38:55,311,480,386,5230,216150.3,55302,-99,-13,-67,6,5230,386,-12,-99,-71,
250,38.91561633333333,-95.31790845,2025/Dec/17,11:38:56,311,480,386,5230,216150.3,55302,-98,-11,-71,6,5230,386,-14,-98,-66,
250,38.915616433333334,-95.31790836666667,2025/Dec/17,11:39:00,311,480,386,5230,216150.3,55302,-99,-12,-70,6,5230,386,-12,-99,-71,
250,38.91561646666667,-95.31790836666667,2025/Dec/17,11:39:01,311,480,386,5230,216150.3,55302,-98,-14,-64,5,5230,386,-15,-98,-64,
250,38.9156165,-95.31790838333333,2025/Dec/17,11:39:02,311,480,386,5230,216150.3,55302,-98,-11,-70,8,5230,386,-11,-98,-70,
250,38.9156165,-95.31790836666667,2025/Dec/17,11:39:03,311,480,386,5230,216150.3,55302,-99,-11,-70,6,5230,386,-11,-99,-69,
250,38.91561651666667,-95.31790836666667,2025/Dec/17,11:39:04,311,480,386,5230,216150.3,55302,-98,-11,-69,6,5230,386,-11,-98,-69,
250,38.91561651666667,-95.31790836666667,2025/Dec/17,11:39:05,311,480,386,5230,216150.3,55302,-97,-11,-70,6,5230,386,-11,-97,-68,
250,38.91561651666667,-95.31790835,2025/Dec/17,11:39:07,311,480,386,5230,216150.3,55302,-98,-11,-69,5,5230,386,-11,-98,-70,
250,38.91561651666667,-95.31790835,2025/Dec/17,11:39:08,311,480,386,5230,216150.3,55302,-98,-11,-69,6,5230,386,-11,-98,-69,
250,38.915616533333335,-95.31790835,2025/Dec/17,11:39:09,311,480,386,5230,216150.3,55302,-98,-11,-69,5,5230,386,-11,-98,-70,
250,38.91561651666667,-95.31790833333334,2025/Dec/17,11:39:10,311,480,386,5230,216150.3,55302,-98,-11,-71,6,5230,386,-11,-98,-71,
250,38.9156165,-95.31790831666666,2025/Dec/17,11:39:12,311,480,386,5230,216150.3,55302,-98,-12,-64,6,5230,386,-12,-98,-69,
250,38.91561648333333,-95.3179083,2025/Dec/17,11:39:13,311,480,386,5230,216150.3,55302,-98,-12,-68,4,5230,386,-12,-98,-69,
250,38.91561648333333,-95.3179083,2025/Dec/17,11:39:14,311,480,386,5230,216150.3,55302,-98,-12,-68,3,5230,386,-12,-98,-69,
250,38.91561648333333,-95.3179083,2025/Dec/17,11:39:15,311,480,386,5230,216150.3,55302,-98,-12,-69,4,5230,386,-12,-98,-68,
250,38.9156165,-95.31790828333334,2025/Dec/17,11:39:16,311,480,386,5230,216150.3,55302,-98,-15,-65,6,5230,386,-15,-98,-65,
250,38.91561651666667,-95.31790828333334,2025/Dec/17,11:39:17,311,480,386,5230,216150.3,55302,-98,-15,-71,6,5230,386,-13,-98,-68,
250,38.915616533333335,-95.31790826666666,2025/Dec/17,11:39:18,311,480,386,5230,216150.3,55302,-98,-11,-69,6,5230,386,-11,-98,-69,
250,38.915616533333335,-95.31790826666666,2025/Dec/17,11:39:19,311,480,386,5230,216150.3,55302,-97,-10,-69,6,5230,386,-10,-97,-67,
250,38.915616566666664,-95.31790821666667,2025/Dec/17,11:39:22,311,480,386,5230,216150.3,55302,-98,-12,-68,6,5230,386,-12,-98,-68,
250,38.91561658333333,-95.3179082,2025/Dec/17,11:39:23,311,480,386,5230,216150.3,55302,-98,-11,-69,5,5230,386,-11,-98,-69,
250,38.9156166,-95.3179082,2025/Dec/17,11:39:24,311,480,386,5230,216150.3,55302,-98,-15,-70,6,5230,386,-11,-97,-68,
250,38.91561658333333,-95.31790818333333,2025/Dec/17,11:39:29,311,480,386,5230,216150.3,55302,-97,-11,-69,4,5230,386,-11,-97,-70,
250,38.91561675,-95.3179073,2025/Dec/17,11:39:30,311,480,386,5230,216150.3,55302,-97,-12,-68,5,5230,386,-12,-97,-68,
250,38.91561291666667,-95.31791885,2025/Dec/17,11:39:31,311,480,386,5230,216150.3,55302,-97,-11,-68,4,5230,386,-11,-97,-69,
250,38.915609933333336,-95.3179269,2025/Dec/17,11:39:32,311,480,386,5230,216150.3,55302,-97,-11,-70,5,5230,386,-11,-97,-69,
250,38.915608983333335,-95.31792823333333,2025/Dec/17,11:39:33,311,480,386,5230,216150.3,55302,-97,-11,-70,7,5230,386,-11,-97,-70,
250,38.91561178333333,-95.31792146666666,2025/Dec/17,11:39:34,311,480,386,5230,216150.3,55302,-97,-13,-63,5,5230,386,-15,-97,-63,
250,38.91561241666667,-95.31791788333334,2025/Dec/17,11:39:35,311,480,386,5230,216150.3,55302,-97,-17,-63,5,5230,386,-17,-97,-63,
250,38.915615700000004,-95.31791701666667,2025/Dec/17,11:39:36,311,480,386,5230,216150.3,55302,-97,-11,-68,6,5230,386,-10,-98,-70,
240,38.91561765,-95.31791481666667,2025/Dec/17,11:39:37,311,480,386,5230,216150.3,55302,-97,-10,-70,4,5230,386,-9,-97,-71,
240,38.915619783333334,-95.31791356666666,2025/Dec/17,11:39:38,311,480,386,5230,216150.3,55302,-98,-10,-71,4,5230,386,-11,-98,-66,
250,38.9156169,-95.31790923333334,2025/Dec/17,11:39:40,311,480,386,5230,216150.3,55302,-99,-11,-71,5,5230,386,-12,-99,-67,
250,38.91561436666667,-95.31791141666666,2025/Dec/17,11:39:41,311,480,386,5230,216150.3,55302,-98,-10,-70,3,5230,386,-10,-98,-69,
250,38.915612616666664,-95.31791161666666,2025/Dec/17,11:39:42,311,480,386,5230,216150.3,55302,-98,-11,-70,4,5230,386,-11,-98,-69,
240,38.91561301666667,-95.31791161666666,2025/Dec/17,11:39:43,311,480,386,5230,216150.3,55302,-98,-13,-68,5,5230,386,-13,-99,-67,
240,38.915615,-95.31790883333333,2025/Dec/17,11:39:44,311,480,386,5230,216150.3,55302,-97,-12,-65,5,5230,386,-13,-97,-67,
240,38.91561516666667,-95.31790898333334,2025/Dec/17,11:39:45,311,480,386,5230,216150.3,55302,-98,-12,-68,3,5230,386,-12,-98,-67,
240,38.91561488333333,-95.31790646666667,2025/Dec/17,11:39:46,311,480,386,5230,216150.3,55302,-98,-12,-70,5,5230,386,-12,-98,-70,
240,38.915615566666666,-95.31790326666666,2025/Dec/17,11:39:47,311,480,386,5230,216150.3,55302,-97,-10,-70,5,5230,386,-10,-97,-70,
240,38.91561453333333,-95.31790226666666,2025/Dec/17,11:39:48,311,480,386,5230,216150.3,55302,-97,-11,-70,3,5230,386,-12,-97,-68,
240,38.91561395,-95.31790336666667,2025/Dec/17,11:39:49,311,480,386,5230,216150.3,55302,-97,-11,-69,4,5230,386,-11,-97,-70,
240,38.91561365,-95.31790348333334,2025/Dec/17,11:39:50,311,480,386,5230,216150.3,55302,-97,-11,-69,5,5230,386,-11,-97,-69,
240,38.91561765,-95.31790068333333,2025/Dec/17,11:39:52,311,480,386,5230,216150.3,55302,-97,-10,-70,3,5230,386,-11,-97,-66,
240,38.91561948333333,-95.31789925,2025/Dec/17,11:39:53,311,480,386,5230,216150.3,55302,-97,-10,-69,4,5230,386,-11,-97,-66,
240,38.915620483333335,-95.3178984,2025/Dec/17,11:39:54,311,480,386,5230,216150.3,55302,-97,-11,-68,3,5230,386,-11,-97,-69,
240,38.915620833333335,-95.3178973,2025/Dec/17,11:39:57,311,480,386,5230,216150.3,55302,-97,-12,-66,3,5230,386,-12,-97,-72,
240,38.91562068333333,-95.3178973,2025/Dec/17,11:39:58,311,480,386,5230,216150.3,55302,-98,-11,-68,4,5230,386,-11,-97,-68,
240,38.9156206,-95.31789731666667,2025/Dec/17,11:39:59,311,480,386,5230,216150.3,55302,-97,-12,-69,4,5230,386,-12,-97,-66,
240,38.91562138333333,-95.31789521666667,2025/Dec/17,11:40:00,311,480,386,5230,216150.3,55302,-97,-10,-71,5,5230,386,-10,-97,-70,
240,38.9156221,-95.31789565,2025/Dec/17,11:40:01,311,480,386,5230,216150.3,55302,-98,-11,-70,3,5230,386,-11,-98,-70,
240,38.915621316666666,-95.31789613333333,2025/Dec/17,11:40:03,311,480,386,5230,216150.3,55302,-97,-11,-69,4,5230,386,-11,-97,-68,
240,38.91562155,-95.31789493333333,2025/Dec/17,11:40:04,311,480,386,5230,216150.3,55302,-97,-11,-69,5,5230,386,-11,-97,-70,
250,38.91562043333333,-95.3178969,2025/Dec/17,11:40:05,311,480,386,5230,216150.3,55302,-97,-11,-70,4,5230,386,-10,-97,-71,
250,38.91561801666667,-95.31790343333333,2025/Dec/17,11:40:06,311,480,386,5230,216150.3,55302,-97,-10,-70,5,5230,386,-10,-97,-69,
250,38.915617133333335,-95.31790415,2025/Dec/17,11:40:07,311,480,386,5230,216150.3,55302,-97,-10,-69,4,5230,386,-10,-97,-71,
250,38.91561566666667,-95.31790298333334,2025/Dec/17,11:40:08,311,480,386,5230,216150.3,55302,-97,-12,-66,4,5230,386,-12,-97,-71,
250,38.91561553333333,-95.31790306666667,2025/Dec/17,11:40:09,311,480,386,5230,216150.3,55302,-97,-10,-71,5,5230,386,-11,-97,-66,
250,38.915614033333334,-95.31790436666667,2025/Dec/17,11:40:10,311,480,386,5230,216150.3,55302,-97,-11,-66,2,5230,386,-11,-97,-70,
250,38.915613433333334,-95.31790511666667,2025/Dec/17,11:40:11,311,480,386,5230,216150.3,55302,-97,-11,-69,4,5230,386,-11,-97,-71,
250,38.915614016666666,-95.31790466666666,2025/Dec/17,11:40:12,311,480,386,5230,216150.3,55302,-97,-11,-69,4,5230,386,-11,-97,-69,
250,38.915610566666665,-95.3179095,2025/Dec/17,11:40:13,311,480,386,5230,216150.3,55302,-97,-12,-67,3,5230,386,-12,-98,-69,
250,38.91560748333333,-95.31790911666667,2025/Dec/17,11:40:15,311,480,386,5230,216150.3,55302,-97,-11,-68,4,5230,386,-11,-97,-70,
250,38.91560945,-95.31790323333334,2025/Dec/17,11:40:16,311,480,386,5230,216150.3,55302,-97,-12,-64,3,5230,386,-13,-97,-65,
250,38.91561143333333,-95.31789998333333,2025/Dec/17,11:40:17,311,480,386,5230,216150.3,55302,-97,-11,-68,3,5230,386,-11,-97,-69,
250,38.91561195,-95.31790096666667,2025/Dec/17,11:40:18,311,480,386,5230,216150.3,55302,-97,-10,-71,5,5230,386,-10,-97,-71,
250,38.915610816666664,-95.3179009,2025/Dec/17,11:40:19,311,480,386,5230,216150.3,55302,-97,-11,-69,3,5230,386,-11,-97,-68,
250,38.9156108,-95.31790173333333,2025/Dec/17,11:40:20,311,480,386,5230,216150.3,55302,-99,-13,-68,3,5230,386,-12,-98,-69,
250,38.9156119,-95.31790398333334,2025/Dec/17,11:40:21,311,480,386,5230,216150.3,55302,-98,-11,-70,4,5230,386,-11,-98,-69,
250,38.91561213333333,-95.3179052,2025/Dec/17,11:40:22,311,480,386,5230,216150.3,55302,-98,-11,-68,4,5230,386,-12,-97,-67,
250,38.91561111666667,-95.31790368333333,2025/Dec/17,11:40:25,311,480,386,5230,216150.3,55302,-98,-11,-70,3,5230,386,-10,-98,-70,
250,38.91560931666667,-95.317908,2025/Dec/17,11:40:27,311,480,386,5230,216150.3,55302,-98,-14,-70,5,5230,386,-12,-97,-68,
250,38.91561041666667,-95.31790955,2025/Dec/17,11:40:28,311,480,386,5230,216150.3,55302,-97,-11,-68,5,5230,386,-11,-98,-70,
250,38.915611733333336,-95.3179098,2025/Dec/17,11:40:29,311,480,386,5230,216150.3,55302,-98,-12,-69,3,5230,386,-11,-98,-69,
250,38.9156134,-95.31791,2025/Dec/17,11:40:30,311,480,386,5230,216150.3,55302,-98,-12,-66,4,5230,386,-13,-98,-70,
250,38.91561395,-95.31791075,2025/Dec/17,11:40:31,311,480,386,5230,216150.3,55302,-98,-12,-69,4,5230,386,-12,-98,-68,
250,38.91561445,-95.31791088333334,2025/Dec/17,11:40:32,311,480,386,5230,216150.3,55302,-98,-12,-69,3,5230,386,-12,-98,-69,
250,38.915614616666666,-95.31791093333334,2025/Dec/17,11:40:33,311,480,386,5230,216150.3,55302,-98,-11,-70,4,5230,386,-11,-98,-70,
250,38.91561475,-95.31791088333334,2025/Dec/17,11:40:34,311,480,386,5230,216150.3,55302,-97,-13,-66,4,5230,386,-13,-97,-66,
250,38.91561478333333,-95.31791103333333,2025/Dec/17,11:40:35,311,480,386,5230,216150.3,55302,-98,-12,-70,3,5230,386,-12,-98,-69,
250,38.91561485,-95.31791095,2025/Dec/17,11:40:36,311,480,386,5230,216150.3,55302,-98,-11,-69,5,5230,386,-12,-98,-69,
250,38.91561535,-95.31790975,2025/Dec/17,11:40:37,311,480,386,5230,216150.3,55302,-98,-11,-68,5,5230,386,-12,-98,-71,
250,38.91561575,-95.31790883333333,2025/Dec/17,11:40:39,311,480,386,5230,216150.3,55302,-98,-11,-70,7,5230,386,-11,-98,-69,
250,38.915615816666666,-95.31790865,2025/Dec/17,11:40:40,311,480,386,5230,216150.3,55302,-98,-11,-71,7,5230,386,-11,-98,-69,
250,38.91561588333333,-95.31790831666666,2025/Dec/17,11:40:41,311,480,386,5230,216150.3,55302,-98,-11,-70,7,5230,386,-11,-98,-67,
250,38.91561625,-95.3179054,2025/Dec/17,11:40:42,311,480,386,5230,216150.3,55302,-98,-12,-68,7,5230,386,-11,-98,-69,
250,38.915617,-95.31790518333334,2025/Dec/17,11:40:43,311,480,386,5230,216150.3,55302,-98,-12,-69,6,5230,386,-13,-98,-67,
250,38.915614766666664,-95.31791178333333,2025/Dec/17,11:40:44,311,480,386,5230,216150.3,55302,-98,-11,-70,8,5230,386,-11,-98,-70,
250,38.915611883333334,-95.31791623333334,2025/Dec/17,11:40:45,311,480,386,5230,216150.3,55302,-98,-11,-69,8,5230,386,-11,-98,-69,
250,38.91560938333333,-95.31791908333334,2025/Dec/17,11:40:46,311,480,386,5230,216150.3,55302,-98,-11,-69,8,5230,386,-11,-98,-71,
250,38.915608416666664,-95.3179211,2025/Dec/17,11:40:47,311,480,386,5230,216150.3,55302,-98,-12,-67,5,5230,386,-11,-98,-70,
250,38.91560798333333,-95.31792276666667,2025/Dec/17,11:40:48,311,480,386,5230,216150.3,55302,-98,-15,-66,6,5230,386,-13,-97,-66,
250,38.91560641666667,-95.31791465,2025/Dec/17,11:40:51,311,480,386,5230,216150.3,55302,-98,-13,-67,5,5230,386,-14,-98,-69,
250,38.91560706666667,-95.31791085,2025/Dec/17,11:40:54,311,480,386,5230,216150.3,55302,-98,-13,-66,3,5230,386,-14,-98,-68,
250,38.91560728333333,-95.31791028333333,2025/Dec/17,11:40:55,311,480,386,5230,216150.3,55302,-97,-11,-66,5,5230,386,-11,-97,-70,
250,38.9156073,-95.31791046666666,2025/Dec/17,11:40:56,311,480,386,5230,216150.3,55302,-97,-11,-69,5,5230,386,-11,-97,-70,
250,38.91560681666667,-95.31791231666666,2025/Dec/17,11:40:57,311,480,386,5230,216150.3,55302,-98,-10,-71,6,5230,386,-10,-98,-72,
250,38.91560641666667,-95.31791441666667,2025/Dec/17,11:40:58,311,480,386,5230,216150.3,55302,-98,-11,-67,4,5230,386,-11,-98,-70,
250,38.91560616666666,-95.3179159,2025/Dec/17,11:40:59,311,480,386,5230,216150.3,55302,-97,-13,-66,7,5230,386,-13,-97,-66,
250,38.91560603333333,-95.31791665,2025/Dec/17,11:41:00,311,480,386,5230,216150.3,55302,-98,-12,-71,4,5230,386,-11,-98,-71,
250,38.915605516666666,-95.31791836666666,2025/Dec/17,11:41:02,311,480,386,5230,216150.3,55302,-98,-11,-69,6,5230,386,-12,-98,-68,
250,38.91560725,-95.31791845,2025/Dec/17,11:41:03,311,480,386,5230,216150.3,55302,-97,-10,-71,5,5230,386,-10,-97,-67,
250,38.91560605,-95.31791905,2025/Dec/17,11:41:04,311,480,386,5230,216150.3,55302,-98,-10,-71,4,5230,386,-10,-98,-70,
250,38.91560488333333,-95.31792243333334,2025/Dec/17,11:41:05,311,480,386,5230,216150.3,55302,-97,-10,-70,4,5230,386,-10,-97,-71,
250,38.9156045,-95.31792366666667,2025/Dec/17,11:41:06,311,480,386,5230,216150.3,55302,-98,-10,-71,6,5230,386,-10,-98,-70,
250,38.915605416666665,-95.31792436666667,2025/Dec/17,11:41:07,311,480,386,5230,216150.3,55302,-98,-10,-70,6,5230,386,-11,-98,-71,
250,38.91560496666666,-95.31792496666667,2025/Dec/17,11:41:08,311,480,386,5230,216150.3,55302,-98,-10,-72,6,5230,386,-10,-98,-70,
250,38.915604450000004,-95.31792415,2025/Dec/17,11:41:09,311,480,386,5230,216150.3,55302,-98,-11,-69,5,5230,386,-11,-98,-70,
250,38.91560353333333,-95.31792458333334,2025/Dec/17,11:41:10,311,480,386,5230,216150.3,55302,-98,-11,-70,5,5230,386,-11,-98,-70,
250,38.91560285,-95.3179239,2025/Dec/17,11:41:11,311,480,386,5230,216150.3,55302,-98,-11,-69,5,5230,386,-11,-98,-70,
250,38.91560246666667,-95.3179239,2025/Dec/17,11:41:12,311,480,386,5230,216150.3,55302,-98,-11,-71,6,5230,386,-11,-98,-71,
250,38.9156023,-95.31792223333333,2025/Dec/17,11:41:14,311,480,386,5230,216150.3,55302,-98,-11,-69,6,5230,386,-11,-98,-69,
250,38.91560235,-95.31792166666666,2025/Dec/17,11:41:15,311,480,386,5230,216150.3,55302,-97,-11,-67,7,5230,386,-10,-97,-71,
250,38.91560246666667,-95.31792126666667,2025/Dec/17,11:41:16,311,480,386,5230,216150.3,55302,-98,-10,-71,6,5230,386,-10,-98,-71,
250,38.91560251666667,-95.31792113333333,2025/Dec/17,11:41:17,311,480,386,5230,216150.3,55302,-98,-9,-71,6,5230,386,-9,-98,-70,
250,38.91560236666667,-95.3179204,2025/Dec/17,11:41:18,311,480,386,5230,216150.3,55302,-98,-10,-70,7,5230,386,-10,-98,-71,
250,38.915604333333334,-95.31791963333333,2025/Dec/17,11:41:19,311,480,386,5230,216150.3,55302,-98,-9,-71,7,5230,386,-10,-98,-71,
250,38.915606933333336,-95.3179163,2025/Dec/17,11:41:22,311,480,386,5230,216150.3,55302,-98,-10,-67,4,5230,386,-10,-98,-71,
250,38.91560796666667,-95.31791496666666,2025/Dec/17,11:41:23,311,480,386,5230,216150.3,55302,-98,-10,-72,5,5230,386,-10,-98,-67,
250,38.91560728333333,-95.317917,2025/Dec/17,11:41:24,311,480,386,5230,216150.3,55302,-98,-11,-69,5,5230,386,-11,-98,-70,
250,38.9156074,-95.31791615,2025/Dec/17,11:41:26,311,480,386,5230,216150.3,55302,-98,-12,-70,7,5230,386,-12,-98,-70,
250,38.915607183333336,-95.31791678333333,2025/Dec/17,11:41:27,311,480,386,5230,216150.3,55302,-98,-14,-70,5,5230,386,-14,-99,-65,
250,38.915608166666665,-95.31791191666667,2025/Dec/17,11:41:28,311,480,386,5230,216150.3,55302,-98,-12,-70,4,5230,386,-12,-98,-69,
250,38.91560935,-95.31790928333334,2025/Dec/17,11:41:29,311,480,386,5230,216150.3,55302,-98,-14,-66,4,5230,386,-15,-98,-64,
250,38.9156103,-95.31790833333334,2025/Dec/17,11:41:30,311,480,386,5230,216150.3,55302,-98,-15,-65,5,5230,386,-15,-98,-69,
250,38.91561055,-95.3179077,2025/Dec/17,11:41:31,311,480,386,5230,216150.3,55302,-98,-14,-65,4,5230,386,-14,-98,-65,
250,38.91561026666667,-95.3179072,2025/Dec/17,11:41:32,311,480,386,5230,216150.3,55302,-98,-11,-69,4,5230,386,-11,-98,-70,
250,38.9156101,-95.31790693333333,2025/Dec/17,11:41:33,311,480,386,5230,216150.3,55302,-98,-12,-70,5,5230,386,-12,-98,-70,
250,38.91561001666667,-95.3179068,2025/Dec/17,11:41:34,311,480,386,5230,216150.3,55302,-99,-12,-71,6,5230,386,-12,-99,-66,
250,38.91561,-95.31790675,2025/Dec/17,11:41:35,311,480,386,5230,216150.3,55302,-98,-11,-71,7,5230,386,-12,-98,-66,
250,38.91561348333333,-95.31790743333333,2025/Dec/17,11:41:37,311,480,386,5230,216150.3,55302,-99,-16,-65,4,5230,386,-16,-99,-66,
250,38.915613183333335,-95.31790626666667,2025/Dec/17,11:41:38,311,480,386,5230,216150.3,55302,-100,-12,-73,3,5230,386,-11,-100,-72,
250,38.9156138,-95.31790596666667,2025/Dec/17,11:41:39,311,480,386,5230,216150.3,55302,-99,-11,-70,5,5230,386,-11,-99,-70,
250,38.9156154,-95.31790018333334,2025/Dec/17,11:41:40,311,480,386,5230,216150.3,55302,-98,-15,-65,6,5230,386,-16,-98,-65,
250,38.91561633333333,-95.3178962,2025/Dec/17,11:41:41,311,480,386,5230,216150.3,55302,-98,-15,-65,4,5230,386,-15,-98,-66,
250,38.9156168,-95.31789381666667,2025/Dec/17,11:41:42,311,480,386,5230,216150.3,55302,-98,-11,-68,3,5230,386,-12,-98,-66,
250,38.9156177,-95.31789318333334,2025/Dec/17,11:41:43,311,480,386,5230,216150.3,55302,-98,-11,-71,3,5230,386,-11,-98,-69,
250,38.91561775,-95.31789121666667,2025/Dec/17,11:41:44,311,480,386,5230,216150.3,55302,-98,-12,-70,5,5230,386,-14,-98,-64,
250,38.91561816666667,-95.31789005,2025/Dec/17,11:41:45,311,480,386,5230,216150.3,55302,-97,-13,-70,5,5230,386,-12,-97,-69,
250,38.91561896666666,-95.31789043333333,2025/Dec/17,11:41:46,311,480,386,5230,216150.3,55302,-97,-13,-65,6,5230,386,-13,-98,-68,
250,38.915619033333336,-95.31789123333333,2025/Dec/17,11:41:47,311,480,386,5230,216150.3,55302,-97,-13,-65,5,5230,386,-15,-97,-64,
250,38.91561851666667,-95.31789408333333,2025/Dec/17,11:41:51,311,480,386,5230,216150.3,55302,-97,-15,-64,5,5230,386,-16,-97,-63,
250,38.91561848333333,-95.31789426666667,2025/Dec/17,11:41:52,311,480,386,5230,216150.3,55302,-98,-13,-68,4,5230,386,-12,-97,-69,
250,38.91561845,-95.3178944,2025/Dec/17,11:41:53,311,480,386,5230,216150.3,55302,-98,-12,-68,6,5230,386,-12,-98,-69,
250,38.915618433333336,-95.31789445,2025/Dec/17,11:41:54,311,480,386,5230,216150.3,55302,-98,-15,-64,5,5230,386,-15,-97,-64,
250,38.91561836666666,-95.31789465,2025/Dec/17,11:41:55,311,480,386,5230,216150.3,55302,-98,-13,-69,6,5230,386,-13,-98,-68,
250,38.915616416666666,-95.31789755,2025/Dec/17,11:41:56,311,480,386,5230,216150.3,55302,-98,-12,-68,5,5230,386,-12,-98,-68,
250,38.91561528333333,-95.31790191666667,2025/Dec/17,11:41:57,311,480,386,5230,216150.3,55302,-98,-12,-68,6,5230,386,-12,-98,-66,
250,38.91561505,-95.31790426666667,2025/Dec/17,11:41:58,311,480,386,5230,216150.3,55302,-98,-14,-64,5,5230,386,-13,-98,-69,
250,38.91561303333334,-95.31790613333334,2025/Dec/17,11:41:59,311,480,386,5230,216150.3,55302,-97,-15,-63,6,5230,386,-12,-98,-71,
250,38.9156133,-95.31790826666666,2025/Dec/17,11:42:00,311,480,386,5230,216150.3,55302,-98,-11,-64,7,5230,386,-12,-97,-70,
250,38.915612616666664,-95.31790781666666,2025/Dec/17,11:42:02,311,480,386,5230,216150.3,55302,-99,-12,-71,4,5230,386,-12,-99,-70,5230,212,-20,-114,-81,
250,38.915611616666666,-95.31790951666666,2025/Dec/17,11:42:03,311,480,386,5230,216150.3,55302,-99,-12,-70,3,5230,386,-12,-99,-69,
250,38.91561376666667,-95.31791255,2025/Dec/17,11:42:05,311,480,386,5230,216150.3,55302,-98,-13,-65,6,5230,386,-13,-98,-66,
250,38.91561493333333,-95.31791835,2025/Dec/17,11:42:06,311,480,386,5230,216150.3,55302,-99,-15,-65,6,5230,386,-14,-98,-64,
250,38.9156156,-95.31791981666667,2025/Dec/17,11:42:07,311,480,386,5230,216150.3,55302,-98,-14,-66,8,5230,386,-14,-98,-66,
250,38.91561675,-95.31791983333333,2025/Dec/17,11:42:08,311,480,386,5230,216150.3,55302,-98,-12,-70,8,5230,386,-12,-98,-67,
250,38.91561721666667,-95.31791941666667,2025/Dec/17,11:42:09,311,480,386,5230,216150.3,55302,-97,-11,-64,7,5230,386,-13,-97,-64,
250,38.91561731666667,-95.31792068333333,2025/Dec/17,11:42:10,311,480,386,5230,216150.3,55302,-97,-16,-63,7,5230,386,-16,-97,-63,
250,38.915617266666665,-95.3179221,2025/Dec/17,11:42:11,311,480,386,5230,216150.3,55302,-97,-10,-70,7,5230,386,-10,-97,-69,
250,38.91561905,-95.31791736666666,2025/Dec/17,11:42:12,311,480,386,5230,216150.3,55302,-96,-12,-63,8,5230,386,-15,-96,-63,
250,38.91562091666667,-95.31790818333333,2025/Dec/17,11:42:14,311,480,386,5230,216150.3,55302,-97,-12,-68,7,5230,386,-11,-97,-69,
250,38.91562166666667,-95.31790663333334,2025/Dec/17,11:42:15,311,480,386,5230,216150.3,55302,-97,-10,-69,8,5230,386,-10,-97,-69,
250,38.91562226666667,-95.31790596666667,2025/Dec/17,11:42:16,311,480,386,5230,216150.3,55302,-98,-16,-68,4,5230,386,-11,-98,-69,
250,38.915621083333335,-95.3179083,2025/Dec/17,11:42:19,311,480,386,5230,216150.3,55302,-98,-11,-70,4,5230,386,-11,-98,-70,
250,38.915619633333336,-95.31790973333334,2025/Dec/17,11:42:20,311,480,386,5230,216150.3,55302,-98,-12,-68,2,5230,386,-12,-98,-68,
250,38.91561841666667,-95.31791095,2025/Dec/17,11:42:21,311,480,386,5230,216150.3,55302,-98,-16,-64,4,5230,386,-16,-98,-64,
250,38.915618583333334,-95.3179094,2025/Dec/17,11:42:22,311,480,386,5230,216150.3,55302,-98,-16,-64,2,5230,386,-16,-98,-70,
250,38.91561936666667,-95.31790665,2025/Dec/17,11:42:25,311,480,386,5230,216150.3,55302,-98,-12,-69,3,5230,386,-11,-98,-71,
250,38.91561825,-95.31790641666667,2025/Dec/17,11:42:26,311,480,386,5230,216150.3,55302,-98,-14,-67,4,5230,386,-14,-98,-66,
250,38.91561888333333,-95.31790451666667,2025/Dec/17,11:42:27,311,480,386,5230,216150.3,55302,-98,-15,-65,5,5230,386,-15,-98,-65,
250,38.9156192,-95.31790358333333,2025/Dec/17,11:42:28,311,480,386,5230,216150.3,55302,-98,-14,-66,3,5230,386,-14,-98,-67,
250,38.91561936666667,-95.31790318333333,2025/Dec/17,11:42:29,311,480,386,5230,216150.3,55302,-99,-12,-68,5,5230,386,-12,-99,-68,
250,38.915619666666665,-95.31790273333333,2025/Dec/17,11:42:31,311,480,386,5230,216150.3,55302,-99,-11,-72,4,5230,386,-11,-99,-72,
250,38.915619783333334,-95.31790266666667,2025/Dec/17,11:42:32,311,480,386,5230,216150.3,55302,-98,-16,-64,4,5230,386,-16,-98,-65,
250,38.91561968333333,-95.31790328333334,2025/Dec/17,11:42:33,311,480,386,5230,216150.3,55302,-98,-11,-70,3,5230,386,-11,-98,-70,
250,38.915619633333336,-95.31790358333333,2025/Dec/17,11:42:34,311,480,386,5230,216150.3,55302,-99,-16,-70,4,5230,386,-13,-99,-70,
250,38.91561961666667,-95.31790381666667,2025/Dec/17,11:42:37,311,480,386,5230,216150.3,55302,-99,-12,-70,4,5230,386,-12,-99,-70,
250,38.915619633333336,-95.31790381666667,2025/Dec/17,11:42:38,311,480,386,5230,216150.3,55302,-99,-11,-72,5,5230,386,-11,-99,-72,
250,38.91561968333333,-95.3179038,2025/Dec/17,11:42:39,311,480,386,5230,216150.3,55302,-99,-17,-67,6,5230,386,-16,-99,-64,
250,38.9156197,-95.3179038,2025/Dec/17,11:42:40,311,480,386,5230,216150.3,55302,-99,-11,-70,5,5230,386,-11,-99,-71,
250,38.91561973333334,-95.31790373333334,2025/Dec/17,11:42:41,311,480,386,5230,216150.3,55302,-98,-13,-69,5,5230,386,-13,-98,-70,
250,38.915619766666666,-95.31790366666667,2025/Dec/17,11:42:42,311,480,386,5230,216150.3,55302,-99,-14,-64,6,5230,386,-13,-99,-72,
250,38.915619783333334,-95.31790361666667,2025/Dec/17,11:42:44,311,480,386,5230,216150.3,55302,-99,-11,-70,4,5230,386,-17,-99,-63,
250,38.91561975,-95.31790366666667,2025/Dec/17,11:42:46,311,480,386,5230,216150.3,55302,-99,-11,-70,5,5230,386,-12,-99,-71,
250,38.9156197,-95.31790366666667,2025/Dec/17,11:42:48,311,480,386,5230,216150.3,55302,-99,-12,-69,5,5230,386,-14,-99,-63,
250,38.91561973333334,-95.31790368333333,2025/Dec/17,11:42:49,311,480,386,5230,216150.3,55302,-99,-17,-64,5,5230,386,-15,-99,-71,
250,38.91561971666667,-95.31790368333333,2025/Dec/17,11:42:51,311,480,386,5230,216150.3,55302,-99,-12,-69,3,5230,386,-12,-99,-69,
250,38.91561971666667,-95.3179037,2025/Dec/17,11:42:52,311,480,386,5230,216150.3,55302,-99,-14,-66,5,5230,386,-16,-99,-66,
250,38.91561971666667,-95.31790371666666,2025/Dec/17,11:42:53,311,480,386,5230,216150.3,55302,-99,-17,-64,4,5230,386,-16,-99,-71,
250,38.91561971666667,-95.31790371666666,2025/Dec/17,11:42:55,311,480,386,5230,216150.3,55302,-98,-11,-72,5,5230,386,-11,-98,-69,
250,38.9156197,-95.31790373333334,2025/Dec/17,11:42:56,311,480,386,5230,216150.3,55302,-99,-16,-64,4,5230,386,-17,-99,-64,
250,38.91561968333333,-95.31790376666666,2025/Dec/17,11:42:57,311,480,386,5230,216150.3,55302,-100,-15,-68,3,5230,386,-13,-100,-71,
250,38.915619666666665,-95.31790378333334,2025/Dec/17,11:42:58,311,480,386,5230,216150.3,55302,-100,-12,-72,3,5230,386,-12,-100,-70,
250,38.91561968333333,-95.31790381666667,2025/Dec/17,11:42:59,311,480,386,5230,216150.3,55302,-100,-12,-65,5,5230,386,-15,-100,-66,
250,38.915619666666665,-95.31790385,2025/Dec/17,11:43:01,311,480,386,5230,216150.3,55302,-99,-16,-65,4,5230,386,-16,-99,-65,
250,38.915619666666665,-95.31790381666667,2025/Dec/17,11:43:02,311,480,386,5230,216150.3,55302,-99,-11,-72,4,5230,386,-11,-99,-68,
250,38.91561965,-95.31790381666667,2025/Dec/17,11:43:03,311,480,386,5230,216150.3,55302,-100,-12,-72,4,5230,386,-13,-100,-65,
250,38.915619633333336,-95.3179038,2025/Dec/17,11:43:04,311,480,386,5230,216150.3,55302,-100,-12,-71,6,5230,386,-13,-100,-72,
250,38.91561961666667,-95.3179038,2025/Dec/17,11:43:06,311,480,386,5230,216150.3,55302,-100,-12,-69,4,5230,386,-12,-100,-68,
250,38.91561961666667,-95.31790378333334,2025/Dec/17,11:43:07,311,480,386,5230,216150.3,55302,-100,-11,-72,5,5230,386,-11,-100,-71,
250,38.9156196,-95.31790376666666,2025/Dec/17,11:43:08,311,480,386,5230,216150.3,55302,-99,-15,-64,6,5230,386,-16,-99,-65,
250,38.91561958333333,-95.31790375,2025/Dec/17,11:43:09,311,480,386,5230,216150.3,55302,-99,-17,-64,6,5230,386,-16,-100,-71,
250,38.91561956666666,-95.31790373333334,2025/Dec/17,11:43:10,311,480,386,5230,216150.3,55302,-99,-10,-71,4,5230,386,-14,-98,-64,
250,38.91561955,-95.31790371666666,2025/Dec/17,11:43:11,311,480,386,5230,216150.3,55302,-99,-13,-72,8,5230,386,-13,-99,-67,
250,38.9156195,-95.31790375,2025/Dec/17,11:43:15,311,480,386,5230,216150.3,55302,-100,-17,-65,6,5230,386,-17,-100,-64,
250,38.91561948333333,-95.31790376666666,2025/Dec/17,11:43:17,311,480,386,5230,216150.3,55302,-100,-11,-72,7,5230,386,-11,-100,-69,
250,38.91561946666667,-95.31790373333334,2025/Dec/17,11:43:18,311,480,386,5230,216150.3,55302,-98,-14,-64,3,5230,386,-16,-98,-64,
250,38.91561946666667,-95.31790373333334,2025/Dec/17,11:43:19,311,480,386,5230,216150.3,55302,-99,-17,-64,5,5230,386,-15,-99,-71,
250,38.91561946666667,-95.31790373333334,2025/Dec/17,11:43:20,311,480,386,5230,216150.3,55302,-99,-17,-64,5,5230,386,-17,-99,-66,
250,38.91561946666667,-95.31790373333334,2025/Dec/17,11:43:24,311,480,386,5230,216150.3,55302,-99,-11,-68,7,5230,386,-10,-99,-71,
250,38.915619183333334,-95.31790428333333,2025/Dec/17,11:43:25,311,480,386,5230,216150.3,55302,-100,-12,-72,5,5230,386,-12,-101,-71,
250,38.91561901666667,-95.31790456666667,2025/Dec/17,11:43:26,311,480,386,5230,216150.3,55302,-100,-12,-71,6,5230,386,-13,-100,-72,
250,38.915618916666666,-95.31790481666667,2025/Dec/17,11:43:28,311,480,386,5230,216150.3,55302,-99,-11,-68,8,5230,386,-11,-99,-72,
250,38.9156189,-95.31790486666667,2025/Dec/17,11:43:29,311,480,386,5230,216150.3,55302,-98,-12,-63,9,5230,386,-15,-98,-65,
250,38.9156189,-95.3179049,2025/Dec/17,11:43:30,311,480,386,5230,216150.3,55302,-99,-16,-66,8,5230,386,-17,-99,-65,
250,38.9156189,-95.31790491666666,2025/Dec/17,11:43:32,311,480,386,5230,216150.3,55302,-100,-11,-72,7,5230,386,-11,-100,-72,
250,38.91561886666667,-95.31790495,2025/Dec/17,11:43:33,311,480,386,5230,216150.3,55302,-99,-13,-68,6,5230,386,-13,-99,-69,
250,38.9156188,-95.31790493333334,2025/Dec/17,11:43:36,311,480,386,5230,216150.3,55302,-100,-11,-73,6,5230,386,-11,-100,-73,
250,38.9156188,-95.31790491666666,2025/Dec/17,11:43:38,311,480,386,5230,216150.3,55302,-99,-16,-64,5,5230,386,-16,-98,-64,
250,38.9156188,-95.31790493333334,2025/Dec/17,11:43:39,311,480,386,5230,216150.3,55302,-98,-11,-72,5,5230,386,-11,-98,-72,
250,38.9156188,-95.31790491666666,2025/Dec/17,11:43:40,311,480,386,5230,216150.3,55302,-98,-10,-72,6,5230,386,-11,-99,-70,
250,38.91561971666667,-95.31790256666666,2025/Dec/17,11:43:43,311,480,386,5230,216150.3,55302,-98,-10,-71,6,5230,386,-10,-98,-71,
250,38.91561981666667,-95.31790228333334,2025/Dec/17,11:43:45,311,480,386,5230,216150.3,55302,-98,-10,-71,6,5230,386,-11,-100,-71,
250,38.91561965,-95.31790265,2025/Dec/17,11:43:47,311,480,386,5230,216150.3,55302,-99,-12,-70,5,5230,386,-12,-99,-71,
250,38.91561955,-95.31790286666667,2025/Dec/17,11:43:48,311,480,386,5230,216150.3,55302,-99,-12,-70,5,5230,386,-12,-99,-70,
250,38.9156195,-95.31790301666666,2025/Dec/17,11:43:50,311,480,386,5230,216150.3,55302,-100,-13,-70,6,5230,386,-13,-100,-70,
250,38.9156195,-95.31790301666666,2025/Dec/17,11:43:51,311,480,386,5230,216150.3,55302,-99,-13,-66,5,5230,386,-13,-99,-71,5230,336,-20,-114,-82,
250,38.9156195,-95.31790301666666,2025/Dec/17,11:43:52,311,480,386,5230,216150.3,55302,-99,-10,-71,4,5230,386,-10,-99,-71,
250,38.9156195,-95.31790301666666,2025/Dec/17,11:43:53,311,480,386,5230,216150.3,55302,-99,-12,-69,4,5230,386,-12,-99,-70,
250,38.91562,-95.31790168333333,2025/Dec/17,11:43:54,311,480,386,5230,216150.3,55302,-100,-12,-69,4,5230,386,-12,-100,-71,
250,38.91562025,-95.31790101666667,2025/Dec/17,11:43:55,311,480,386,5230,216150.3,55302,-100,-13,-69,3,5230,386,-13,-100,-70,
250,38.91562043333333,-95.3179005,2025/Dec/17,11:43:57,311,480,386,5230,216150.3,55302,-100,-12,-70,5,5230,386,-12,-100,-71,
250,38.915620483333335,-95.31790036666666,2025/Dec/17,11:43:59,311,480,386,5230,216150.3,55302,-99,-11,-71,4,5230,386,-11,-99,-68,
250,38.9156205,-95.31790035,2025/Dec/17,11:44:00,311,480,386,5230,216150.3,55302,-99,-12,-70,5,5230,386,-12,-99,-69,
250,38.91562053333333,-95.3179003,2025/Dec/17,11:44:01,311,480,386,5230,216150.3,55302,-99,-12,-68,4,5230,386,-13,-99,-67,
250,38.91562025,-95.31790098333333,2025/Dec/17,11:44:02,311,480,386,5230,216150.3,55302,-100,-13,-68,5,5230,386,-13,-100,-71,
250,38.91562005,-95.3179015,2025/Dec/17,11:44:04,311,480,386,5230,216150.3,55302,-99,-11,-70,5,5230,386,-12,-99,-67,
250,38.91562003333333,-95.31790155,2025/Dec/17,11:44:05,311,480,386,5230,216150.3,55302,-99,-11,-71,5,5230,386,-12,-99,-71,
250,38.91562003333333,-95.31790158333334,2025/Dec/17,11:44:06,311,480,386,5230,216150.3,55302,-99,-11,-71,4,5230,386,-11,-99,-71,
250,38.91562003333333,-95.31790158333334,2025/Dec/17,11:44:07,311,480,386,5230,216150.3,55302,-99,-12,-68,4,5230,386,-12,-99,-70,
250,38.91561973333334,-95.31790228333334,2025/Dec/17,11:44:08,311,480,386,5230,216150.3,55302,-99,-11,-71,6,5230,386,-11,-99,-72,
250,38.91561943333333,-95.31790298333334,2025/Dec/17,11:44:13,311,480,386,5230,216150.3,55302,-99,-10,-72,3,5230,386,-10,-99,-71,
250,38.91561945,-95.317903,2025/Dec/17,11:44:14,311,480,386,5230,216150.3,55302,-99,-12,-71,4,5230,386,-12,-99,-70,
250,38.91561958333333,-95.31790271666667,2025/Dec/17,11:44:16,311,480,386,5230,216150.3,55302,-99,-11,-71,6,5230,386,-10,-99,-72,
250,38.915619666666665,-95.31790258333334,2025/Dec/17,11:44:17,311,480,386,5230,216150.3,55302,-98,-10,-72,4,5230,386,-10,-99,-71,
250,38.9156197,-95.31790251666666,2025/Dec/17,11:44:18,311,480,386,5230,216150.3,55302,-99,-10,-72,6,5230,386,-10,-99,-72,
250,38.91561971666667,-95.31790246666667,2025/Dec/17,11:44:19,311,480,386,5230,216150.3,55302,-99,-11,-70,5,5230,386,-11,-99,-70,
250,38.91561971666667,-95.31790245,2025/Dec/17,11:44:21,311,480,386,5230,216150.3,55302,-98,-10,-70,9,5230,386,-9,-98,-72,
250,38.91561971666667,-95.31790238333333,2025/Dec/17,11:44:23,311,480,386,5230,216150.3,55302,-98,-9,-70,9,5230,386,-9,-98,-71,
250,38.91561973333334,-95.31790236666667,2025/Dec/17,11:44:24,311,480,386,5230,216150.3,55302,-98,-9,-72,9,5230,386,-9,-98,-72,
250,38.91561975,-95.31790233333334,2025/Dec/17,11:44:26,311,480,386,5230,216150.3,55302,-98,-11,-66,8,5230,386,-11,-99,-72,
250,38.915619766666666,-95.3179023,2025/Dec/17,11:44:27,311,480,386,5230,216150.3,55302,-99,-11,-71,5,5230,386,-11,-99,-71,
250,38.915619766666666,-95.3179023,2025/Dec/17,11:44:28,311,480,386,5230,216150.3,55302,-98,-10,-71,6,5230,386,-10,-98,-71,
250,38.915619783333334,-95.31790228333334,2025/Dec/17,11:44:29,311,480,386,5230,216150.3,55302,-98,-11,-71,5,5230,386,-11,-98,-70,
250,38.915619766666666,-95.31790226666666,2025/Dec/17,11:44:30,311,480,386,5230,216150.3,55302,-99,-11,-71,6,5230,386,-11,-99,-71,
250,38.915619783333334,-95.31790226666666,2025/Dec/17,11:44:31,311,480,386,5230,216150.3,55302,-99,-11,-71,7,5230,386,-12,-99,-71,
250,38.915619783333334,-95.31790226666666,2025/Dec/17,11:44:32,311,480,386,5230,216150.3,55302,-99,-12,-71,5,5230,386,-11,-99,-72,5230,212,-20,-121,-84,
250,38.9156198,-95.31790225,2025/Dec/17,11:44:33,311,480,386,5230,216150.3,55302,-98,-11,-69,8,5230,386,-11,-98,-70,
250,38.9156198,-95.31790225,2025/Dec/17,11:44:34,311,480,386,5230,216150.3,55302,-98,-11,-70,8,5230,386,-10,-98,-71,
250,38.9156198,-95.31790225,2025/Dec/17,11:44:35,311,480,386,5230,216150.3,55302,-98,-10,-70,9,5230,386,-10,-98,-71,
250,38.91561981666667,-95.31790225,2025/Dec/17,11:44:36,311,480,386,5230,216150.3,55302,-101,-12,-71,7,5230,386,-12,-101,-71,
250,38.91562003333333,-95.31789866666666,2025/Dec/17,11:44:37,311,480,386,5230,216150.3,55302,-104,-16,-72,7,5230,386,-15,-104,-71,5230,203,-20,-111,-84,
250,38.915619033333336,-95.31789238333333,2025/Dec/17,11:44:38,311,480,386,5230,216150.3,55302,-103,-14,-71,7,5230,386,-14,-103,-72,5230,203,-19,-111,-84,
250,38.91561166666666,-95.31788761666667,2025/Dec/17,11:44:41,311,480,386,5230,216150.3,55302,-103,-15,-70,8,5230,386,-14,-103,-72,5230,203,-20,-112,-84,5230,212,-20,-120,-84,
250,38.91561195,-95.3178929,2025/Dec/17,11:44:42,311,480,386,5230,216150.3,55302,-103,-13,-74,8,5230,386,-13,-103,-73,5230,203,-19,-112,-85,
250,38.91561263333333,-95.31790211666667,2025/Dec/17,11:44:43,311,480,386,5230,216150.3,55302,-102,-13,-72,7,5230,386,-13,-102,-72,5230,203,-20,-112,-84,
250,38.915609366666665,-95.31790716666667,2025/Dec/17,11:44:44,311,480,386,5230,216150.3,55302,-100,-14,-69,7,5230,386,-14,-100,-69,
250,38.915607933333334,-95.31789913333333,2025/Dec/17,11:44:45,311,480,386,5230,216150.3,55302,-100,-18,-59,4,5230,386,-19,-101,-60,5230,203,-20,-101,-73,
250,38.91561191666667,-95.31786916666667,2025/Dec/17,11:44:47,311,480,386,5230,216150.3,55302,-99,-17,-66,4,5230,386,-18,-98,-65,5230,203,-19,-96,-65,
250,38.91561816666667,-95.31785283333333,2025/Dec/17,11:44:48,311,480,386,5230,216150.3,55302,-100,-15,-70,6,5230,386,-14,-100,-70,
250,38.91562316666667,-95.317848,2025/Dec/17,11:44:49,311,480,386,5230,216150.3,55302,-100,-14,-70,7,5230,386,-13,-100,-70,
250,38.91563265,-95.317847,2025/Dec/17,11:44:50,311,480,386,5230,216150.3,55302,-100,-16,-68,7,5230,386,-16,-101,-67,
250,38.91563311666667,-95.31784721666666,2025/Dec/17,11:44:51,311,480,386,5230,216150.3,55302,-99,-16,-66,9,5230,386,-16,-99,-65,
250,38.91562745,-95.31784535,2025/Dec/17,11:44:52,311,480,386,5230,216150.3,55302,-98,-12,-69,8,5230,386,-12,-99,-69,
250,38.91561665,-95.31784305,2025/Dec/17,11:44:53,311,480,386,5230,216150.3,55302,-100,-15,-66,9,5230,386,-14,-100,-65,
250,38.91561085,-95.31784081666666,2025/Dec/17,11:44:54,311,480,386,5230,216150.3,55302,-100,-16,-66,6,5230,386,-15,-100,-73,
250,38.9156092,-95.31783196666666,2025/Dec/17,11:44:55,311,480,386,5230,216150.3,55302,-100,-13,-70,4,5230,386,-13,-101,-72,
250,38.91560878333333,-95.31782555,2025/Dec/17,11:44:56,311,480,386,5230,216150.3,55302,-100,-14,-68,4,5230,386,-15,-101,-68,
250,38.915605916666664,-95.31782411666667,2025/Dec/17,11:44:57,311,480,386,5230,216150.3,55302,-99,-17,-65,5,5230,386,-17,-99,-65,
250,38.915596,-95.31782738333334,2025/Dec/17,11:44:58,311,480,386,5230,216150.3,55302,-101,-14,-71,4,5230,386,-14,-101,-71,
250,38.91558463333333,-95.31784325,2025/Dec/17,11:45:01,311,480,386,5230,216150.3,55302,-101,-15,-67,4,5230,386,-16,-101,-66,
250,38.91558318333333,-95.31784296666666,2025/Dec/17,11:45:02,311,480,386,5230,216150.3,55302,-99,-17,-64,5,5230,386,-15,-98,-70,
250,38.9155823,-95.31784591666667,2025/Dec/17,11:45:03,311,480,386,5230,216150.3,55302,-99,-11,-71,5,5230,386,-11,-98,-70,
250,38.91558053333333,-95.31784966666666,2025/Dec/17,11:45:04,311,480,386,5230,216150.3,55302,-99,-13,-66,6,5230,386,-14,-99,-69,
250,38.9155847,-95.31785348333334,2025/Dec/17,11:45:05,311,480,386,5230,216150.3,55302,-98,-14,-68,7,5230,386,-14,-98,-66,
250,38.91559053333334,-95.31785455,2025/Dec/17,11:45:06,311,480,386,5230,216150.3,55302,-99,-12,-70,5,5230,386,-14,-99,-70,
250,38.91559595,-95.31785056666666,2025/Dec/17,11:45:09,311,480,386,5230,216150.3,55302,-99,-12,-69,8,5230,386,-12,-99,-71,
250,38.915597883333334,-95.31785396666666,2025/Dec/17,11:45:10,311,480,386,5230,216150.3,55302,-99,-11,-71,7,5230,386,-11,-98,-69,
250,38.91559886666667,-95.31785566666667,2025/Dec/17,11:45:11,311,480,386,5230,216150.3,55302,-98,-17,-64,6,5230,386,-14,-98,-69,
250,38.915599666666665,-95.31783828333333,2025/Dec/17,11:45:13,311,480,386,5230,216150.3,55302,-98,-12,-65,6,5230,386,-13,-98,-65,
240,38.91560225,-95.31783888333334,2025/Dec/17,11:45:16,311,480,386,5230,216150.3,55302,-98,-16,-64,6,5230,386,-16,-98,-64,
250,38.915601233333334,-95.3178474,2025/Dec/17,11:45:17,311,480,386,5230,216150.3,55302,-98,-11,-72,8,5230,386,-11,-98,-70,
240,38.915602033333336,-95.31785196666667,2025/Dec/17,11:45:18,311,480,386,5230,216150.3,55302,-96,-17,-62,5,5230,386,-17,-96,-62,5230,203,-20,-101,-72,
250,38.91560166666667,-95.31785965,2025/Dec/17,11:45:19,311,480,386,5230,216150.3,55302,-96,-16,-67,6,5230,386,-15,-98,-67,5230,203,-18,-102,-79,
250,38.9156015,-95.3178635,2025/Dec/17,11:45:20,311,480,386,5230,216150.3,55302,-99,-15,-65,6,5230,386,-16,-99,-65,5230,203,-20,-106,-79,
250,38.915602766666666,-95.31786458333333,2025/Dec/17,11:45:22,311,480,386,5230,216150.3,55302,-99,-13,-66,5,5230,386,-12,-98,-65,
250,38.915601816666666,-95.3178662,2025/Dec/17,11:45:24,311,480,386,5230,216150.3,55302,-99,-12,-70,6,5230,386,-12,-99,-69,
250,38.915598683333336,-95.31786343333333,2025/Dec/17,11:45:25,311,480,386,5230,216150.3,55302,-99,-16,-65,4,5230,386,-16,-99,-65,
250,38.915597383333335,-95.31786078333333,2025/Dec/17,11:45:27,311,480,386,5230,216150.3,55302,-98,-12,-70,5,5230,386,-12,-98,-70,
250,38.91559581666667,-95.31785893333333,2025/Dec/17,11:45:28,311,480,386,5230,216150.3,55302,-98,-15,-64,5,5230,386,-17,-99,-64,
250,38.915594883333334,-95.31785908333333,2025/Dec/17,11:45:29,311,480,386,5230,216150.3,55302,-99,-15,-71,6,5230,386,-13,-99,-71,
250,38.915595016666664,-95.3178622,2025/Dec/17,11:45:31,311,480,386,5230,216150.3,55302,-99,-12,-71,6,5230,386,-12,-99,-68,5230,203,-18,-108,-82,
250,38.91559663333334,-95.3178615,2025/Dec/17,11:45:32,311,480,386,5230,216150.3,55302,-99,-16,-65,5,5230,386,-15,-99,-67,
250,38.915598216666666,-95.31786085,2025/Dec/17,11:45:33,311,480,386,5230,216150.3,55302,-99,-13,-69,3,5230,386,-14,-98,-65,5230,203,-20,-108,-76,
250,38.91559831666667,-95.3178609,2025/Dec/17,11:45:37,311,480,386,5230,216150.3,55302,-98,-14,-66,6,5230,386,-14,-98,-68,
250,38.91559725,-95.31786518333334,2025/Dec/17,11:45:38,311,480,386,5230,216150.3,55302,-98,-11,-71,2,5230,386,-12,-99,-69,
250,38.91559866666667,-95.31787316666667,2025/Dec/17,11:45:39,311,480,386,5230,216150.3,55302,-99,-14,-69,5,5230,386,-13,-99,-67,
250,38.91559983333333,-95.31787346666667,2025/Dec/17,11:45:40,311,480,386,5230,216150.3,55302,-99,-14,-63,6,5230,386,-15,-98,-64,5230,203,-15,-97,-74,
250,38.9156004,-95.31787361666667,2025/Dec/17,11:45:41,311,480,386,5230,216150.3,55302,-96,-18,-60,6,5230,386,-18,-97,-62,5230,203,-18,-98,-70,
250,38.91560213333333,-95.31787396666667,2025/Dec/17,11:45:42,311,480,386,5230,216150.3,55302,-96,-18,-60,6,5230,386,-18,-96,-60,5230,203,-18,-97,-71,
250,38.915603,-95.31787415,2025/Dec/17,11:45:43,311,480,386,5230,216150.3,55302,-96,-14,-66,5,5230,386,-16,-96,-60,
250,38.915608166666665,-95.31787515,2025/Dec/17,11:45:46,311,480,386,5230,216150.3,55302,-98,-13,-68,7,5230,386,-13,-98,-69,5230,203,-17,-105,-80,
250,38.9156099,-95.31787421666667,2025/Dec/17,11:45:47,311,480,386,5230,216150.3,55302,-98,-12,-68,7,5230,386,-12,-98,-68,5230,203,-17,-106,-80,
240,38.915609966666665,-95.31787308333334,2025/Dec/17,11:45:49,311,480,386,5230,216150.3,55302,-99,-12,-71,8,5230,386,-12,-99,-70,
250,38.91560765,-95.31787395,2025/Dec/17,11:45:50,311,480,386,5230,216150.3,55302,-99,-12,-71,6,5230,386,-11,-100,-72,
250,38.9156052,-95.31786978333334,2025/Dec/17,11:45:52,311,480,386,5230,216150.3,55302,-100,-13,-62,7,5230,386,-15,-102,-70,5230,203,-20,-113,-83,
250,38.9155991,-95.31786248333333,2025/Dec/17,11:45:53,311,480,386,5230,216150.3,55302,-102,-14,-70,3,5230,386,-14,-102,-71,
250,38.91559735,-95.31785968333334,2025/Dec/17,11:45:54,311,480,386,5230,216150.3,55302,-99,-12,-69,10,5230,386,-12,-99,-69,
240,38.91559673333333,-95.3178546,2025/Dec/17,11:45:55,311,480,386,5230,216150.3,55302,-100,-12,-71,9,5230,386,-12,-100,-71,
250,38.915596416666666,-95.31785206666666,2025/Dec/17,11:45:56,311,480,386,5230,216150.3,55302,-100,-12,-70,8,5230,386,-12,-100,-71,
250,38.915597149999996,-95.31785095,2025/Dec/17,11:45:58,311,480,386,5230,216150.3,55302,-100,-11,-72,10,5230,386,-11,-99,-69,
250,38.91559815,-95.31785103333333,2025/Dec/17,11:45:59,311,480,386,5230,216150.3,55302,-99,-11,-72,8,5230,386,-11,-100,-72,
250,38.91559975,-95.31784925,2025/Dec/17,11:46:00,311,480,386,5230,216150.3,55302,-99,-10,-72,8,5230,386,-10,-99,-73,
250,38.915601816666666,-95.31784621666667,2025/Dec/17,11:46:01,311,480,386,5230,216150.3,55302,-99,-10,-71,7,5230,386,-10,-98,-73,
250,38.91560115,-95.31784518333333,2025/Dec/17,11:46:02,311,480,386,5230,216150.3,55302,-99,-10,-73,8,5230,386,-11,-99,-71,
250,38.91560165,-95.31784401666667,2025/Dec/17,11:46:05,311,480,386,5230,216150.3,55302,-99,-11,-72,9,5230,386,-11,-99,-70,
240,38.91560208333333,-95.31783748333334,2025/Dec/17,11:46:06,311,480,386,5230,216150.3,55302,-98,-11,-66,8,5230,386,-14,-98,-67,
240,38.91560823333333,-95.31781856666667,2025/Dec/17,11:46:09,311,480,386,5230,216150.3,55302,-99,-11,-70,7,5230,386,-11,-99,-71,
240,38.91560453333334,-95.3178174,2025/Dec/17,11:46:10,311,480,386,5230,216150.3,55302,-99,-12,-71,6,5230,386,-11,-98,-71,
240,38.91560131666667,-95.3178152,2025/Dec/17,11:46:11,311,480,386,5230,216150.3,55302,-98,-11,-71,7,5230,386,-11,-98,-70,
240,38.915597416666664,-95.31781241666667,2025/Dec/17,11:46:13,311,480,386,5230,216150.3,55302,-98,-10,-71,7,5230,386,-10,-98,-71,
240,38.9155982,-95.31780905,2025/Dec/17,11:46:15,311,480,386,5230,216150.3,55302,-98,-10,-71,5,5230,386,-9,-98,-71,
240,38.91559711666667,-95.31781201666666,2025/Dec/17,11:46:16,311,480,386,5230,216150.3,55302,-98,-11,-72,8,5230,386,-10,-98,-72,
240,38.9155971,-95.31781413333333,2025/Dec/17,11:46:17,311,480,386,5230,216150.3,55302,-98,-12,-68,7,5230,386,-12,-99,-67,5230,203,-17,-107,-82,
240,38.915598116666665,-95.31781441666666,2025/Dec/17,11:46:18,